claim_id,split,claim_class,image_filename,image_path
CLM-1156,train,Valid Claim,CLM-1156_v1.png,dataset\cards\train\valid\CLM-1156_v1.png
CLM-1156,train,Valid Claim,CLM-1156_v2.png,dataset\cards\train\valid\CLM-1156_v2.png
CLM-0628,train,Valid Claim,CLM-0628_v1.png,dataset\cards\train\valid\CLM-0628_v1.png
CLM-0628,train,Valid Claim,CLM-0628_v2.png,dataset\cards\train\valid\CLM-0628_v2.png
CLM-0121,train,Valid Claim,CLM-0121_v1.png,dataset\cards\train\valid\CLM-0121_v1.png
CLM-0121,train,Valid Claim,CLM-0121_v2.png,dataset\cards\train\valid\CLM-0121_v2.png
CLM-1088,train,Valid Claim,CLM-1088_v1.png,dataset\cards\train\valid\CLM-1088_v1.png
CLM-1088,train,Valid Claim,CLM-1088_v2.png,dataset\cards\train\valid\CLM-1088_v2.png
CLM-0545,train,Valid Claim,CLM-0545_v1.png,dataset\cards\train\valid\CLM-0545_v1.png
CLM-0545,train,Valid Claim,CLM-0545_v2.png,dataset\cards\train\valid\CLM-0545_v2.png
CLM-0004,train,Valid Claim,CLM-0004_v1.png,dataset\cards\train\valid\CLM-0004_v1.png
CLM-0004,train,Valid Claim,CLM-0004_v2.png,dataset\cards\train\valid\CLM-0004_v2.png
CLM-0117,train,Valid Claim,CLM-0117_v1.png,dataset\cards\train\valid\CLM-0117_v1.png
CLM-0117,train,Valid Claim,CLM-0117_v2.png,dataset\cards\train\valid\CLM-0117_v2.png
CLM-1009,train,Valid Claim,CLM-1009_v1.png,dataset\cards\train\valid\CLM-1009_v1.png
CLM-1009,train,Valid Claim,CLM-1009_v2.png,dataset\cards\train\valid\CLM-1009_v2.png
CLM-0573,train,Valid Claim,CLM-0573_v1.png,dataset\cards\train\valid\CLM-0573_v1.png
CLM-0573,train,Valid Claim,CLM-0573_v2.png,dataset\cards\train\valid\CLM-0573_v2.png
CLM-0646,train,Valid Claim,CLM-0646_v1.png,dataset\cards\train\valid\CLM-0646_v1.png
CLM-0646,train,Valid Claim,CLM-0646_v2.png,dataset\cards\train\valid\CLM-0646_v2.png
CLM-0570,train,Valid Claim,CLM-0570_v1.png,dataset\cards\train\valid\CLM-0570_v1.png
CLM-0570,train,Valid Claim,CLM-0570_v2.png,dataset\cards\train\valid\CLM-0570_v2.png
CLM-0532,train,Valid Claim,CLM-0532_v1.png,dataset\cards\train\valid\CLM-0532_v1.png
CLM-0532,train,Valid Claim,CLM-0532_v2.png,dataset\cards\train\valid\CLM-0532_v2.png
CLM-0662,train,Valid Claim,CLM-0662_v1.png,dataset\cards\train\valid\CLM-0662_v1.png
CLM-0662,train,Valid Claim,CLM-0662_v2.png,dataset\cards\train\valid\CLM-0662_v2.png
CLM-0528,train,Valid Claim,CLM-0528_v1.png,dataset\cards\train\valid\CLM-0528_v1.png
CLM-0528,train,Valid Claim,CLM-0528_v2.png,dataset\cards\train\valid\CLM-0528_v2.png
CLM-0508,train,Valid Claim,CLM-0508_v1.png,dataset\cards\train\valid\CLM-0508_v1.png
CLM-0508,train,Valid Claim,CLM-0508_v2.png,dataset\cards\train\valid\CLM-0508_v2.png
CLM-0035,train,Valid Claim,CLM-0035_v1.png,dataset\cards\train\valid\CLM-0035_v1.png
CLM-0035,train,Valid Claim,CLM-0035_v2.png,dataset\cards\train\valid\CLM-0035_v2.png
CLM-0059,train,Valid Claim,CLM-0059_v1.png,dataset\cards\train\valid\CLM-0059_v1.png
CLM-0059,train,Valid Claim,CLM-0059_v2.png,dataset\cards\train\valid\CLM-0059_v2.png
CLM-0667,train,Valid Claim,CLM-0667_v1.png,dataset\cards\train\valid\CLM-0667_v1.png
CLM-0667,train,Valid Claim,CLM-0667_v2.png,dataset\cards\train\valid\CLM-0667_v2.png
CLM-1025,train,Valid Claim,CLM-1025_v1.png,dataset\cards\train\valid\CLM-1025_v1.png
CLM-1025,train,Valid Claim,CLM-1025_v2.png,dataset\cards\train\valid\CLM-1025_v2.png
CLM-0142,train,Valid Claim,CLM-0142_v1.png,dataset\cards\train\valid\CLM-0142_v1.png
CLM-0142,train,Valid Claim,CLM-0142_v2.png,dataset\cards\train\valid\CLM-0142_v2.png
CLM-0093,train,Valid Claim,CLM-0093_v1.png,dataset\cards\train\valid\CLM-0093_v1.png
CLM-0093,train,Valid Claim,CLM-0093_v2.png,dataset\cards\train\valid\CLM-0093_v2.png
CLM-1098,train,Valid Claim,CLM-1098_v1.png,dataset\cards\train\valid\CLM-1098_v1.png
CLM-1098,train,Valid Claim,CLM-1098_v2.png,dataset\cards\train\valid\CLM-1098_v2.png
CLM-1106,train,Valid Claim,CLM-1106_v1.png,dataset\cards\train\valid\CLM-1106_v1.png
CLM-1106,train,Valid Claim,CLM-1106_v2.png,dataset\cards\train\valid\CLM-1106_v2.png
CLM-0096,train,Valid Claim,CLM-0096_v1.png,dataset\cards\train\valid\CLM-0096_v1.png
CLM-0096,train,Valid Claim,CLM-0096_v2.png,dataset\cards\train\valid\CLM-0096_v2.png
CLM-0558,train,Valid Claim,CLM-0558_v1.png,dataset\cards\train\valid\CLM-0558_v1.png
CLM-0558,train,Valid Claim,CLM-0558_v2.png,dataset\cards\train\valid\CLM-0558_v2.png
CLM-0530,train,Valid Claim,CLM-0530_v1.png,dataset\cards\train\valid\CLM-0530_v1.png
CLM-0530,train,Valid Claim,CLM-0530_v2.png,dataset\cards\train\valid\CLM-0530_v2.png
CLM-0089,train,Valid Claim,CLM-0089_v1.png,dataset\cards\train\valid\CLM-0089_v1.png
CLM-0089,train,Valid Claim,CLM-0089_v2.png,dataset\cards\train\valid\CLM-0089_v2.png
CLM-1037,train,Valid Claim,CLM-1037_v1.png,dataset\cards\train\valid\CLM-1037_v1.png
CLM-1037,train,Valid Claim,CLM-1037_v2.png,dataset\cards\train\valid\CLM-1037_v2.png
CLM-0057,train,Valid Claim,CLM-0057_v1.png,dataset\cards\train\valid\CLM-0057_v1.png
CLM-0057,train,Valid Claim,CLM-0057_v2.png,dataset\cards\train\valid\CLM-0057_v2.png
CLM-1122,train,Valid Claim,CLM-1122_v1.png,dataset\cards\train\valid\CLM-1122_v1.png
CLM-1122,train,Valid Claim,CLM-1122_v2.png,dataset\cards\train\valid\CLM-1122_v2.png
CLM-0163,train,Valid Claim,CLM-0163_v1.png,dataset\cards\train\valid\CLM-0163_v1.png
CLM-0163,train,Valid Claim,CLM-0163_v2.png,dataset\cards\train\valid\CLM-0163_v2.png
CLM-1036,train,Valid Claim,CLM-1036_v1.png,dataset\cards\train\valid\CLM-1036_v1.png
CLM-1036,train,Valid Claim,CLM-1036_v2.png,dataset\cards\train\valid\CLM-1036_v2.png
CLM-1145,train,Valid Claim,CLM-1145_v1.png,dataset\cards\train\valid\CLM-1145_v1.png
CLM-1145,train,Valid Claim,CLM-1145_v2.png,dataset\cards\train\valid\CLM-1145_v2.png
CLM-1126,train,Valid Claim,CLM-1126_v1.png,dataset\cards\train\valid\CLM-1126_v1.png
CLM-1126,train,Valid Claim,CLM-1126_v2.png,dataset\cards\train\valid\CLM-1126_v2.png
CLM-0130,train,Valid Claim,CLM-0130_v1.png,dataset\cards\train\valid\CLM-0130_v1.png
CLM-0130,train,Valid Claim,CLM-0130_v2.png,dataset\cards\train\valid\CLM-0130_v2.png
CLM-1003,train,Valid Claim,CLM-1003_v1.png,dataset\cards\train\valid\CLM-1003_v1.png
CLM-1003,train,Valid Claim,CLM-1003_v2.png,dataset\cards\train\valid\CLM-1003_v2.png
CLM-0598,train,Valid Claim,CLM-0598_v1.png,dataset\cards\train\valid\CLM-0598_v1.png
CLM-0598,train,Valid Claim,CLM-0598_v2.png,dataset\cards\train\valid\CLM-0598_v2.png
CLM-1134,train,Valid Claim,CLM-1134_v1.png,dataset\cards\train\valid\CLM-1134_v1.png
CLM-1134,train,Valid Claim,CLM-1134_v2.png,dataset\cards\train\valid\CLM-1134_v2.png
CLM-0053,train,Valid Claim,CLM-0053_v1.png,dataset\cards\train\valid\CLM-0053_v1.png
CLM-0053,train,Valid Claim,CLM-0053_v2.png,dataset\cards\train\valid\CLM-0053_v2.png
CLM-0549,train,Valid Claim,CLM-0549_v1.png,dataset\cards\train\valid\CLM-0549_v1.png
CLM-0549,train,Valid Claim,CLM-0549_v2.png,dataset\cards\train\valid\CLM-0549_v2.png
CLM-1157,train,Valid Claim,CLM-1157_v1.png,dataset\cards\train\valid\CLM-1157_v1.png
CLM-1157,train,Valid Claim,CLM-1157_v2.png,dataset\cards\train\valid\CLM-1157_v2.png
CLM-1059,train,Valid Claim,CLM-1059_v1.png,dataset\cards\train\valid\CLM-1059_v1.png
CLM-1059,train,Valid Claim,CLM-1059_v2.png,dataset\cards\train\valid\CLM-1059_v2.png
CLM-0617,train,Valid Claim,CLM-0617_v1.png,dataset\cards\train\valid\CLM-0617_v1.png
CLM-0617,train,Valid Claim,CLM-0617_v2.png,dataset\cards\train\valid\CLM-0617_v2.png
CLM-0136,train,Valid Claim,CLM-0136_v1.png,dataset\cards\train\valid\CLM-0136_v1.png
CLM-0136,train,Valid Claim,CLM-0136_v2.png,dataset\cards\train\valid\CLM-0136_v2.png
CLM-1011,train,Valid Claim,CLM-1011_v1.png,dataset\cards\train\valid\CLM-1011_v1.png
CLM-1011,train,Valid Claim,CLM-1011_v2.png,dataset\cards\train\valid\CLM-1011_v2.png
CLM-1082,train,Valid Claim,CLM-1082_v1.png,dataset\cards\train\valid\CLM-1082_v1.png
CLM-1082,train,Valid Claim,CLM-1082_v2.png,dataset\cards\train\valid\CLM-1082_v2.png
CLM-0542,train,Valid Claim,CLM-0542_v1.png,dataset\cards\train\valid\CLM-0542_v1.png
CLM-0542,train,Valid Claim,CLM-0542_v2.png,dataset\cards\train\valid\CLM-0542_v2.png
CLM-0033,train,Valid Claim,CLM-0033_v1.png,dataset\cards\train\valid\CLM-0033_v1.png
CLM-0033,train,Valid Claim,CLM-0033_v2.png,dataset\cards\train\valid\CLM-0033_v2.png
CLM-1110,train,Valid Claim,CLM-1110_v1.png,dataset\cards\train\valid\CLM-1110_v1.png
CLM-1110,train,Valid Claim,CLM-1110_v2.png,dataset\cards\train\valid\CLM-1110_v2.png
CLM-0077,train,Valid Claim,CLM-0077_v1.png,dataset\cards\train\valid\CLM-0077_v1.png
CLM-0077,train,Valid Claim,CLM-0077_v2.png,dataset\cards\train\valid\CLM-0077_v2.png
CLM-1015,train,Valid Claim,CLM-1015_v1.png,dataset\cards\train\valid\CLM-1015_v1.png
CLM-1015,train,Valid Claim,CLM-1015_v2.png,dataset\cards\train\valid\CLM-1015_v2.png
CLM-0630,train,Valid Claim,CLM-0630_v1.png,dataset\cards\train\valid\CLM-0630_v1.png
CLM-0630,train,Valid Claim,CLM-0630_v2.png,dataset\cards\train\valid\CLM-0630_v2.png
CLM-0575,train,Valid Claim,CLM-0575_v1.png,dataset\cards\train\valid\CLM-0575_v1.png
CLM-0575,train,Valid Claim,CLM-0575_v2.png,dataset\cards\train\valid\CLM-0575_v2.png
CLM-1020,train,Valid Claim,CLM-1020_v1.png,dataset\cards\train\valid\CLM-1020_v1.png
CLM-1020,train,Valid Claim,CLM-1020_v2.png,dataset\cards\train\valid\CLM-1020_v2.png
CLM-0006,train,Valid Claim,CLM-0006_v1.png,dataset\cards\train\valid\CLM-0006_v1.png
CLM-0006,train,Valid Claim,CLM-0006_v2.png,dataset\cards\train\valid\CLM-0006_v2.png
CLM-1151,train,Valid Claim,CLM-1151_v1.png,dataset\cards\train\valid\CLM-1151_v1.png
CLM-1151,train,Valid Claim,CLM-1151_v2.png,dataset\cards\train\valid\CLM-1151_v2.png
CLM-1100,train,Valid Claim,CLM-1100_v1.png,dataset\cards\train\valid\CLM-1100_v1.png
CLM-1100,train,Valid Claim,CLM-1100_v2.png,dataset\cards\train\valid\CLM-1100_v2.png
CLM-0003,train,Valid Claim,CLM-0003_v1.png,dataset\cards\train\valid\CLM-0003_v1.png
CLM-0003,train,Valid Claim,CLM-0003_v2.png,dataset\cards\train\valid\CLM-0003_v2.png
CLM-0594,train,Valid Claim,CLM-0594_v1.png,dataset\cards\train\valid\CLM-0594_v1.png
CLM-0594,train,Valid Claim,CLM-0594_v2.png,dataset\cards\train\valid\CLM-0594_v2.png
CLM-1089,train,Valid Claim,CLM-1089_v1.png,dataset\cards\train\valid\CLM-1089_v1.png
CLM-1089,train,Valid Claim,CLM-1089_v2.png,dataset\cards\train\valid\CLM-1089_v2.png
CLM-0119,train,Valid Claim,CLM-0119_v1.png,dataset\cards\train\valid\CLM-0119_v1.png
CLM-0119,train,Valid Claim,CLM-0119_v2.png,dataset\cards\train\valid\CLM-0119_v2.png
CLM-1070,train,Valid Claim,CLM-1070_v1.png,dataset\cards\train\valid\CLM-1070_v1.png
CLM-1070,train,Valid Claim,CLM-1070_v2.png,dataset\cards\train\valid\CLM-1070_v2.png
CLM-0547,train,Valid Claim,CLM-0547_v1.png,dataset\cards\train\valid\CLM-0547_v1.png
CLM-0547,train,Valid Claim,CLM-0547_v2.png,dataset\cards\train\valid\CLM-0547_v2.png
CLM-0078,train,Valid Claim,CLM-0078_v1.png,dataset\cards\train\valid\CLM-0078_v1.png
CLM-0078,train,Valid Claim,CLM-0078_v2.png,dataset\cards\train\valid\CLM-0078_v2.png
CLM-0126,train,Valid Claim,CLM-0126_v1.png,dataset\cards\train\valid\CLM-0126_v1.png
CLM-0126,train,Valid Claim,CLM-0126_v2.png,dataset\cards\train\valid\CLM-0126_v2.png
CLM-0102,train,Valid Claim,CLM-0102_v1.png,dataset\cards\train\valid\CLM-0102_v1.png
CLM-0102,train,Valid Claim,CLM-0102_v2.png,dataset\cards\train\valid\CLM-0102_v2.png
CLM-0571,train,Valid Claim,CLM-0571_v1.png,dataset\cards\train\valid\CLM-0571_v1.png
CLM-0571,train,Valid Claim,CLM-0571_v2.png,dataset\cards\train\valid\CLM-0571_v2.png
CLM-0540,train,Valid Claim,CLM-0540_v1.png,dataset\cards\train\valid\CLM-0540_v1.png
CLM-0540,train,Valid Claim,CLM-0540_v2.png,dataset\cards\train\valid\CLM-0540_v2.png
CLM-0503,train,Valid Claim,CLM-0503_v1.png,dataset\cards\train\valid\CLM-0503_v1.png
CLM-0503,train,Valid Claim,CLM-0503_v2.png,dataset\cards\train\valid\CLM-0503_v2.png
CLM-1117,train,Valid Claim,CLM-1117_v1.png,dataset\cards\train\valid\CLM-1117_v1.png
CLM-1117,train,Valid Claim,CLM-1117_v2.png,dataset\cards\train\valid\CLM-1117_v2.png
CLM-0619,train,Valid Claim,CLM-0619_v1.png,dataset\cards\train\valid\CLM-0619_v1.png
CLM-0619,train,Valid Claim,CLM-0619_v2.png,dataset\cards\train\valid\CLM-0619_v2.png
CLM-0122,train,Valid Claim,CLM-0122_v1.png,dataset\cards\train\valid\CLM-0122_v1.png
CLM-0122,train,Valid Claim,CLM-0122_v2.png,dataset\cards\train\valid\CLM-0122_v2.png
CLM-0581,train,Valid Claim,CLM-0581_v1.png,dataset\cards\train\valid\CLM-0581_v1.png
CLM-0581,train,Valid Claim,CLM-0581_v2.png,dataset\cards\train\valid\CLM-0581_v2.png
CLM-0044,train,Valid Claim,CLM-0044_v1.png,dataset\cards\train\valid\CLM-0044_v1.png
CLM-0044,train,Valid Claim,CLM-0044_v2.png,dataset\cards\train\valid\CLM-0044_v2.png
CLM-0038,train,Valid Claim,CLM-0038_v1.png,dataset\cards\train\valid\CLM-0038_v1.png
CLM-0038,train,Valid Claim,CLM-0038_v2.png,dataset\cards\train\valid\CLM-0038_v2.png
CLM-0661,train,Valid Claim,CLM-0661_v1.png,dataset\cards\train\valid\CLM-0661_v1.png
CLM-0661,train,Valid Claim,CLM-0661_v2.png,dataset\cards\train\valid\CLM-0661_v2.png
CLM-0579,train,Valid Claim,CLM-0579_v1.png,dataset\cards\train\valid\CLM-0579_v1.png
CLM-0579,train,Valid Claim,CLM-0579_v2.png,dataset\cards\train\valid\CLM-0579_v2.png
CLM-0148,train,Valid Claim,CLM-0148_v1.png,dataset\cards\train\valid\CLM-0148_v1.png
CLM-0148,train,Valid Claim,CLM-0148_v2.png,dataset\cards\train\valid\CLM-0148_v2.png
CLM-0611,train,Valid Claim,CLM-0611_v1.png,dataset\cards\train\valid\CLM-0611_v1.png
CLM-0611,train,Valid Claim,CLM-0611_v2.png,dataset\cards\train\valid\CLM-0611_v2.png
CLM-1127,train,Valid Claim,CLM-1127_v1.png,dataset\cards\train\valid\CLM-1127_v1.png
CLM-1127,train,Valid Claim,CLM-1127_v2.png,dataset\cards\train\valid\CLM-1127_v2.png
CLM-0101,train,Valid Claim,CLM-0101_v1.png,dataset\cards\train\valid\CLM-0101_v1.png
CLM-0101,train,Valid Claim,CLM-0101_v2.png,dataset\cards\train\valid\CLM-0101_v2.png
CLM-0539,train,Valid Claim,CLM-0539_v1.png,dataset\cards\train\valid\CLM-0539_v1.png
CLM-0539,train,Valid Claim,CLM-0539_v2.png,dataset\cards\train\valid\CLM-0539_v2.png
CLM-1064,train,Valid Claim,CLM-1064_v1.png,dataset\cards\train\valid\CLM-1064_v1.png
CLM-1064,train,Valid Claim,CLM-1064_v2.png,dataset\cards\train\valid\CLM-1064_v2.png
CLM-0071,train,Valid Claim,CLM-0071_v1.png,dataset\cards\train\valid\CLM-0071_v1.png
CLM-0071,train,Valid Claim,CLM-0071_v2.png,dataset\cards\train\valid\CLM-0071_v2.png
CLM-0084,train,Valid Claim,CLM-0084_v1.png,dataset\cards\train\valid\CLM-0084_v1.png
CLM-0084,train,Valid Claim,CLM-0084_v2.png,dataset\cards\train\valid\CLM-0084_v2.png
CLM-1072,train,Valid Claim,CLM-1072_v1.png,dataset\cards\train\valid\CLM-1072_v1.png
CLM-1072,train,Valid Claim,CLM-1072_v2.png,dataset\cards\train\valid\CLM-1072_v2.png
CLM-1140,train,Valid Claim,CLM-1140_v1.png,dataset\cards\train\valid\CLM-1140_v1.png
CLM-1140,train,Valid Claim,CLM-1140_v2.png,dataset\cards\train\valid\CLM-1140_v2.png
CLM-1166,train,Valid Claim,CLM-1166_v1.png,dataset\cards\train\valid\CLM-1166_v1.png
CLM-1166,train,Valid Claim,CLM-1166_v2.png,dataset\cards\train\valid\CLM-1166_v2.png
CLM-0634,train,Valid Claim,CLM-0634_v1.png,dataset\cards\train\valid\CLM-0634_v1.png
CLM-0634,train,Valid Claim,CLM-0634_v2.png,dataset\cards\train\valid\CLM-0634_v2.png
CLM-0037,train,Valid Claim,CLM-0037_v1.png,dataset\cards\train\valid\CLM-0037_v1.png
CLM-0037,train,Valid Claim,CLM-0037_v2.png,dataset\cards\train\valid\CLM-0037_v2.png
CLM-0509,train,Valid Claim,CLM-0509_v1.png,dataset\cards\train\valid\CLM-0509_v1.png
CLM-0509,train,Valid Claim,CLM-0509_v2.png,dataset\cards\train\valid\CLM-0509_v2.png
CLM-1165,train,Valid Claim,CLM-1165_v1.png,dataset\cards\train\valid\CLM-1165_v1.png
CLM-1165,train,Valid Claim,CLM-1165_v2.png,dataset\cards\train\valid\CLM-1165_v2.png
CLM-0154,train,Valid Claim,CLM-0154_v1.png,dataset\cards\train\valid\CLM-0154_v1.png
CLM-0154,train,Valid Claim,CLM-0154_v2.png,dataset\cards\train\valid\CLM-0154_v2.png
CLM-0643,train,Valid Claim,CLM-0643_v1.png,dataset\cards\train\valid\CLM-0643_v1.png
CLM-0643,train,Valid Claim,CLM-0643_v2.png,dataset\cards\train\valid\CLM-0643_v2.png
CLM-1152,train,Valid Claim,CLM-1152_v1.png,dataset\cards\train\valid\CLM-1152_v1.png
CLM-1152,train,Valid Claim,CLM-1152_v2.png,dataset\cards\train\valid\CLM-1152_v2.png
CLM-0027,train,Valid Claim,CLM-0027_v1.png,dataset\cards\train\valid\CLM-0027_v1.png
CLM-0027,train,Valid Claim,CLM-0027_v2.png,dataset\cards\train\valid\CLM-0027_v2.png
CLM-0116,train,Valid Claim,CLM-0116_v1.png,dataset\cards\train\valid\CLM-0116_v1.png
CLM-0116,train,Valid Claim,CLM-0116_v2.png,dataset\cards\train\valid\CLM-0116_v2.png
CLM-0529,train,Valid Claim,CLM-0529_v1.png,dataset\cards\train\valid\CLM-0529_v1.png
CLM-0529,train,Valid Claim,CLM-0529_v2.png,dataset\cards\train\valid\CLM-0529_v2.png
CLM-0599,train,Valid Claim,CLM-0599_v1.png,dataset\cards\train\valid\CLM-0599_v1.png
CLM-0599,train,Valid Claim,CLM-0599_v2.png,dataset\cards\train\valid\CLM-0599_v2.png
CLM-1154,train,Valid Claim,CLM-1154_v1.png,dataset\cards\train\valid\CLM-1154_v1.png
CLM-1154,train,Valid Claim,CLM-1154_v2.png,dataset\cards\train\valid\CLM-1154_v2.png
CLM-0146,train,Valid Claim,CLM-0146_v1.png,dataset\cards\train\valid\CLM-0146_v1.png
CLM-0146,train,Valid Claim,CLM-0146_v2.png,dataset\cards\train\valid\CLM-0146_v2.png
CLM-0076,train,Valid Claim,CLM-0076_v1.png,dataset\cards\train\valid\CLM-0076_v1.png
CLM-0076,train,Valid Claim,CLM-0076_v2.png,dataset\cards\train\valid\CLM-0076_v2.png
CLM-0568,train,Valid Claim,CLM-0568_v1.png,dataset\cards\train\valid\CLM-0568_v1.png
CLM-0568,train,Valid Claim,CLM-0568_v2.png,dataset\cards\train\valid\CLM-0568_v2.png
CLM-0554,train,Valid Claim,CLM-0554_v1.png,dataset\cards\train\valid\CLM-0554_v1.png
CLM-0554,train,Valid Claim,CLM-0554_v2.png,dataset\cards\train\valid\CLM-0554_v2.png
CLM-0612,train,Valid Claim,CLM-0612_v1.png,dataset\cards\train\valid\CLM-0612_v1.png
CLM-0612,train,Valid Claim,CLM-0612_v2.png,dataset\cards\train\valid\CLM-0612_v2.png
CLM-0114,train,Valid Claim,CLM-0114_v1.png,dataset\cards\train\valid\CLM-0114_v1.png
CLM-0114,train,Valid Claim,CLM-0114_v2.png,dataset\cards\train\valid\CLM-0114_v2.png
CLM-1078,train,Valid Claim,CLM-1078_v1.png,dataset\cards\train\valid\CLM-1078_v1.png
CLM-1078,train,Valid Claim,CLM-1078_v2.png,dataset\cards\train\valid\CLM-1078_v2.png
CLM-1058,train,Valid Claim,CLM-1058_v1.png,dataset\cards\train\valid\CLM-1058_v1.png
CLM-1058,train,Valid Claim,CLM-1058_v2.png,dataset\cards\train\valid\CLM-1058_v2.png
CLM-0552,train,Valid Claim,CLM-0552_v1.png,dataset\cards\train\valid\CLM-0552_v1.png
CLM-0552,train,Valid Claim,CLM-0552_v2.png,dataset\cards\train\valid\CLM-0552_v2.png
CLM-0164,train,Valid Claim,CLM-0164_v1.png,dataset\cards\train\valid\CLM-0164_v1.png
CLM-0164,train,Valid Claim,CLM-0164_v2.png,dataset\cards\train\valid\CLM-0164_v2.png
CLM-0032,train,Valid Claim,CLM-0032_v1.png,dataset\cards\train\valid\CLM-0032_v1.png
CLM-0032,train,Valid Claim,CLM-0032_v2.png,dataset\cards\train\valid\CLM-0032_v2.png
CLM-0001,train,Valid Claim,CLM-0001_v1.png,dataset\cards\train\valid\CLM-0001_v1.png
CLM-0001,train,Valid Claim,CLM-0001_v2.png,dataset\cards\train\valid\CLM-0001_v2.png
CLM-0561,train,Valid Claim,CLM-0561_v1.png,dataset\cards\train\valid\CLM-0561_v1.png
CLM-0561,train,Valid Claim,CLM-0561_v2.png,dataset\cards\train\valid\CLM-0561_v2.png
CLM-0641,train,Valid Claim,CLM-0641_v1.png,dataset\cards\train\valid\CLM-0641_v1.png
CLM-0641,train,Valid Claim,CLM-0641_v2.png,dataset\cards\train\valid\CLM-0641_v2.png
CLM-1023,train,Valid Claim,CLM-1023_v1.png,dataset\cards\train\valid\CLM-1023_v1.png
CLM-1023,train,Valid Claim,CLM-1023_v2.png,dataset\cards\train\valid\CLM-1023_v2.png
CLM-0559,train,Valid Claim,CLM-0559_v1.png,dataset\cards\train\valid\CLM-0559_v1.png
CLM-0559,train,Valid Claim,CLM-0559_v2.png,dataset\cards\train\valid\CLM-0559_v2.png
CLM-1086,train,Valid Claim,CLM-1086_v1.png,dataset\cards\train\valid\CLM-1086_v1.png
CLM-1086,train,Valid Claim,CLM-1086_v2.png,dataset\cards\train\valid\CLM-1086_v2.png
CLM-0149,train,Valid Claim,CLM-0149_v1.png,dataset\cards\train\valid\CLM-0149_v1.png
CLM-0149,train,Valid Claim,CLM-0149_v2.png,dataset\cards\train\valid\CLM-0149_v2.png
CLM-0586,train,Valid Claim,CLM-0586_v1.png,dataset\cards\train\valid\CLM-0586_v1.png
CLM-0586,train,Valid Claim,CLM-0586_v2.png,dataset\cards\train\valid\CLM-0586_v2.png
CLM-0606,train,Valid Claim,CLM-0606_v1.png,dataset\cards\train\valid\CLM-0606_v1.png
CLM-0606,train,Valid Claim,CLM-0606_v2.png,dataset\cards\train\valid\CLM-0606_v2.png
CLM-0526,train,Valid Claim,CLM-0526_v1.png,dataset\cards\train\valid\CLM-0526_v1.png
CLM-0526,train,Valid Claim,CLM-0526_v2.png,dataset\cards\train\valid\CLM-0526_v2.png
CLM-0505,train,Valid Claim,CLM-0505_v1.png,dataset\cards\train\valid\CLM-0505_v1.png
CLM-0505,train,Valid Claim,CLM-0505_v2.png,dataset\cards\train\valid\CLM-0505_v2.png
CLM-0034,train,Valid Claim,CLM-0034_v1.png,dataset\cards\train\valid\CLM-0034_v1.png
CLM-0034,train,Valid Claim,CLM-0034_v2.png,dataset\cards\train\valid\CLM-0034_v2.png
CLM-0663,train,Valid Claim,CLM-0663_v1.png,dataset\cards\train\valid\CLM-0663_v1.png
CLM-0663,train,Valid Claim,CLM-0663_v2.png,dataset\cards\train\valid\CLM-0663_v2.png
CLM-0047,train,Valid Claim,CLM-0047_v1.png,dataset\cards\train\valid\CLM-0047_v1.png
CLM-0047,train,Valid Claim,CLM-0047_v2.png,dataset\cards\train\valid\CLM-0047_v2.png
CLM-0557,train,Valid Claim,CLM-0557_v1.png,dataset\cards\train\valid\CLM-0557_v1.png
CLM-0557,train,Valid Claim,CLM-0557_v2.png,dataset\cards\train\valid\CLM-0557_v2.png
CLM-0064,train,Valid Claim,CLM-0064_v1.png,dataset\cards\train\valid\CLM-0064_v1.png
CLM-0064,train,Valid Claim,CLM-0064_v2.png,dataset\cards\train\valid\CLM-0064_v2.png
CLM-0588,train,Valid Claim,CLM-0588_v1.png,dataset\cards\train\valid\CLM-0588_v1.png
CLM-0588,train,Valid Claim,CLM-0588_v2.png,dataset\cards\train\valid\CLM-0588_v2.png
CLM-1005,train,Valid Claim,CLM-1005_v1.png,dataset\cards\train\valid\CLM-1005_v1.png
CLM-1005,train,Valid Claim,CLM-1005_v2.png,dataset\cards\train\valid\CLM-1005_v2.png
CLM-0543,train,Valid Claim,CLM-0543_v1.png,dataset\cards\train\valid\CLM-0543_v1.png
CLM-0543,train,Valid Claim,CLM-0543_v2.png,dataset\cards\train\valid\CLM-0543_v2.png
CLM-1114,train,Valid Claim,CLM-1114_v1.png,dataset\cards\train\valid\CLM-1114_v1.png
CLM-1114,train,Valid Claim,CLM-1114_v2.png,dataset\cards\train\valid\CLM-1114_v2.png
CLM-1085,train,Valid Claim,CLM-1085_v1.png,dataset\cards\train\valid\CLM-1085_v1.png
CLM-1085,train,Valid Claim,CLM-1085_v2.png,dataset\cards\train\valid\CLM-1085_v2.png
CLM-1155,train,Valid Claim,CLM-1155_v1.png,dataset\cards\train\valid\CLM-1155_v1.png
CLM-1155,train,Valid Claim,CLM-1155_v2.png,dataset\cards\train\valid\CLM-1155_v2.png
CLM-1007,train,Valid Claim,CLM-1007_v1.png,dataset\cards\train\valid\CLM-1007_v1.png
CLM-1007,train,Valid Claim,CLM-1007_v2.png,dataset\cards\train\valid\CLM-1007_v2.png
CLM-0155,train,Valid Claim,CLM-0155_v1.png,dataset\cards\train\valid\CLM-0155_v1.png
CLM-0155,train,Valid Claim,CLM-0155_v2.png,dataset\cards\train\valid\CLM-0155_v2.png
CLM-0572,train,Valid Claim,CLM-0572_v1.png,dataset\cards\train\valid\CLM-0572_v1.png
CLM-0572,train,Valid Claim,CLM-0572_v2.png,dataset\cards\train\valid\CLM-0572_v2.png
CLM-1033,train,Valid Claim,CLM-1033_v1.png,dataset\cards\train\valid\CLM-1033_v1.png
CLM-1033,train,Valid Claim,CLM-1033_v2.png,dataset\cards\train\valid\CLM-1033_v2.png
CLM-0585,train,Valid Claim,CLM-0585_v1.png,dataset\cards\train\valid\CLM-0585_v1.png
CLM-0585,train,Valid Claim,CLM-0585_v2.png,dataset\cards\train\valid\CLM-0585_v2.png
CLM-1138,train,Valid Claim,CLM-1138_v1.png,dataset\cards\train\valid\CLM-1138_v1.png
CLM-1138,train,Valid Claim,CLM-1138_v2.png,dataset\cards\train\valid\CLM-1138_v2.png
CLM-0601,train,Valid Claim,CLM-0601_v1.png,dataset\cards\train\valid\CLM-0601_v1.png
CLM-0601,train,Valid Claim,CLM-0601_v2.png,dataset\cards\train\valid\CLM-0601_v2.png
CLM-1013,train,Valid Claim,CLM-1013_v1.png,dataset\cards\train\valid\CLM-1013_v1.png
CLM-1013,train,Valid Claim,CLM-1013_v2.png,dataset\cards\train\valid\CLM-1013_v2.png
CLM-0527,train,Valid Claim,CLM-0527_v1.png,dataset\cards\train\valid\CLM-0527_v1.png
CLM-0527,train,Valid Claim,CLM-0527_v2.png,dataset\cards\train\valid\CLM-0527_v2.png
CLM-0653,train,Valid Claim,CLM-0653_v1.png,dataset\cards\train\valid\CLM-0653_v1.png
CLM-0653,train,Valid Claim,CLM-0653_v2.png,dataset\cards\train\valid\CLM-0653_v2.png
CLM-0510,train,Valid Claim,CLM-0510_v1.png,dataset\cards\train\valid\CLM-0510_v1.png
CLM-0510,train,Valid Claim,CLM-0510_v2.png,dataset\cards\train\valid\CLM-0510_v2.png
CLM-0042,train,Valid Claim,CLM-0042_v1.png,dataset\cards\train\valid\CLM-0042_v1.png
CLM-0042,train,Valid Claim,CLM-0042_v2.png,dataset\cards\train\valid\CLM-0042_v2.png
CLM-0654,train,Valid Claim,CLM-0654_v1.png,dataset\cards\train\valid\CLM-0654_v1.png
CLM-0654,train,Valid Claim,CLM-0654_v2.png,dataset\cards\train\valid\CLM-0654_v2.png
CLM-0514,train,Valid Claim,CLM-0514_v1.png,dataset\cards\train\valid\CLM-0514_v1.png
CLM-0514,train,Valid Claim,CLM-0514_v2.png,dataset\cards\train\valid\CLM-0514_v2.png
CLM-0609,train,Valid Claim,CLM-0609_v1.png,dataset\cards\train\valid\CLM-0609_v1.png
CLM-0609,train,Valid Claim,CLM-0609_v2.png,dataset\cards\train\valid\CLM-0609_v2.png
CLM-0595,train,Valid Claim,CLM-0595_v1.png,dataset\cards\train\valid\CLM-0595_v1.png
CLM-0595,train,Valid Claim,CLM-0595_v2.png,dataset\cards\train\valid\CLM-0595_v2.png
CLM-0649,train,Valid Claim,CLM-0649_v1.png,dataset\cards\train\valid\CLM-0649_v1.png
CLM-0649,train,Valid Claim,CLM-0649_v2.png,dataset\cards\train\valid\CLM-0649_v2.png
CLM-1046,train,Valid Claim,CLM-1046_v1.png,dataset\cards\train\valid\CLM-1046_v1.png
CLM-1046,train,Valid Claim,CLM-1046_v2.png,dataset\cards\train\valid\CLM-1046_v2.png
CLM-0024,train,Valid Claim,CLM-0024_v1.png,dataset\cards\train\valid\CLM-0024_v1.png
CLM-0024,train,Valid Claim,CLM-0024_v2.png,dataset\cards\train\valid\CLM-0024_v2.png
CLM-0648,train,Valid Claim,CLM-0648_v1.png,dataset\cards\train\valid\CLM-0648_v1.png
CLM-0648,train,Valid Claim,CLM-0648_v2.png,dataset\cards\train\valid\CLM-0648_v2.png
CLM-0009,train,Valid Claim,CLM-0009_v1.png,dataset\cards\train\valid\CLM-0009_v1.png
CLM-0009,train,Valid Claim,CLM-0009_v2.png,dataset\cards\train\valid\CLM-0009_v2.png
CLM-0165,train,Valid Claim,CLM-0165_v1.png,dataset\cards\train\valid\CLM-0165_v1.png
CLM-0165,train,Valid Claim,CLM-0165_v2.png,dataset\cards\train\valid\CLM-0165_v2.png
CLM-0097,train,Valid Claim,CLM-0097_v1.png,dataset\cards\train\valid\CLM-0097_v1.png
CLM-0097,train,Valid Claim,CLM-0097_v2.png,dataset\cards\train\valid\CLM-0097_v2.png
CLM-1147,train,Valid Claim,CLM-1147_v1.png,dataset\cards\train\valid\CLM-1147_v1.png
CLM-1147,train,Valid Claim,CLM-1147_v2.png,dataset\cards\train\valid\CLM-1147_v2.png
CLM-0533,train,Valid Claim,CLM-0533_v1.png,dataset\cards\train\valid\CLM-0533_v1.png
CLM-0533,train,Valid Claim,CLM-0533_v2.png,dataset\cards\train\valid\CLM-0533_v2.png
CLM-0523,train,Valid Claim,CLM-0523_v1.png,dataset\cards\train\valid\CLM-0523_v1.png
CLM-0523,train,Valid Claim,CLM-0523_v2.png,dataset\cards\train\valid\CLM-0523_v2.png
CLM-1144,train,Valid Claim,CLM-1144_v1.png,dataset\cards\train\valid\CLM-1144_v1.png
CLM-1144,train,Valid Claim,CLM-1144_v2.png,dataset\cards\train\valid\CLM-1144_v2.png
CLM-1047,train,Valid Claim,CLM-1047_v1.png,dataset\cards\train\valid\CLM-1047_v1.png
CLM-1047,train,Valid Claim,CLM-1047_v2.png,dataset\cards\train\valid\CLM-1047_v2.png
CLM-1053,train,Valid Claim,CLM-1053_v1.png,dataset\cards\train\valid\CLM-1053_v1.png
CLM-1053,train,Valid Claim,CLM-1053_v2.png,dataset\cards\train\valid\CLM-1053_v2.png
CLM-0564,train,Valid Claim,CLM-0564_v1.png,dataset\cards\train\valid\CLM-0564_v1.png
CLM-0564,train,Valid Claim,CLM-0564_v2.png,dataset\cards\train\valid\CLM-0564_v2.png
CLM-0659,train,Valid Claim,CLM-0659_v1.png,dataset\cards\train\valid\CLM-0659_v1.png
CLM-0659,train,Valid Claim,CLM-0659_v2.png,dataset\cards\train\valid\CLM-0659_v2.png
CLM-0052,train,Valid Claim,CLM-0052_v1.png,dataset\cards\train\valid\CLM-0052_v1.png
CLM-0052,train,Valid Claim,CLM-0052_v2.png,dataset\cards\train\valid\CLM-0052_v2.png
CLM-0587,train,Valid Claim,CLM-0587_v1.png,dataset\cards\train\valid\CLM-0587_v1.png
CLM-0587,train,Valid Claim,CLM-0587_v2.png,dataset\cards\train\valid\CLM-0587_v2.png
CLM-0030,train,Valid Claim,CLM-0030_v1.png,dataset\cards\train\valid\CLM-0030_v1.png
CLM-0030,train,Valid Claim,CLM-0030_v2.png,dataset\cards\train\valid\CLM-0030_v2.png
CLM-0589,train,Valid Claim,CLM-0589_v1.png,dataset\cards\train\valid\CLM-0589_v1.png
CLM-0589,train,Valid Claim,CLM-0589_v2.png,dataset\cards\train\valid\CLM-0589_v2.png
CLM-0123,train,Valid Claim,CLM-0123_v1.png,dataset\cards\train\valid\CLM-0123_v1.png
CLM-0123,train,Valid Claim,CLM-0123_v2.png,dataset\cards\train\valid\CLM-0123_v2.png
CLM-0541,train,Valid Claim,CLM-0541_v1.png,dataset\cards\train\valid\CLM-0541_v1.png
CLM-0541,train,Valid Claim,CLM-0541_v2.png,dataset\cards\train\valid\CLM-0541_v2.png
CLM-1008,train,Valid Claim,CLM-1008_v1.png,dataset\cards\train\valid\CLM-1008_v1.png
CLM-1008,train,Valid Claim,CLM-1008_v2.png,dataset\cards\train\valid\CLM-1008_v2.png
CLM-0569,train,Valid Claim,CLM-0569_v1.png,dataset\cards\train\valid\CLM-0569_v1.png
CLM-0569,train,Valid Claim,CLM-0569_v2.png,dataset\cards\train\valid\CLM-0569_v2.png
CLM-0584,train,Valid Claim,CLM-0584_v1.png,dataset\cards\train\valid\CLM-0584_v1.png
CLM-0584,train,Valid Claim,CLM-0584_v2.png,dataset\cards\train\valid\CLM-0584_v2.png
CLM-0616,train,Valid Claim,CLM-0616_v1.png,dataset\cards\train\valid\CLM-0616_v1.png
CLM-0616,train,Valid Claim,CLM-0616_v2.png,dataset\cards\train\valid\CLM-0616_v2.png
CLM-1164,train,Valid Claim,CLM-1164_v1.png,dataset\cards\train\valid\CLM-1164_v1.png
CLM-1164,train,Valid Claim,CLM-1164_v2.png,dataset\cards\train\valid\CLM-1164_v2.png
CLM-0521,train,Valid Claim,CLM-0521_v1.png,dataset\cards\train\valid\CLM-0521_v1.png
CLM-0521,train,Valid Claim,CLM-0521_v2.png,dataset\cards\train\valid\CLM-0521_v2.png
CLM-0566,train,Valid Claim,CLM-0566_v1.png,dataset\cards\train\valid\CLM-0566_v1.png
CLM-0566,train,Valid Claim,CLM-0566_v2.png,dataset\cards\train\valid\CLM-0566_v2.png
CLM-0063,train,Valid Claim,CLM-0063_v1.png,dataset\cards\train\valid\CLM-0063_v1.png
CLM-0063,train,Valid Claim,CLM-0063_v2.png,dataset\cards\train\valid\CLM-0063_v2.png
CLM-0010,train,Valid Claim,CLM-0010_v1.png,dataset\cards\train\valid\CLM-0010_v1.png
CLM-0010,train,Valid Claim,CLM-0010_v2.png,dataset\cards\train\valid\CLM-0010_v2.png
CLM-0104,train,Valid Claim,CLM-0104_v1.png,dataset\cards\train\valid\CLM-0104_v1.png
CLM-0104,train,Valid Claim,CLM-0104_v2.png,dataset\cards\train\valid\CLM-0104_v2.png
CLM-0608,train,Valid Claim,CLM-0608_v1.png,dataset\cards\train\valid\CLM-0608_v1.png
CLM-0608,train,Valid Claim,CLM-0608_v2.png,dataset\cards\train\valid\CLM-0608_v2.png
CLM-0031,train,Valid Claim,CLM-0031_v1.png,dataset\cards\train\valid\CLM-0031_v1.png
CLM-0031,train,Valid Claim,CLM-0031_v2.png,dataset\cards\train\valid\CLM-0031_v2.png
CLM-1087,train,Valid Claim,CLM-1087_v1.png,dataset\cards\train\valid\CLM-1087_v1.png
CLM-1087,train,Valid Claim,CLM-1087_v2.png,dataset\cards\train\valid\CLM-1087_v2.png
CLM-1105,train,Valid Claim,CLM-1105_v1.png,dataset\cards\train\valid\CLM-1105_v1.png
CLM-1105,train,Valid Claim,CLM-1105_v2.png,dataset\cards\train\valid\CLM-1105_v2.png
CLM-0088,train,Valid Claim,CLM-0088_v1.png,dataset\cards\train\valid\CLM-0088_v1.png
CLM-0088,train,Valid Claim,CLM-0088_v2.png,dataset\cards\train\valid\CLM-0088_v2.png
CLM-0577,train,Valid Claim,CLM-0577_v1.png,dataset\cards\train\valid\CLM-0577_v1.png
CLM-0577,train,Valid Claim,CLM-0577_v2.png,dataset\cards\train\valid\CLM-0577_v2.png
CLM-1121,train,Valid Claim,CLM-1121_v1.png,dataset\cards\train\valid\CLM-1121_v1.png
CLM-1121,train,Valid Claim,CLM-1121_v2.png,dataset\cards\train\valid\CLM-1121_v2.png
CLM-0556,train,Valid Claim,CLM-0556_v1.png,dataset\cards\train\valid\CLM-0556_v1.png
CLM-0556,train,Valid Claim,CLM-0556_v2.png,dataset\cards\train\valid\CLM-0556_v2.png
CLM-1150,train,Valid Claim,CLM-1150_v1.png,dataset\cards\train\valid\CLM-1150_v1.png
CLM-1150,train,Valid Claim,CLM-1150_v2.png,dataset\cards\train\valid\CLM-1150_v2.png
CLM-0515,train,Valid Claim,CLM-0515_v1.png,dataset\cards\train\valid\CLM-0515_v1.png
CLM-0515,train,Valid Claim,CLM-0515_v2.png,dataset\cards\train\valid\CLM-0515_v2.png
CLM-1034,train,Valid Claim,CLM-1034_v1.png,dataset\cards\train\valid\CLM-1034_v1.png
CLM-1034,train,Valid Claim,CLM-1034_v2.png,dataset\cards\train\valid\CLM-1034_v2.png
CLM-1076,train,Valid Claim,CLM-1076_v1.png,dataset\cards\train\valid\CLM-1076_v1.png
CLM-1076,train,Valid Claim,CLM-1076_v2.png,dataset\cards\train\valid\CLM-1076_v2.png
CLM-0538,train,Valid Claim,CLM-0538_v1.png,dataset\cards\train\valid\CLM-0538_v1.png
CLM-0538,train,Valid Claim,CLM-0538_v2.png,dataset\cards\train\valid\CLM-0538_v2.png
CLM-0100,train,Valid Claim,CLM-0100_v1.png,dataset\cards\train\valid\CLM-0100_v1.png
CLM-0100,train,Valid Claim,CLM-0100_v2.png,dataset\cards\train\valid\CLM-0100_v2.png
CLM-0002,train,Valid Claim,CLM-0002_v1.png,dataset\cards\train\valid\CLM-0002_v1.png
CLM-0002,train,Valid Claim,CLM-0002_v2.png,dataset\cards\train\valid\CLM-0002_v2.png
CLM-0592,train,Valid Claim,CLM-0592_v1.png,dataset\cards\train\valid\CLM-0592_v1.png
CLM-0592,train,Valid Claim,CLM-0592_v2.png,dataset\cards\train\valid\CLM-0592_v2.png
CLM-0092,train,Valid Claim,CLM-0092_v1.png,dataset\cards\train\valid\CLM-0092_v1.png
CLM-0092,train,Valid Claim,CLM-0092_v2.png,dataset\cards\train\valid\CLM-0092_v2.png
CLM-0629,train,Valid Claim,CLM-0629_v1.png,dataset\cards\train\valid\CLM-0629_v1.png
CLM-0629,train,Valid Claim,CLM-0629_v2.png,dataset\cards\train\valid\CLM-0629_v2.png
CLM-0665,train,Valid Claim,CLM-0665_v1.png,dataset\cards\train\valid\CLM-0665_v1.png
CLM-0665,train,Valid Claim,CLM-0665_v2.png,dataset\cards\train\valid\CLM-0665_v2.png
CLM-0531,train,Valid Claim,CLM-0531_v1.png,dataset\cards\train\valid\CLM-0531_v1.png
CLM-0531,train,Valid Claim,CLM-0531_v2.png,dataset\cards\train\valid\CLM-0531_v2.png
CLM-0083,train,Valid Claim,CLM-0083_v1.png,dataset\cards\train\valid\CLM-0083_v1.png
CLM-0083,train,Valid Claim,CLM-0083_v2.png,dataset\cards\train\valid\CLM-0083_v2.png
CLM-0631,train,Valid Claim,CLM-0631_v1.png,dataset\cards\train\valid\CLM-0631_v1.png
CLM-0631,train,Valid Claim,CLM-0631_v2.png,dataset\cards\train\valid\CLM-0631_v2.png
CLM-0120,train,Valid Claim,CLM-0120_v1.png,dataset\cards\train\valid\CLM-0120_v1.png
CLM-0120,train,Valid Claim,CLM-0120_v2.png,dataset\cards\train\valid\CLM-0120_v2.png
CLM-1021,train,Valid Claim,CLM-1021_v1.png,dataset\cards\train\valid\CLM-1021_v1.png
CLM-1021,train,Valid Claim,CLM-1021_v2.png,dataset\cards\train\valid\CLM-1021_v2.png
CLM-0593,train,Valid Claim,CLM-0593_v1.png,dataset\cards\train\valid\CLM-0593_v1.png
CLM-0593,train,Valid Claim,CLM-0593_v2.png,dataset\cards\train\valid\CLM-0593_v2.png
CLM-0151,train,Valid Claim,CLM-0151_v1.png,dataset\cards\train\valid\CLM-0151_v1.png
CLM-0151,train,Valid Claim,CLM-0151_v2.png,dataset\cards\train\valid\CLM-0151_v2.png
CLM-1143,train,Valid Claim,CLM-1143_v1.png,dataset\cards\train\valid\CLM-1143_v1.png
CLM-1143,train,Valid Claim,CLM-1143_v2.png,dataset\cards\train\valid\CLM-1143_v2.png
CLM-1010,train,Valid Claim,CLM-1010_v1.png,dataset\cards\train\valid\CLM-1010_v1.png
CLM-1010,train,Valid Claim,CLM-1010_v2.png,dataset\cards\train\valid\CLM-1010_v2.png
CLM-0060,train,Valid Claim,CLM-0060_v1.png,dataset\cards\train\valid\CLM-0060_v1.png
CLM-0060,train,Valid Claim,CLM-0060_v2.png,dataset\cards\train\valid\CLM-0060_v2.png
CLM-0580,train,Valid Claim,CLM-0580_v1.png,dataset\cards\train\valid\CLM-0580_v1.png
CLM-0580,train,Valid Claim,CLM-0580_v2.png,dataset\cards\train\valid\CLM-0580_v2.png
CLM-0040,train,Valid Claim,CLM-0040_v1.png,dataset\cards\train\valid\CLM-0040_v1.png
CLM-0040,train,Valid Claim,CLM-0040_v2.png,dataset\cards\train\valid\CLM-0040_v2.png
CLM-1112,train,Valid Claim,CLM-1112_v1.png,dataset\cards\train\valid\CLM-1112_v1.png
CLM-1112,train,Valid Claim,CLM-1112_v2.png,dataset\cards\train\valid\CLM-1112_v2.png
CLM-0073,train,Valid Claim,CLM-0073_v1.png,dataset\cards\train\valid\CLM-0073_v1.png
CLM-0073,train,Valid Claim,CLM-0073_v2.png,dataset\cards\train\valid\CLM-0073_v2.png
CLM-0502,train,Valid Claim,CLM-0502_v1.png,dataset\cards\train\valid\CLM-0502_v1.png
CLM-0502,train,Valid Claim,CLM-0502_v2.png,dataset\cards\train\valid\CLM-0502_v2.png
CLM-1084,train,Valid Claim,CLM-1084_v1.png,dataset\cards\train\valid\CLM-1084_v1.png
CLM-1084,train,Valid Claim,CLM-1084_v2.png,dataset\cards\train\valid\CLM-1084_v2.png
CLM-1029,train,Valid Claim,CLM-1029_v1.png,dataset\cards\train\valid\CLM-1029_v1.png
CLM-1029,train,Valid Claim,CLM-1029_v2.png,dataset\cards\train\valid\CLM-1029_v2.png
CLM-1161,train,Valid Claim,CLM-1161_v1.png,dataset\cards\train\valid\CLM-1161_v1.png
CLM-1161,train,Valid Claim,CLM-1161_v2.png,dataset\cards\train\valid\CLM-1161_v2.png
CLM-1054,train,Valid Claim,CLM-1054_v1.png,dataset\cards\train\valid\CLM-1054_v1.png
CLM-1054,train,Valid Claim,CLM-1054_v2.png,dataset\cards\train\valid\CLM-1054_v2.png
CLM-0159,train,Valid Claim,CLM-0159_v1.png,dataset\cards\train\valid\CLM-0159_v1.png
CLM-0159,train,Valid Claim,CLM-0159_v2.png,dataset\cards\train\valid\CLM-0159_v2.png
CLM-0074,train,Valid Claim,CLM-0074_v1.png,dataset\cards\train\valid\CLM-0074_v1.png
CLM-0074,train,Valid Claim,CLM-0074_v2.png,dataset\cards\train\valid\CLM-0074_v2.png
CLM-1142,train,Valid Claim,CLM-1142_v1.png,dataset\cards\train\valid\CLM-1142_v1.png
CLM-1142,train,Valid Claim,CLM-1142_v2.png,dataset\cards\train\valid\CLM-1142_v2.png
CLM-0157,train,Valid Claim,CLM-0157_v1.png,dataset\cards\train\valid\CLM-0157_v1.png
CLM-0157,train,Valid Claim,CLM-0157_v2.png,dataset\cards\train\valid\CLM-0157_v2.png
CLM-1004,train,Valid Claim,CLM-1004_v1.png,dataset\cards\train\valid\CLM-1004_v1.png
CLM-1004,train,Valid Claim,CLM-1004_v2.png,dataset\cards\train\valid\CLM-1004_v2.png
CLM-1049,train,Valid Claim,CLM-1049_v1.png,dataset\cards\train\valid\CLM-1049_v1.png
CLM-1049,train,Valid Claim,CLM-1049_v2.png,dataset\cards\train\valid\CLM-1049_v2.png
CLM-0086,train,Valid Claim,CLM-0086_v1.png,dataset\cards\train\valid\CLM-0086_v1.png
CLM-0086,train,Valid Claim,CLM-0086_v2.png,dataset\cards\train\valid\CLM-0086_v2.png
CLM-0160,train,Valid Claim,CLM-0160_v1.png,dataset\cards\train\valid\CLM-0160_v1.png
CLM-0160,train,Valid Claim,CLM-0160_v2.png,dataset\cards\train\valid\CLM-0160_v2.png
CLM-0518,train,Valid Claim,CLM-0518_v1.png,dataset\cards\train\valid\CLM-0518_v1.png
CLM-0518,train,Valid Claim,CLM-0518_v2.png,dataset\cards\train\valid\CLM-0518_v2.png
CLM-1083,train,Valid Claim,CLM-1083_v1.png,dataset\cards\train\valid\CLM-1083_v1.png
CLM-1083,train,Valid Claim,CLM-1083_v2.png,dataset\cards\train\valid\CLM-1083_v2.png
CLM-0591,train,Valid Claim,CLM-0591_v1.png,dataset\cards\train\valid\CLM-0591_v1.png
CLM-0591,train,Valid Claim,CLM-0591_v2.png,dataset\cards\train\valid\CLM-0591_v2.png
CLM-1044,train,Valid Claim,CLM-1044_v1.png,dataset\cards\train\valid\CLM-1044_v1.png
CLM-1044,train,Valid Claim,CLM-1044_v2.png,dataset\cards\train\valid\CLM-1044_v2.png
CLM-0621,train,Valid Claim,CLM-0621_v1.png,dataset\cards\train\valid\CLM-0621_v1.png
CLM-0621,train,Valid Claim,CLM-0621_v2.png,dataset\cards\train\valid\CLM-0621_v2.png
CLM-1139,train,Valid Claim,CLM-1139_v1.png,dataset\cards\train\valid\CLM-1139_v1.png
CLM-1139,train,Valid Claim,CLM-1139_v2.png,dataset\cards\train\valid\CLM-1139_v2.png
CLM-1035,train,Valid Claim,CLM-1035_v1.png,dataset\cards\train\valid\CLM-1035_v1.png
CLM-1035,train,Valid Claim,CLM-1035_v2.png,dataset\cards\train\valid\CLM-1035_v2.png
CLM-0520,train,Valid Claim,CLM-0520_v1.png,dataset\cards\train\valid\CLM-0520_v1.png
CLM-0520,train,Valid Claim,CLM-0520_v2.png,dataset\cards\train\valid\CLM-0520_v2.png
CLM-1159,train,Valid Claim,CLM-1159_v1.png,dataset\cards\train\valid\CLM-1159_v1.png
CLM-1159,train,Valid Claim,CLM-1159_v2.png,dataset\cards\train\valid\CLM-1159_v2.png
CLM-0607,train,Valid Claim,CLM-0607_v1.png,dataset\cards\train\valid\CLM-0607_v1.png
CLM-0607,train,Valid Claim,CLM-0607_v2.png,dataset\cards\train\valid\CLM-0607_v2.png
CLM-0145,train,Valid Claim,CLM-0145_v1.png,dataset\cards\train\valid\CLM-0145_v1.png
CLM-0145,train,Valid Claim,CLM-0145_v2.png,dataset\cards\train\valid\CLM-0145_v2.png
CLM-0072,train,Valid Claim,CLM-0072_v1.png,dataset\cards\train\valid\CLM-0072_v1.png
CLM-0072,train,Valid Claim,CLM-0072_v2.png,dataset\cards\train\valid\CLM-0072_v2.png
CLM-0067,train,Valid Claim,CLM-0067_v1.png,dataset\cards\train\valid\CLM-0067_v1.png
CLM-0067,train,Valid Claim,CLM-0067_v2.png,dataset\cards\train\valid\CLM-0067_v2.png
CLM-0007,train,Valid Claim,CLM-0007_v1.png,dataset\cards\train\valid\CLM-0007_v1.png
CLM-0007,train,Valid Claim,CLM-0007_v2.png,dataset\cards\train\valid\CLM-0007_v2.png
CLM-0645,train,Valid Claim,CLM-0645_v1.png,dataset\cards\train\valid\CLM-0645_v1.png
CLM-0645,train,Valid Claim,CLM-0645_v2.png,dataset\cards\train\valid\CLM-0645_v2.png
CLM-1038,train,Valid Claim,CLM-1038_v1.png,dataset\cards\train\valid\CLM-1038_v1.png
CLM-1038,train,Valid Claim,CLM-1038_v2.png,dataset\cards\train\valid\CLM-1038_v2.png
CLM-0623,train,Valid Claim,CLM-0623_v1.png,dataset\cards\train\valid\CLM-0623_v1.png
CLM-0623,train,Valid Claim,CLM-0623_v2.png,dataset\cards\train\valid\CLM-0623_v2.png
CLM-0056,train,Valid Claim,CLM-0056_v1.png,dataset\cards\train\valid\CLM-0056_v1.png
CLM-0056,train,Valid Claim,CLM-0056_v2.png,dataset\cards\train\valid\CLM-0056_v2.png
CLM-0553,train,Valid Claim,CLM-0553_v1.png,dataset\cards\train\valid\CLM-0553_v1.png
CLM-0553,train,Valid Claim,CLM-0553_v2.png,dataset\cards\train\valid\CLM-0553_v2.png
CLM-1148,train,Valid Claim,CLM-1148_v1.png,dataset\cards\train\valid\CLM-1148_v1.png
CLM-1148,train,Valid Claim,CLM-1148_v2.png,dataset\cards\train\valid\CLM-1148_v2.png
CLM-0664,train,Valid Claim,CLM-0664_v1.png,dataset\cards\train\valid\CLM-0664_v1.png
CLM-0664,train,Valid Claim,CLM-0664_v2.png,dataset\cards\train\valid\CLM-0664_v2.png
CLM-0534,train,Valid Claim,CLM-0534_v1.png,dataset\cards\train\valid\CLM-0534_v1.png
CLM-0534,train,Valid Claim,CLM-0534_v2.png,dataset\cards\train\valid\CLM-0534_v2.png
CLM-0041,train,Valid Claim,CLM-0041_v1.png,dataset\cards\train\valid\CLM-0041_v1.png
CLM-0041,train,Valid Claim,CLM-0041_v2.png,dataset\cards\train\valid\CLM-0041_v2.png
CLM-1107,train,Valid Claim,CLM-1107_v1.png,dataset\cards\train\valid\CLM-1107_v1.png
CLM-1107,train,Valid Claim,CLM-1107_v2.png,dataset\cards\train\valid\CLM-1107_v2.png
CLM-0138,train,Valid Claim,CLM-0138_v1.png,dataset\cards\train\valid\CLM-0138_v1.png
CLM-0138,train,Valid Claim,CLM-0138_v2.png,dataset\cards\train\valid\CLM-0138_v2.png
CLM-0658,train,Valid Claim,CLM-0658_v1.png,dataset\cards\train\valid\CLM-0658_v1.png
CLM-0658,train,Valid Claim,CLM-0658_v2.png,dataset\cards\train\valid\CLM-0658_v2.png
CLM-1131,train,Valid Claim,CLM-1131_v1.png,dataset\cards\train\valid\CLM-1131_v1.png
CLM-1131,train,Valid Claim,CLM-1131_v2.png,dataset\cards\train\valid\CLM-1131_v2.png
CLM-1026,train,Valid Claim,CLM-1026_v1.png,dataset\cards\train\valid\CLM-1026_v1.png
CLM-1026,train,Valid Claim,CLM-1026_v2.png,dataset\cards\train\valid\CLM-1026_v2.png
CLM-1130,train,Valid Claim,CLM-1130_v1.png,dataset\cards\train\valid\CLM-1130_v1.png
CLM-1130,train,Valid Claim,CLM-1130_v2.png,dataset\cards\train\valid\CLM-1130_v2.png
CLM-1125,train,Valid Claim,CLM-1125_v1.png,dataset\cards\train\valid\CLM-1125_v1.png
CLM-1125,train,Valid Claim,CLM-1125_v2.png,dataset\cards\train\valid\CLM-1125_v2.png
CLM-0082,train,Valid Claim,CLM-0082_v1.png,dataset\cards\train\valid\CLM-0082_v1.png
CLM-0082,train,Valid Claim,CLM-0082_v2.png,dataset\cards\train\valid\CLM-0082_v2.png
CLM-1055,train,Valid Claim,CLM-1055_v1.png,dataset\cards\train\valid\CLM-1055_v1.png
CLM-1055,train,Valid Claim,CLM-1055_v2.png,dataset\cards\train\valid\CLM-1055_v2.png
CLM-1067,train,Valid Claim,CLM-1067_v1.png,dataset\cards\train\valid\CLM-1067_v1.png
CLM-1067,train,Valid Claim,CLM-1067_v2.png,dataset\cards\train\valid\CLM-1067_v2.png
CLM-1093,train,Valid Claim,CLM-1093_v1.png,dataset\cards\train\valid\CLM-1093_v1.png
CLM-1093,train,Valid Claim,CLM-1093_v2.png,dataset\cards\train\valid\CLM-1093_v2.png
CLM-0632,train,Valid Claim,CLM-0632_v1.png,dataset\cards\train\valid\CLM-0632_v1.png
CLM-0632,train,Valid Claim,CLM-0632_v2.png,dataset\cards\train\valid\CLM-0632_v2.png
CLM-0602,train,Valid Claim,CLM-0602_v1.png,dataset\cards\train\valid\CLM-0602_v1.png
CLM-0602,train,Valid Claim,CLM-0602_v2.png,dataset\cards\train\valid\CLM-0602_v2.png
CLM-0516,train,Valid Claim,CLM-0516_v1.png,dataset\cards\train\valid\CLM-0516_v1.png
CLM-0516,train,Valid Claim,CLM-0516_v2.png,dataset\cards\train\valid\CLM-0516_v2.png
CLM-0656,train,Valid Claim,CLM-0656_v1.png,dataset\cards\train\valid\CLM-0656_v1.png
CLM-0656,train,Valid Claim,CLM-0656_v2.png,dataset\cards\train\valid\CLM-0656_v2.png
CLM-0524,train,Valid Claim,CLM-0524_v1.png,dataset\cards\train\valid\CLM-0524_v1.png
CLM-0524,train,Valid Claim,CLM-0524_v2.png,dataset\cards\train\valid\CLM-0524_v2.png
CLM-0600,train,Valid Claim,CLM-0600_v1.png,dataset\cards\train\valid\CLM-0600_v1.png
CLM-0600,train,Valid Claim,CLM-0600_v2.png,dataset\cards\train\valid\CLM-0600_v2.png
CLM-1092,train,Valid Claim,CLM-1092_v1.png,dataset\cards\train\valid\CLM-1092_v1.png
CLM-1092,train,Valid Claim,CLM-1092_v2.png,dataset\cards\train\valid\CLM-1092_v2.png
CLM-1135,train,Valid Claim,CLM-1135_v1.png,dataset\cards\train\valid\CLM-1135_v1.png
CLM-1135,train,Valid Claim,CLM-1135_v2.png,dataset\cards\train\valid\CLM-1135_v2.png
CLM-1052,train,Valid Claim,CLM-1052_v1.png,dataset\cards\train\valid\CLM-1052_v1.png
CLM-1052,train,Valid Claim,CLM-1052_v2.png,dataset\cards\train\valid\CLM-1052_v2.png
CLM-0137,train,Valid Claim,CLM-0137_v1.png,dataset\cards\train\valid\CLM-0137_v1.png
CLM-0137,train,Valid Claim,CLM-0137_v2.png,dataset\cards\train\valid\CLM-0137_v2.png
CLM-1031,train,Valid Claim,CLM-1031_v1.png,dataset\cards\train\valid\CLM-1031_v1.png
CLM-1031,train,Valid Claim,CLM-1031_v2.png,dataset\cards\train\valid\CLM-1031_v2.png
CLM-0647,train,Valid Claim,CLM-0647_v1.png,dataset\cards\train\valid\CLM-0647_v1.png
CLM-0647,train,Valid Claim,CLM-0647_v2.png,dataset\cards\train\valid\CLM-0647_v2.png
CLM-0615,train,Valid Claim,CLM-0615_v1.png,dataset\cards\train\valid\CLM-0615_v1.png
CLM-0615,train,Valid Claim,CLM-0615_v2.png,dataset\cards\train\valid\CLM-0615_v2.png
CLM-1133,train,Valid Claim,CLM-1133_v1.png,dataset\cards\train\valid\CLM-1133_v1.png
CLM-1133,train,Valid Claim,CLM-1133_v2.png,dataset\cards\train\valid\CLM-1133_v2.png
CLM-1017,train,Valid Claim,CLM-1017_v1.png,dataset\cards\train\valid\CLM-1017_v1.png
CLM-1017,train,Valid Claim,CLM-1017_v2.png,dataset\cards\train\valid\CLM-1017_v2.png
CLM-0105,train,Valid Claim,CLM-0105_v1.png,dataset\cards\train\valid\CLM-0105_v1.png
CLM-0105,train,Valid Claim,CLM-0105_v2.png,dataset\cards\train\valid\CLM-0105_v2.png
CLM-1111,train,Valid Claim,CLM-1111_v1.png,dataset\cards\train\valid\CLM-1111_v1.png
CLM-1111,train,Valid Claim,CLM-1111_v2.png,dataset\cards\train\valid\CLM-1111_v2.png
CLM-1012,train,Valid Claim,CLM-1012_v1.png,dataset\cards\train\valid\CLM-1012_v1.png
CLM-1012,train,Valid Claim,CLM-1012_v2.png,dataset\cards\train\valid\CLM-1012_v2.png
CLM-0666,train,Valid Claim,CLM-0666_v1.png,dataset\cards\train\valid\CLM-0666_v1.png
CLM-0666,train,Valid Claim,CLM-0666_v2.png,dataset\cards\train\valid\CLM-0666_v2.png
CLM-1032,train,Valid Claim,CLM-1032_v1.png,dataset\cards\train\valid\CLM-1032_v1.png
CLM-1032,train,Valid Claim,CLM-1032_v2.png,dataset\cards\train\valid\CLM-1032_v2.png
CLM-0068,train,Valid Claim,CLM-0068_v1.png,dataset\cards\train\valid\CLM-0068_v1.png
CLM-0068,train,Valid Claim,CLM-0068_v2.png,dataset\cards\train\valid\CLM-0068_v2.png
CLM-0013,train,Valid Claim,CLM-0013_v1.png,dataset\cards\train\valid\CLM-0013_v1.png
CLM-0013,train,Valid Claim,CLM-0013_v2.png,dataset\cards\train\valid\CLM-0013_v2.png
CLM-1068,train,Valid Claim,CLM-1068_v1.png,dataset\cards\train\valid\CLM-1068_v1.png
CLM-1068,train,Valid Claim,CLM-1068_v2.png,dataset\cards\train\valid\CLM-1068_v2.png
CLM-1045,train,Valid Claim,CLM-1045_v1.png,dataset\cards\train\valid\CLM-1045_v1.png
CLM-1045,train,Valid Claim,CLM-1045_v2.png,dataset\cards\train\valid\CLM-1045_v2.png
CLM-0109,train,Valid Claim,CLM-0109_v1.png,dataset\cards\train\valid\CLM-0109_v1.png
CLM-0109,train,Valid Claim,CLM-0109_v2.png,dataset\cards\train\valid\CLM-0109_v2.png
CLM-0555,train,Valid Claim,CLM-0555_v1.png,dataset\cards\train\valid\CLM-0555_v1.png
CLM-0555,train,Valid Claim,CLM-0555_v2.png,dataset\cards\train\valid\CLM-0555_v2.png
CLM-0640,train,Valid Claim,CLM-0640_v1.png,dataset\cards\train\valid\CLM-0640_v1.png
CLM-0640,train,Valid Claim,CLM-0640_v2.png,dataset\cards\train\valid\CLM-0640_v2.png
CLM-0576,train,Valid Claim,CLM-0576_v1.png,dataset\cards\train\valid\CLM-0576_v1.png
CLM-0576,train,Valid Claim,CLM-0576_v2.png,dataset\cards\train\valid\CLM-0576_v2.png
CLM-0111,train,Valid Claim,CLM-0111_v1.png,dataset\cards\train\valid\CLM-0111_v1.png
CLM-0111,train,Valid Claim,CLM-0111_v2.png,dataset\cards\train\valid\CLM-0111_v2.png
CLM-1027,train,Valid Claim,CLM-1027_v1.png,dataset\cards\train\valid\CLM-1027_v1.png
CLM-1027,train,Valid Claim,CLM-1027_v2.png,dataset\cards\train\valid\CLM-1027_v2.png
CLM-1129,train,Valid Claim,CLM-1129_v1.png,dataset\cards\train\valid\CLM-1129_v1.png
CLM-1129,train,Valid Claim,CLM-1129_v2.png,dataset\cards\train\valid\CLM-1129_v2.png
CLM-0099,train,Valid Claim,CLM-0099_v1.png,dataset\cards\train\valid\CLM-0099_v1.png
CLM-0099,train,Valid Claim,CLM-0099_v2.png,dataset\cards\train\valid\CLM-0099_v2.png
CLM-0065,train,Valid Claim,CLM-0065_v1.png,dataset\cards\train\valid\CLM-0065_v1.png
CLM-0065,train,Valid Claim,CLM-0065_v2.png,dataset\cards\train\valid\CLM-0065_v2.png
CLM-0015,train,Valid Claim,CLM-0015_v1.png,dataset\cards\train\valid\CLM-0015_v1.png
CLM-0015,train,Valid Claim,CLM-0015_v2.png,dataset\cards\train\valid\CLM-0015_v2.png
CLM-0029,train,Valid Claim,CLM-0029_v1.png,dataset\cards\train\valid\CLM-0029_v1.png
CLM-0029,train,Valid Claim,CLM-0029_v2.png,dataset\cards\train\valid\CLM-0029_v2.png
CLM-0094,train,Valid Claim,CLM-0094_v1.png,dataset\cards\train\valid\CLM-0094_v1.png
CLM-0094,train,Valid Claim,CLM-0094_v2.png,dataset\cards\train\valid\CLM-0094_v2.png
CLM-1081,train,Valid Claim,CLM-1081_v1.png,dataset\cards\train\valid\CLM-1081_v1.png
CLM-1081,train,Valid Claim,CLM-1081_v2.png,dataset\cards\train\valid\CLM-1081_v2.png
CLM-0005,train,Valid Claim,CLM-0005_v1.png,dataset\cards\train\valid\CLM-0005_v1.png
CLM-0005,train,Valid Claim,CLM-0005_v2.png,dataset\cards\train\valid\CLM-0005_v2.png
CLM-0613,train,Valid Claim,CLM-0613_v1.png,dataset\cards\train\valid\CLM-0613_v1.png
CLM-0613,train,Valid Claim,CLM-0613_v2.png,dataset\cards\train\valid\CLM-0613_v2.png
CLM-0106,train,Valid Claim,CLM-0106_v1.png,dataset\cards\train\valid\CLM-0106_v1.png
CLM-0106,train,Valid Claim,CLM-0106_v2.png,dataset\cards\train\valid\CLM-0106_v2.png
CLM-0657,train,Valid Claim,CLM-0657_v1.png,dataset\cards\train\valid\CLM-0657_v1.png
CLM-0657,train,Valid Claim,CLM-0657_v2.png,dataset\cards\train\valid\CLM-0657_v2.png
CLM-0536,train,Valid Claim,CLM-0536_v1.png,dataset\cards\train\valid\CLM-0536_v1.png
CLM-0536,train,Valid Claim,CLM-0536_v2.png,dataset\cards\train\valid\CLM-0536_v2.png
CLM-1149,train,Valid Claim,CLM-1149_v1.png,dataset\cards\train\valid\CLM-1149_v1.png
CLM-1149,train,Valid Claim,CLM-1149_v2.png,dataset\cards\train\valid\CLM-1149_v2.png
CLM-0651,train,Valid Claim,CLM-0651_v1.png,dataset\cards\train\valid\CLM-0651_v1.png
CLM-0651,train,Valid Claim,CLM-0651_v2.png,dataset\cards\train\valid\CLM-0651_v2.png
CLM-1071,train,Valid Claim,CLM-1071_v1.png,dataset\cards\train\valid\CLM-1071_v1.png
CLM-1071,train,Valid Claim,CLM-1071_v2.png,dataset\cards\train\valid\CLM-1071_v2.png
CLM-0049,train,Valid Claim,CLM-0049_v1.png,dataset\cards\train\valid\CLM-0049_v1.png
CLM-0049,train,Valid Claim,CLM-0049_v2.png,dataset\cards\train\valid\CLM-0049_v2.png
CLM-0546,train,Valid Claim,CLM-0546_v1.png,dataset\cards\train\valid\CLM-0546_v1.png
CLM-0546,train,Valid Claim,CLM-0546_v2.png,dataset\cards\train\valid\CLM-0546_v2.png
CLM-0036,train,Valid Claim,CLM-0036_v1.png,dataset\cards\train\valid\CLM-0036_v1.png
CLM-0036,train,Valid Claim,CLM-0036_v2.png,dataset\cards\train\valid\CLM-0036_v2.png
CLM-0158,train,Valid Claim,CLM-0158_v1.png,dataset\cards\train\valid\CLM-0158_v1.png
CLM-0158,train,Valid Claim,CLM-0158_v2.png,dataset\cards\train\valid\CLM-0158_v2.png
CLM-0012,train,Valid Claim,CLM-0012_v1.png,dataset\cards\train\valid\CLM-0012_v1.png
CLM-0012,train,Valid Claim,CLM-0012_v2.png,dataset\cards\train\valid\CLM-0012_v2.png
CLM-0080,train,Valid Claim,CLM-0080_v1.png,dataset\cards\train\valid\CLM-0080_v1.png
CLM-0080,train,Valid Claim,CLM-0080_v2.png,dataset\cards\train\valid\CLM-0080_v2.png
CLM-0548,train,Valid Claim,CLM-0548_v1.png,dataset\cards\train\valid\CLM-0548_v1.png
CLM-0548,train,Valid Claim,CLM-0548_v2.png,dataset\cards\train\valid\CLM-0548_v2.png
CLM-0128,train,Valid Claim,CLM-0128_v1.png,dataset\cards\train\valid\CLM-0128_v1.png
CLM-0128,train,Valid Claim,CLM-0128_v2.png,dataset\cards\train\valid\CLM-0128_v2.png
CLM-0103,train,Valid Claim,CLM-0103_v1.png,dataset\cards\train\valid\CLM-0103_v1.png
CLM-0103,train,Valid Claim,CLM-0103_v2.png,dataset\cards\train\valid\CLM-0103_v2.png
CLM-0622,train,Valid Claim,CLM-0622_v1.png,dataset\cards\train\valid\CLM-0622_v1.png
CLM-0622,train,Valid Claim,CLM-0622_v2.png,dataset\cards\train\valid\CLM-0622_v2.png
CLM-0019,train,Valid Claim,CLM-0019_v1.png,dataset\cards\train\valid\CLM-0019_v1.png
CLM-0019,train,Valid Claim,CLM-0019_v2.png,dataset\cards\train\valid\CLM-0019_v2.png
CLM-1115,train,Valid Claim,CLM-1115_v1.png,dataset\cards\train\valid\CLM-1115_v1.png
CLM-1115,train,Valid Claim,CLM-1115_v2.png,dataset\cards\train\valid\CLM-1115_v2.png
CLM-0166,train,Valid Claim,CLM-0166_v1.png,dataset\cards\train\valid\CLM-0166_v1.png
CLM-0166,train,Valid Claim,CLM-0166_v2.png,dataset\cards\train\valid\CLM-0166_v2.png
CLM-1075,train,Valid Claim,CLM-1075_v1.png,dataset\cards\train\valid\CLM-1075_v1.png
CLM-1075,train,Valid Claim,CLM-1075_v2.png,dataset\cards\train\valid\CLM-1075_v2.png
CLM-0562,train,Valid Claim,CLM-0562_v1.png,dataset\cards\train\valid\CLM-0562_v1.png
CLM-0562,train,Valid Claim,CLM-0562_v2.png,dataset\cards\train\valid\CLM-0562_v2.png
CLM-0070,train,Valid Claim,CLM-0070_v1.png,dataset\cards\train\valid\CLM-0070_v1.png
CLM-0070,train,Valid Claim,CLM-0070_v2.png,dataset\cards\train\valid\CLM-0070_v2.png
CLM-0140,train,Valid Claim,CLM-0140_v1.png,dataset\cards\train\valid\CLM-0140_v1.png
CLM-0140,train,Valid Claim,CLM-0140_v2.png,dataset\cards\train\valid\CLM-0140_v2.png
CLM-1048,train,Valid Claim,CLM-1048_v1.png,dataset\cards\train\valid\CLM-1048_v1.png
CLM-1048,train,Valid Claim,CLM-1048_v2.png,dataset\cards\train\valid\CLM-1048_v2.png
CLM-1118,train,Valid Claim,CLM-1118_v1.png,dataset\cards\train\valid\CLM-1118_v1.png
CLM-1118,train,Valid Claim,CLM-1118_v2.png,dataset\cards\train\valid\CLM-1118_v2.png
CLM-1073,train,Valid Claim,CLM-1073_v1.png,dataset\cards\train\valid\CLM-1073_v1.png
CLM-1073,train,Valid Claim,CLM-1073_v2.png,dataset\cards\train\valid\CLM-1073_v2.png
CLM-0011,train,Valid Claim,CLM-0011_v1.png,dataset\cards\train\valid\CLM-0011_v1.png
CLM-0011,train,Valid Claim,CLM-0011_v2.png,dataset\cards\train\valid\CLM-0011_v2.png
CLM-0039,train,Valid Claim,CLM-0039_v1.png,dataset\cards\train\valid\CLM-0039_v1.png
CLM-0039,train,Valid Claim,CLM-0039_v2.png,dataset\cards\train\valid\CLM-0039_v2.png
CLM-1069,train,Valid Claim,CLM-1069_v1.png,dataset\cards\train\valid\CLM-1069_v1.png
CLM-1069,train,Valid Claim,CLM-1069_v2.png,dataset\cards\train\valid\CLM-1069_v2.png
CLM-1158,train,Valid Claim,CLM-1158_v1.png,dataset\cards\train\valid\CLM-1158_v1.png
CLM-1158,train,Valid Claim,CLM-1158_v2.png,dataset\cards\train\valid\CLM-1158_v2.png
CLM-1124,train,Valid Claim,CLM-1124_v1.png,dataset\cards\train\valid\CLM-1124_v1.png
CLM-1124,train,Valid Claim,CLM-1124_v2.png,dataset\cards\train\valid\CLM-1124_v2.png
CLM-0655,train,Valid Claim,CLM-0655_v1.png,dataset\cards\train\valid\CLM-0655_v1.png
CLM-0655,train,Valid Claim,CLM-0655_v2.png,dataset\cards\train\valid\CLM-0655_v2.png
CLM-0028,train,Valid Claim,CLM-0028_v1.png,dataset\cards\train\valid\CLM-0028_v1.png
CLM-0028,train,Valid Claim,CLM-0028_v2.png,dataset\cards\train\valid\CLM-0028_v2.png
CLM-0046,train,Valid Claim,CLM-0046_v1.png,dataset\cards\train\valid\CLM-0046_v1.png
CLM-0046,train,Valid Claim,CLM-0046_v2.png,dataset\cards\train\valid\CLM-0046_v2.png
CLM-0519,train,Valid Claim,CLM-0519_v1.png,dataset\cards\train\valid\CLM-0519_v1.png
CLM-0519,train,Valid Claim,CLM-0519_v2.png,dataset\cards\train\valid\CLM-0519_v2.png
CLM-1116,train,Valid Claim,CLM-1116_v1.png,dataset\cards\train\valid\CLM-1116_v1.png
CLM-1116,train,Valid Claim,CLM-1116_v2.png,dataset\cards\train\valid\CLM-1116_v2.png
CLM-0517,train,Valid Claim,CLM-0517_v1.png,dataset\cards\train\valid\CLM-0517_v1.png
CLM-0517,train,Valid Claim,CLM-0517_v2.png,dataset\cards\train\valid\CLM-0517_v2.png
CLM-0108,train,Valid Claim,CLM-0108_v1.png,dataset\cards\train\valid\CLM-0108_v1.png
CLM-0108,train,Valid Claim,CLM-0108_v2.png,dataset\cards\train\valid\CLM-0108_v2.png
CLM-1103,train,Valid Claim,CLM-1103_v1.png,dataset\cards\train\valid\CLM-1103_v1.png
CLM-1103,train,Valid Claim,CLM-1103_v2.png,dataset\cards\train\valid\CLM-1103_v2.png
CLM-1056,train,Valid Claim,CLM-1056_v1.png,dataset\cards\train\valid\CLM-1056_v1.png
CLM-1056,train,Valid Claim,CLM-1056_v2.png,dataset\cards\train\valid\CLM-1056_v2.png
CLM-1040,train,Valid Claim,CLM-1040_v1.png,dataset\cards\train\valid\CLM-1040_v1.png
CLM-1040,train,Valid Claim,CLM-1040_v2.png,dataset\cards\train\valid\CLM-1040_v2.png
CLM-1099,train,Valid Claim,CLM-1099_v1.png,dataset\cards\train\valid\CLM-1099_v1.png
CLM-1099,train,Valid Claim,CLM-1099_v2.png,dataset\cards\train\valid\CLM-1099_v2.png
CLM-0551,train,Valid Claim,CLM-0551_v1.png,dataset\cards\train\valid\CLM-0551_v1.png
CLM-0551,train,Valid Claim,CLM-0551_v2.png,dataset\cards\train\valid\CLM-0551_v2.png
CLM-0644,train,Valid Claim,CLM-0644_v1.png,dataset\cards\train\valid\CLM-0644_v1.png
CLM-0644,train,Valid Claim,CLM-0644_v2.png,dataset\cards\train\valid\CLM-0644_v2.png
CLM-0162,train,Valid Claim,CLM-0162_v1.png,dataset\cards\train\valid\CLM-0162_v1.png
CLM-0162,train,Valid Claim,CLM-0162_v2.png,dataset\cards\train\valid\CLM-0162_v2.png
CLM-1018,train,Valid Claim,CLM-1018_v1.png,dataset\cards\train\valid\CLM-1018_v1.png
CLM-1018,train,Valid Claim,CLM-1018_v2.png,dataset\cards\train\valid\CLM-1018_v2.png
CLM-1163,train,Valid Claim,CLM-1163_v1.png,dataset\cards\train\valid\CLM-1163_v1.png
CLM-1163,train,Valid Claim,CLM-1163_v2.png,dataset\cards\train\valid\CLM-1163_v2.png
CLM-0098,train,Valid Claim,CLM-0098_v1.png,dataset\cards\train\valid\CLM-0098_v1.png
CLM-0098,train,Valid Claim,CLM-0098_v2.png,dataset\cards\train\valid\CLM-0098_v2.png
CLM-0583,train,Valid Claim,CLM-0583_v1.png,dataset\cards\train\valid\CLM-0583_v1.png
CLM-0583,train,Valid Claim,CLM-0583_v2.png,dataset\cards\train\valid\CLM-0583_v2.png
CLM-1162,train,Valid Claim,CLM-1162_v1.png,dataset\cards\train\valid\CLM-1162_v1.png
CLM-1162,train,Valid Claim,CLM-1162_v2.png,dataset\cards\train\valid\CLM-1162_v2.png
CLM-0511,train,Valid Claim,CLM-0511_v1.png,dataset\cards\train\valid\CLM-0511_v1.png
CLM-0511,train,Valid Claim,CLM-0511_v2.png,dataset\cards\train\valid\CLM-0511_v2.png
CLM-1294,train,Invalid Claim,CLM-1294_v1.png,dataset\cards\train\invalid\CLM-1294_v1.png
CLM-1294,train,Invalid Claim,CLM-1294_v2.png,dataset\cards\train\invalid\CLM-1294_v2.png
CLM-1248,train,Invalid Claim,CLM-1248_v1.png,dataset\cards\train\invalid\CLM-1248_v1.png
CLM-1248,train,Invalid Claim,CLM-1248_v2.png,dataset\cards\train\invalid\CLM-1248_v2.png
CLM-1257,train,Invalid Claim,CLM-1257_v1.png,dataset\cards\train\invalid\CLM-1257_v1.png
CLM-1257,train,Invalid Claim,CLM-1257_v2.png,dataset\cards\train\invalid\CLM-1257_v2.png
CLM-0233,train,Invalid Claim,CLM-0233_v1.png,dataset\cards\train\invalid\CLM-0233_v1.png
CLM-0233,train,Invalid Claim,CLM-0233_v2.png,dataset\cards\train\invalid\CLM-0233_v2.png
CLM-1206,train,Invalid Claim,CLM-1206_v1.png,dataset\cards\train\invalid\CLM-1206_v1.png
CLM-1206,train,Invalid Claim,CLM-1206_v2.png,dataset\cards\train\invalid\CLM-1206_v2.png
CLM-0796,train,Invalid Claim,CLM-0796_v1.png,dataset\cards\train\invalid\CLM-0796_v1.png
CLM-0796,train,Invalid Claim,CLM-0796_v2.png,dataset\cards\train\invalid\CLM-0796_v2.png
CLM-0746,train,Invalid Claim,CLM-0746_v1.png,dataset\cards\train\invalid\CLM-0746_v1.png
CLM-0746,train,Invalid Claim,CLM-0746_v2.png,dataset\cards\train\invalid\CLM-0746_v2.png
CLM-0287,train,Invalid Claim,CLM-0287_v1.png,dataset\cards\train\invalid\CLM-0287_v1.png
CLM-0287,train,Invalid Claim,CLM-0287_v2.png,dataset\cards\train\invalid\CLM-0287_v2.png
CLM-0739,train,Invalid Claim,CLM-0739_v1.png,dataset\cards\train\invalid\CLM-0739_v1.png
CLM-0739,train,Invalid Claim,CLM-0739_v2.png,dataset\cards\train\invalid\CLM-0739_v2.png
CLM-0789,train,Invalid Claim,CLM-0789_v1.png,dataset\cards\train\invalid\CLM-0789_v1.png
CLM-0789,train,Invalid Claim,CLM-0789_v2.png,dataset\cards\train\invalid\CLM-0789_v2.png
CLM-0278,train,Invalid Claim,CLM-0278_v1.png,dataset\cards\train\invalid\CLM-0278_v1.png
CLM-0278,train,Invalid Claim,CLM-0278_v2.png,dataset\cards\train\invalid\CLM-0278_v2.png
CLM-0671,train,Invalid Claim,CLM-0671_v1.png,dataset\cards\train\invalid\CLM-0671_v1.png
CLM-0671,train,Invalid Claim,CLM-0671_v2.png,dataset\cards\train\invalid\CLM-0671_v2.png
CLM-0717,train,Invalid Claim,CLM-0717_v1.png,dataset\cards\train\invalid\CLM-0717_v1.png
CLM-0717,train,Invalid Claim,CLM-0717_v2.png,dataset\cards\train\invalid\CLM-0717_v2.png
CLM-1199,train,Invalid Claim,CLM-1199_v1.png,dataset\cards\train\invalid\CLM-1199_v1.png
CLM-1199,train,Invalid Claim,CLM-1199_v2.png,dataset\cards\train\invalid\CLM-1199_v2.png
CLM-0783,train,Invalid Claim,CLM-0783_v1.png,dataset\cards\train\invalid\CLM-0783_v1.png
CLM-0783,train,Invalid Claim,CLM-0783_v2.png,dataset\cards\train\invalid\CLM-0783_v2.png
CLM-1223,train,Invalid Claim,CLM-1223_v1.png,dataset\cards\train\invalid\CLM-1223_v1.png
CLM-1223,train,Invalid Claim,CLM-1223_v2.png,dataset\cards\train\invalid\CLM-1223_v2.png
CLM-1188,train,Invalid Claim,CLM-1188_v1.png,dataset\cards\train\invalid\CLM-1188_v1.png
CLM-1188,train,Invalid Claim,CLM-1188_v2.png,dataset\cards\train\invalid\CLM-1188_v2.png
CLM-0765,train,Invalid Claim,CLM-0765_v1.png,dataset\cards\train\invalid\CLM-0765_v1.png
CLM-0765,train,Invalid Claim,CLM-0765_v2.png,dataset\cards\train\invalid\CLM-0765_v2.png
CLM-0729,train,Invalid Claim,CLM-0729_v1.png,dataset\cards\train\invalid\CLM-0729_v1.png
CLM-0729,train,Invalid Claim,CLM-0729_v2.png,dataset\cards\train\invalid\CLM-0729_v2.png
CLM-1182,train,Invalid Claim,CLM-1182_v1.png,dataset\cards\train\invalid\CLM-1182_v1.png
CLM-1182,train,Invalid Claim,CLM-1182_v2.png,dataset\cards\train\invalid\CLM-1182_v2.png
CLM-0813,train,Invalid Claim,CLM-0813_v1.png,dataset\cards\train\invalid\CLM-0813_v1.png
CLM-0813,train,Invalid Claim,CLM-0813_v2.png,dataset\cards\train\invalid\CLM-0813_v2.png
CLM-0834,train,Invalid Claim,CLM-0834_v1.png,dataset\cards\train\invalid\CLM-0834_v1.png
CLM-0834,train,Invalid Claim,CLM-0834_v2.png,dataset\cards\train\invalid\CLM-0834_v2.png
CLM-1217,train,Invalid Claim,CLM-1217_v1.png,dataset\cards\train\invalid\CLM-1217_v1.png
CLM-1217,train,Invalid Claim,CLM-1217_v2.png,dataset\cards\train\invalid\CLM-1217_v2.png
CLM-1221,train,Invalid Claim,CLM-1221_v1.png,dataset\cards\train\invalid\CLM-1221_v1.png
CLM-1221,train,Invalid Claim,CLM-1221_v2.png,dataset\cards\train\invalid\CLM-1221_v2.png
CLM-1175,train,Invalid Claim,CLM-1175_v1.png,dataset\cards\train\invalid\CLM-1175_v1.png
CLM-1175,train,Invalid Claim,CLM-1175_v2.png,dataset\cards\train\invalid\CLM-1175_v2.png
CLM-0752,train,Invalid Claim,CLM-0752_v1.png,dataset\cards\train\invalid\CLM-0752_v1.png
CLM-0752,train,Invalid Claim,CLM-0752_v2.png,dataset\cards\train\invalid\CLM-0752_v2.png
CLM-0231,train,Invalid Claim,CLM-0231_v1.png,dataset\cards\train\invalid\CLM-0231_v1.png
CLM-0231,train,Invalid Claim,CLM-0231_v2.png,dataset\cards\train\invalid\CLM-0231_v2.png
CLM-0260,train,Invalid Claim,CLM-0260_v1.png,dataset\cards\train\invalid\CLM-0260_v1.png
CLM-0260,train,Invalid Claim,CLM-0260_v2.png,dataset\cards\train\invalid\CLM-0260_v2.png
CLM-1267,train,Invalid Claim,CLM-1267_v1.png,dataset\cards\train\invalid\CLM-1267_v1.png
CLM-1267,train,Invalid Claim,CLM-1267_v2.png,dataset\cards\train\invalid\CLM-1267_v2.png
CLM-1168,train,Invalid Claim,CLM-1168_v1.png,dataset\cards\train\invalid\CLM-1168_v1.png
CLM-1168,train,Invalid Claim,CLM-1168_v2.png,dataset\cards\train\invalid\CLM-1168_v2.png
CLM-1227,train,Invalid Claim,CLM-1227_v1.png,dataset\cards\train\invalid\CLM-1227_v1.png
CLM-1227,train,Invalid Claim,CLM-1227_v2.png,dataset\cards\train\invalid\CLM-1227_v2.png
CLM-1286,train,Invalid Claim,CLM-1286_v1.png,dataset\cards\train\invalid\CLM-1286_v1.png
CLM-1286,train,Invalid Claim,CLM-1286_v2.png,dataset\cards\train\invalid\CLM-1286_v2.png
CLM-1314,train,Invalid Claim,CLM-1314_v1.png,dataset\cards\train\invalid\CLM-1314_v1.png
CLM-1314,train,Invalid Claim,CLM-1314_v2.png,dataset\cards\train\invalid\CLM-1314_v2.png
CLM-0749,train,Invalid Claim,CLM-0749_v1.png,dataset\cards\train\invalid\CLM-0749_v1.png
CLM-0749,train,Invalid Claim,CLM-0749_v2.png,dataset\cards\train\invalid\CLM-0749_v2.png
CLM-0726,train,Invalid Claim,CLM-0726_v1.png,dataset\cards\train\invalid\CLM-0726_v1.png
CLM-0726,train,Invalid Claim,CLM-0726_v2.png,dataset\cards\train\invalid\CLM-0726_v2.png
CLM-0328,train,Invalid Claim,CLM-0328_v1.png,dataset\cards\train\invalid\CLM-0328_v1.png
CLM-0328,train,Invalid Claim,CLM-0328_v2.png,dataset\cards\train\invalid\CLM-0328_v2.png
CLM-1276,train,Invalid Claim,CLM-1276_v1.png,dataset\cards\train\invalid\CLM-1276_v1.png
CLM-1276,train,Invalid Claim,CLM-1276_v2.png,dataset\cards\train\invalid\CLM-1276_v2.png
CLM-0269,train,Invalid Claim,CLM-0269_v1.png,dataset\cards\train\invalid\CLM-0269_v1.png
CLM-0269,train,Invalid Claim,CLM-0269_v2.png,dataset\cards\train\invalid\CLM-0269_v2.png
CLM-0826,train,Invalid Claim,CLM-0826_v1.png,dataset\cards\train\invalid\CLM-0826_v1.png
CLM-0826,train,Invalid Claim,CLM-0826_v2.png,dataset\cards\train\invalid\CLM-0826_v2.png
CLM-1315,train,Invalid Claim,CLM-1315_v1.png,dataset\cards\train\invalid\CLM-1315_v1.png
CLM-1315,train,Invalid Claim,CLM-1315_v2.png,dataset\cards\train\invalid\CLM-1315_v2.png
CLM-0318,train,Invalid Claim,CLM-0318_v1.png,dataset\cards\train\invalid\CLM-0318_v1.png
CLM-0318,train,Invalid Claim,CLM-0318_v2.png,dataset\cards\train\invalid\CLM-0318_v2.png
CLM-0289,train,Invalid Claim,CLM-0289_v1.png,dataset\cards\train\invalid\CLM-0289_v1.png
CLM-0289,train,Invalid Claim,CLM-0289_v2.png,dataset\cards\train\invalid\CLM-0289_v2.png
CLM-0741,train,Invalid Claim,CLM-0741_v1.png,dataset\cards\train\invalid\CLM-0741_v1.png
CLM-0741,train,Invalid Claim,CLM-0741_v2.png,dataset\cards\train\invalid\CLM-0741_v2.png
CLM-1255,train,Invalid Claim,CLM-1255_v1.png,dataset\cards\train\invalid\CLM-1255_v1.png
CLM-1255,train,Invalid Claim,CLM-1255_v2.png,dataset\cards\train\invalid\CLM-1255_v2.png
CLM-0816,train,Invalid Claim,CLM-0816_v1.png,dataset\cards\train\invalid\CLM-0816_v1.png
CLM-0816,train,Invalid Claim,CLM-0816_v2.png,dataset\cards\train\invalid\CLM-0816_v2.png
CLM-0237,train,Invalid Claim,CLM-0237_v1.png,dataset\cards\train\invalid\CLM-0237_v1.png
CLM-0237,train,Invalid Claim,CLM-0237_v2.png,dataset\cards\train\invalid\CLM-0237_v2.png
CLM-0701,train,Invalid Claim,CLM-0701_v1.png,dataset\cards\train\invalid\CLM-0701_v1.png
CLM-0701,train,Invalid Claim,CLM-0701_v2.png,dataset\cards\train\invalid\CLM-0701_v2.png
CLM-0706,train,Invalid Claim,CLM-0706_v1.png,dataset\cards\train\invalid\CLM-0706_v1.png
CLM-0706,train,Invalid Claim,CLM-0706_v2.png,dataset\cards\train\invalid\CLM-0706_v2.png
CLM-0812,train,Invalid Claim,CLM-0812_v1.png,dataset\cards\train\invalid\CLM-0812_v1.png
CLM-0812,train,Invalid Claim,CLM-0812_v2.png,dataset\cards\train\invalid\CLM-0812_v2.png
CLM-1260,train,Invalid Claim,CLM-1260_v1.png,dataset\cards\train\invalid\CLM-1260_v1.png
CLM-1260,train,Invalid Claim,CLM-1260_v2.png,dataset\cards\train\invalid\CLM-1260_v2.png
CLM-0833,train,Invalid Claim,CLM-0833_v1.png,dataset\cards\train\invalid\CLM-0833_v1.png
CLM-0833,train,Invalid Claim,CLM-0833_v2.png,dataset\cards\train\invalid\CLM-0833_v2.png
CLM-0808,train,Invalid Claim,CLM-0808_v1.png,dataset\cards\train\invalid\CLM-0808_v1.png
CLM-0808,train,Invalid Claim,CLM-0808_v2.png,dataset\cards\train\invalid\CLM-0808_v2.png
CLM-1290,train,Invalid Claim,CLM-1290_v1.png,dataset\cards\train\invalid\CLM-1290_v1.png
CLM-1290,train,Invalid Claim,CLM-1290_v2.png,dataset\cards\train\invalid\CLM-1290_v2.png
CLM-0699,train,Invalid Claim,CLM-0699_v1.png,dataset\cards\train\invalid\CLM-0699_v1.png
CLM-0699,train,Invalid Claim,CLM-0699_v2.png,dataset\cards\train\invalid\CLM-0699_v2.png
CLM-1244,train,Invalid Claim,CLM-1244_v1.png,dataset\cards\train\invalid\CLM-1244_v1.png
CLM-1244,train,Invalid Claim,CLM-1244_v2.png,dataset\cards\train\invalid\CLM-1244_v2.png
CLM-0192,train,Invalid Claim,CLM-0192_v1.png,dataset\cards\train\invalid\CLM-0192_v1.png
CLM-0192,train,Invalid Claim,CLM-0192_v2.png,dataset\cards\train\invalid\CLM-0192_v2.png
CLM-1282,train,Invalid Claim,CLM-1282_v1.png,dataset\cards\train\invalid\CLM-1282_v1.png
CLM-1282,train,Invalid Claim,CLM-1282_v2.png,dataset\cards\train\invalid\CLM-1282_v2.png
CLM-0225,train,Invalid Claim,CLM-0225_v1.png,dataset\cards\train\invalid\CLM-0225_v1.png
CLM-0225,train,Invalid Claim,CLM-0225_v2.png,dataset\cards\train\invalid\CLM-0225_v2.png
CLM-0270,train,Invalid Claim,CLM-0270_v1.png,dataset\cards\train\invalid\CLM-0270_v1.png
CLM-0270,train,Invalid Claim,CLM-0270_v2.png,dataset\cards\train\invalid\CLM-0270_v2.png
CLM-0230,train,Invalid Claim,CLM-0230_v1.png,dataset\cards\train\invalid\CLM-0230_v1.png
CLM-0230,train,Invalid Claim,CLM-0230_v2.png,dataset\cards\train\invalid\CLM-0230_v2.png
CLM-0772,train,Invalid Claim,CLM-0772_v1.png,dataset\cards\train\invalid\CLM-0772_v1.png
CLM-0772,train,Invalid Claim,CLM-0772_v2.png,dataset\cards\train\invalid\CLM-0772_v2.png
CLM-0702,train,Invalid Claim,CLM-0702_v1.png,dataset\cards\train\invalid\CLM-0702_v1.png
CLM-0702,train,Invalid Claim,CLM-0702_v2.png,dataset\cards\train\invalid\CLM-0702_v2.png
CLM-0682,train,Invalid Claim,CLM-0682_v1.png,dataset\cards\train\invalid\CLM-0682_v1.png
CLM-0682,train,Invalid Claim,CLM-0682_v2.png,dataset\cards\train\invalid\CLM-0682_v2.png
CLM-0184,train,Invalid Claim,CLM-0184_v1.png,dataset\cards\train\invalid\CLM-0184_v1.png
CLM-0184,train,Invalid Claim,CLM-0184_v2.png,dataset\cards\train\invalid\CLM-0184_v2.png
CLM-1292,train,Invalid Claim,CLM-1292_v1.png,dataset\cards\train\invalid\CLM-1292_v1.png
CLM-1292,train,Invalid Claim,CLM-1292_v2.png,dataset\cards\train\invalid\CLM-1292_v2.png
CLM-0804,train,Invalid Claim,CLM-0804_v1.png,dataset\cards\train\invalid\CLM-0804_v1.png
CLM-0804,train,Invalid Claim,CLM-0804_v2.png,dataset\cards\train\invalid\CLM-0804_v2.png
CLM-0771,train,Invalid Claim,CLM-0771_v1.png,dataset\cards\train\invalid\CLM-0771_v1.png
CLM-0771,train,Invalid Claim,CLM-0771_v2.png,dataset\cards\train\invalid\CLM-0771_v2.png
CLM-1184,train,Invalid Claim,CLM-1184_v1.png,dataset\cards\train\invalid\CLM-1184_v1.png
CLM-1184,train,Invalid Claim,CLM-1184_v2.png,dataset\cards\train\invalid\CLM-1184_v2.png
CLM-0321,train,Invalid Claim,CLM-0321_v1.png,dataset\cards\train\invalid\CLM-0321_v1.png
CLM-0321,train,Invalid Claim,CLM-0321_v2.png,dataset\cards\train\invalid\CLM-0321_v2.png
CLM-1299,train,Invalid Claim,CLM-1299_v1.png,dataset\cards\train\invalid\CLM-1299_v1.png
CLM-1299,train,Invalid Claim,CLM-1299_v2.png,dataset\cards\train\invalid\CLM-1299_v2.png
CLM-0204,train,Invalid Claim,CLM-0204_v1.png,dataset\cards\train\invalid\CLM-0204_v1.png
CLM-0204,train,Invalid Claim,CLM-0204_v2.png,dataset\cards\train\invalid\CLM-0204_v2.png
CLM-0779,train,Invalid Claim,CLM-0779_v1.png,dataset\cards\train\invalid\CLM-0779_v1.png
CLM-0779,train,Invalid Claim,CLM-0779_v2.png,dataset\cards\train\invalid\CLM-0779_v2.png
CLM-0177,train,Invalid Claim,CLM-0177_v1.png,dataset\cards\train\invalid\CLM-0177_v1.png
CLM-0177,train,Invalid Claim,CLM-0177_v2.png,dataset\cards\train\invalid\CLM-0177_v2.png
CLM-0761,train,Invalid Claim,CLM-0761_v1.png,dataset\cards\train\invalid\CLM-0761_v1.png
CLM-0761,train,Invalid Claim,CLM-0761_v2.png,dataset\cards\train\invalid\CLM-0761_v2.png
CLM-0751,train,Invalid Claim,CLM-0751_v1.png,dataset\cards\train\invalid\CLM-0751_v1.png
CLM-0751,train,Invalid Claim,CLM-0751_v2.png,dataset\cards\train\invalid\CLM-0751_v2.png
CLM-0298,train,Invalid Claim,CLM-0298_v1.png,dataset\cards\train\invalid\CLM-0298_v1.png
CLM-0298,train,Invalid Claim,CLM-0298_v2.png,dataset\cards\train\invalid\CLM-0298_v2.png
CLM-1316,train,Invalid Claim,CLM-1316_v1.png,dataset\cards\train\invalid\CLM-1316_v1.png
CLM-1316,train,Invalid Claim,CLM-1316_v2.png,dataset\cards\train\invalid\CLM-1316_v2.png
CLM-1180,train,Invalid Claim,CLM-1180_v1.png,dataset\cards\train\invalid\CLM-1180_v1.png
CLM-1180,train,Invalid Claim,CLM-1180_v2.png,dataset\cards\train\invalid\CLM-1180_v2.png
CLM-0216,train,Invalid Claim,CLM-0216_v1.png,dataset\cards\train\invalid\CLM-0216_v1.png
CLM-0216,train,Invalid Claim,CLM-0216_v2.png,dataset\cards\train\invalid\CLM-0216_v2.png
CLM-0693,train,Invalid Claim,CLM-0693_v1.png,dataset\cards\train\invalid\CLM-0693_v1.png
CLM-0693,train,Invalid Claim,CLM-0693_v2.png,dataset\cards\train\invalid\CLM-0693_v2.png
CLM-1254,train,Invalid Claim,CLM-1254_v1.png,dataset\cards\train\invalid\CLM-1254_v1.png
CLM-1254,train,Invalid Claim,CLM-1254_v2.png,dataset\cards\train\invalid\CLM-1254_v2.png
CLM-1328,train,Invalid Claim,CLM-1328_v1.png,dataset\cards\train\invalid\CLM-1328_v1.png
CLM-1328,train,Invalid Claim,CLM-1328_v2.png,dataset\cards\train\invalid\CLM-1328_v2.png
CLM-1209,train,Invalid Claim,CLM-1209_v1.png,dataset\cards\train\invalid\CLM-1209_v1.png
CLM-1209,train,Invalid Claim,CLM-1209_v2.png,dataset\cards\train\invalid\CLM-1209_v2.png
CLM-0186,train,Invalid Claim,CLM-0186_v1.png,dataset\cards\train\invalid\CLM-0186_v1.png
CLM-0186,train,Invalid Claim,CLM-0186_v2.png,dataset\cards\train\invalid\CLM-0186_v2.png
CLM-0312,train,Invalid Claim,CLM-0312_v1.png,dataset\cards\train\invalid\CLM-0312_v1.png
CLM-0312,train,Invalid Claim,CLM-0312_v2.png,dataset\cards\train\invalid\CLM-0312_v2.png
CLM-0300,train,Invalid Claim,CLM-0300_v1.png,dataset\cards\train\invalid\CLM-0300_v1.png
CLM-0300,train,Invalid Claim,CLM-0300_v2.png,dataset\cards\train\invalid\CLM-0300_v2.png
CLM-0248,train,Invalid Claim,CLM-0248_v1.png,dataset\cards\train\invalid\CLM-0248_v1.png
CLM-0248,train,Invalid Claim,CLM-0248_v2.png,dataset\cards\train\invalid\CLM-0248_v2.png
CLM-0735,train,Invalid Claim,CLM-0735_v1.png,dataset\cards\train\invalid\CLM-0735_v1.png
CLM-0735,train,Invalid Claim,CLM-0735_v2.png,dataset\cards\train\invalid\CLM-0735_v2.png
CLM-1233,train,Invalid Claim,CLM-1233_v1.png,dataset\cards\train\invalid\CLM-1233_v1.png
CLM-1233,train,Invalid Claim,CLM-1233_v2.png,dataset\cards\train\invalid\CLM-1233_v2.png
CLM-0825,train,Invalid Claim,CLM-0825_v1.png,dataset\cards\train\invalid\CLM-0825_v1.png
CLM-0825,train,Invalid Claim,CLM-0825_v2.png,dataset\cards\train\invalid\CLM-0825_v2.png
CLM-0323,train,Invalid Claim,CLM-0323_v1.png,dataset\cards\train\invalid\CLM-0323_v1.png
CLM-0323,train,Invalid Claim,CLM-0323_v2.png,dataset\cards\train\invalid\CLM-0323_v2.png
CLM-0709,train,Invalid Claim,CLM-0709_v1.png,dataset\cards\train\invalid\CLM-0709_v1.png
CLM-0709,train,Invalid Claim,CLM-0709_v2.png,dataset\cards\train\invalid\CLM-0709_v2.png
CLM-0271,train,Invalid Claim,CLM-0271_v1.png,dataset\cards\train\invalid\CLM-0271_v1.png
CLM-0271,train,Invalid Claim,CLM-0271_v2.png,dataset\cards\train\invalid\CLM-0271_v2.png
CLM-0290,train,Invalid Claim,CLM-0290_v1.png,dataset\cards\train\invalid\CLM-0290_v1.png
CLM-0290,train,Invalid Claim,CLM-0290_v2.png,dataset\cards\train\invalid\CLM-0290_v2.png
CLM-1330,train,Invalid Claim,CLM-1330_v1.png,dataset\cards\train\invalid\CLM-1330_v1.png
CLM-1330,train,Invalid Claim,CLM-1330_v2.png,dataset\cards\train\invalid\CLM-1330_v2.png
CLM-1210,train,Invalid Claim,CLM-1210_v1.png,dataset\cards\train\invalid\CLM-1210_v1.png
CLM-1210,train,Invalid Claim,CLM-1210_v2.png,dataset\cards\train\invalid\CLM-1210_v2.png
CLM-0193,train,Invalid Claim,CLM-0193_v1.png,dataset\cards\train\invalid\CLM-0193_v1.png
CLM-0193,train,Invalid Claim,CLM-0193_v2.png,dataset\cards\train\invalid\CLM-0193_v2.png
CLM-0778,train,Invalid Claim,CLM-0778_v1.png,dataset\cards\train\invalid\CLM-0778_v1.png
CLM-0778,train,Invalid Claim,CLM-0778_v2.png,dataset\cards\train\invalid\CLM-0778_v2.png
CLM-0806,train,Invalid Claim,CLM-0806_v1.png,dataset\cards\train\invalid\CLM-0806_v1.png
CLM-0806,train,Invalid Claim,CLM-0806_v2.png,dataset\cards\train\invalid\CLM-0806_v2.png
CLM-0803,train,Invalid Claim,CLM-0803_v1.png,dataset\cards\train\invalid\CLM-0803_v1.png
CLM-0803,train,Invalid Claim,CLM-0803_v2.png,dataset\cards\train\invalid\CLM-0803_v2.png
CLM-0307,train,Invalid Claim,CLM-0307_v1.png,dataset\cards\train\invalid\CLM-0307_v1.png
CLM-0307,train,Invalid Claim,CLM-0307_v2.png,dataset\cards\train\invalid\CLM-0307_v2.png
CLM-0320,train,Invalid Claim,CLM-0320_v1.png,dataset\cards\train\invalid\CLM-0320_v1.png
CLM-0320,train,Invalid Claim,CLM-0320_v2.png,dataset\cards\train\invalid\CLM-0320_v2.png
CLM-0829,train,Invalid Claim,CLM-0829_v1.png,dataset\cards\train\invalid\CLM-0829_v1.png
CLM-0829,train,Invalid Claim,CLM-0829_v2.png,dataset\cards\train\invalid\CLM-0829_v2.png
CLM-1261,train,Invalid Claim,CLM-1261_v1.png,dataset\cards\train\invalid\CLM-1261_v1.png
CLM-1261,train,Invalid Claim,CLM-1261_v2.png,dataset\cards\train\invalid\CLM-1261_v2.png
CLM-1178,train,Invalid Claim,CLM-1178_v1.png,dataset\cards\train\invalid\CLM-1178_v1.png
CLM-1178,train,Invalid Claim,CLM-1178_v2.png,dataset\cards\train\invalid\CLM-1178_v2.png
CLM-1230,train,Invalid Claim,CLM-1230_v1.png,dataset\cards\train\invalid\CLM-1230_v1.png
CLM-1230,train,Invalid Claim,CLM-1230_v2.png,dataset\cards\train\invalid\CLM-1230_v2.png
CLM-1317,train,Invalid Claim,CLM-1317_v1.png,dataset\cards\train\invalid\CLM-1317_v1.png
CLM-1317,train,Invalid Claim,CLM-1317_v2.png,dataset\cards\train\invalid\CLM-1317_v2.png
CLM-1253,train,Invalid Claim,CLM-1253_v1.png,dataset\cards\train\invalid\CLM-1253_v1.png
CLM-1253,train,Invalid Claim,CLM-1253_v2.png,dataset\cards\train\invalid\CLM-1253_v2.png
CLM-0800,train,Invalid Claim,CLM-0800_v1.png,dataset\cards\train\invalid\CLM-0800_v1.png
CLM-0800,train,Invalid Claim,CLM-0800_v2.png,dataset\cards\train\invalid\CLM-0800_v2.png
CLM-1256,train,Invalid Claim,CLM-1256_v1.png,dataset\cards\train\invalid\CLM-1256_v1.png
CLM-1256,train,Invalid Claim,CLM-1256_v2.png,dataset\cards\train\invalid\CLM-1256_v2.png
CLM-0805,train,Invalid Claim,CLM-0805_v1.png,dataset\cards\train\invalid\CLM-0805_v1.png
CLM-0805,train,Invalid Claim,CLM-0805_v2.png,dataset\cards\train\invalid\CLM-0805_v2.png
CLM-0275,train,Invalid Claim,CLM-0275_v1.png,dataset\cards\train\invalid\CLM-0275_v1.png
CLM-0275,train,Invalid Claim,CLM-0275_v2.png,dataset\cards\train\invalid\CLM-0275_v2.png
CLM-0303,train,Invalid Claim,CLM-0303_v1.png,dataset\cards\train\invalid\CLM-0303_v1.png
CLM-0303,train,Invalid Claim,CLM-0303_v2.png,dataset\cards\train\invalid\CLM-0303_v2.png
CLM-0669,train,Invalid Claim,CLM-0669_v1.png,dataset\cards\train\invalid\CLM-0669_v1.png
CLM-0669,train,Invalid Claim,CLM-0669_v2.png,dataset\cards\train\invalid\CLM-0669_v2.png
CLM-0294,train,Invalid Claim,CLM-0294_v1.png,dataset\cards\train\invalid\CLM-0294_v1.png
CLM-0294,train,Invalid Claim,CLM-0294_v2.png,dataset\cards\train\invalid\CLM-0294_v2.png
CLM-0757,train,Invalid Claim,CLM-0757_v1.png,dataset\cards\train\invalid\CLM-0757_v1.png
CLM-0757,train,Invalid Claim,CLM-0757_v2.png,dataset\cards\train\invalid\CLM-0757_v2.png
CLM-1245,train,Invalid Claim,CLM-1245_v1.png,dataset\cards\train\invalid\CLM-1245_v1.png
CLM-1245,train,Invalid Claim,CLM-1245_v2.png,dataset\cards\train\invalid\CLM-1245_v2.png
CLM-0832,train,Invalid Claim,CLM-0832_v1.png,dataset\cards\train\invalid\CLM-0832_v1.png
CLM-0832,train,Invalid Claim,CLM-0832_v2.png,dataset\cards\train\invalid\CLM-0832_v2.png
CLM-0288,train,Invalid Claim,CLM-0288_v1.png,dataset\cards\train\invalid\CLM-0288_v1.png
CLM-0288,train,Invalid Claim,CLM-0288_v2.png,dataset\cards\train\invalid\CLM-0288_v2.png
CLM-0329,train,Invalid Claim,CLM-0329_v1.png,dataset\cards\train\invalid\CLM-0329_v1.png
CLM-0329,train,Invalid Claim,CLM-0329_v2.png,dataset\cards\train\invalid\CLM-0329_v2.png
CLM-0720,train,Invalid Claim,CLM-0720_v1.png,dataset\cards\train\invalid\CLM-0720_v1.png
CLM-0720,train,Invalid Claim,CLM-0720_v2.png,dataset\cards\train\invalid\CLM-0720_v2.png
CLM-0295,train,Invalid Claim,CLM-0295_v1.png,dataset\cards\train\invalid\CLM-0295_v1.png
CLM-0295,train,Invalid Claim,CLM-0295_v2.png,dataset\cards\train\invalid\CLM-0295_v2.png
CLM-0252,train,Invalid Claim,CLM-0252_v1.png,dataset\cards\train\invalid\CLM-0252_v1.png
CLM-0252,train,Invalid Claim,CLM-0252_v2.png,dataset\cards\train\invalid\CLM-0252_v2.png
CLM-0718,train,Invalid Claim,CLM-0718_v1.png,dataset\cards\train\invalid\CLM-0718_v1.png
CLM-0718,train,Invalid Claim,CLM-0718_v2.png,dataset\cards\train\invalid\CLM-0718_v2.png
CLM-0274,train,Invalid Claim,CLM-0274_v1.png,dataset\cards\train\invalid\CLM-0274_v1.png
CLM-0274,train,Invalid Claim,CLM-0274_v2.png,dataset\cards\train\invalid\CLM-0274_v2.png
CLM-0814,train,Invalid Claim,CLM-0814_v1.png,dataset\cards\train\invalid\CLM-0814_v1.png
CLM-0814,train,Invalid Claim,CLM-0814_v2.png,dataset\cards\train\invalid\CLM-0814_v2.png
CLM-0810,train,Invalid Claim,CLM-0810_v1.png,dataset\cards\train\invalid\CLM-0810_v1.png
CLM-0810,train,Invalid Claim,CLM-0810_v2.png,dataset\cards\train\invalid\CLM-0810_v2.png
CLM-1243,train,Invalid Claim,CLM-1243_v1.png,dataset\cards\train\invalid\CLM-1243_v1.png
CLM-1243,train,Invalid Claim,CLM-1243_v2.png,dataset\cards\train\invalid\CLM-1243_v2.png
CLM-0809,train,Invalid Claim,CLM-0809_v1.png,dataset\cards\train\invalid\CLM-0809_v1.png
CLM-0809,train,Invalid Claim,CLM-0809_v2.png,dataset\cards\train\invalid\CLM-0809_v2.png
CLM-0168,train,Invalid Claim,CLM-0168_v1.png,dataset\cards\train\invalid\CLM-0168_v1.png
CLM-0168,train,Invalid Claim,CLM-0168_v2.png,dataset\cards\train\invalid\CLM-0168_v2.png
CLM-1259,train,Invalid Claim,CLM-1259_v1.png,dataset\cards\train\invalid\CLM-1259_v1.png
CLM-1259,train,Invalid Claim,CLM-1259_v2.png,dataset\cards\train\invalid\CLM-1259_v2.png
CLM-1192,train,Invalid Claim,CLM-1192_v1.png,dataset\cards\train\invalid\CLM-1192_v1.png
CLM-1192,train,Invalid Claim,CLM-1192_v2.png,dataset\cards\train\invalid\CLM-1192_v2.png
CLM-0277,train,Invalid Claim,CLM-0277_v1.png,dataset\cards\train\invalid\CLM-0277_v1.png
CLM-0277,train,Invalid Claim,CLM-0277_v2.png,dataset\cards\train\invalid\CLM-0277_v2.png
CLM-0247,train,Invalid Claim,CLM-0247_v1.png,dataset\cards\train\invalid\CLM-0247_v1.png
CLM-0247,train,Invalid Claim,CLM-0247_v2.png,dataset\cards\train\invalid\CLM-0247_v2.png
CLM-0748,train,Invalid Claim,CLM-0748_v1.png,dataset\cards\train\invalid\CLM-0748_v1.png
CLM-0748,train,Invalid Claim,CLM-0748_v2.png,dataset\cards\train\invalid\CLM-0748_v2.png
CLM-0229,train,Invalid Claim,CLM-0229_v1.png,dataset\cards\train\invalid\CLM-0229_v1.png
CLM-0229,train,Invalid Claim,CLM-0229_v2.png,dataset\cards\train\invalid\CLM-0229_v2.png
CLM-0240,train,Invalid Claim,CLM-0240_v1.png,dataset\cards\train\invalid\CLM-0240_v1.png
CLM-0240,train,Invalid Claim,CLM-0240_v2.png,dataset\cards\train\invalid\CLM-0240_v2.png
CLM-0819,train,Invalid Claim,CLM-0819_v1.png,dataset\cards\train\invalid\CLM-0819_v1.png
CLM-0819,train,Invalid Claim,CLM-0819_v2.png,dataset\cards\train\invalid\CLM-0819_v2.png
CLM-1250,train,Invalid Claim,CLM-1250_v1.png,dataset\cards\train\invalid\CLM-1250_v1.png
CLM-1250,train,Invalid Claim,CLM-1250_v2.png,dataset\cards\train\invalid\CLM-1250_v2.png
CLM-1296,train,Invalid Claim,CLM-1296_v1.png,dataset\cards\train\invalid\CLM-1296_v1.png
CLM-1296,train,Invalid Claim,CLM-1296_v2.png,dataset\cards\train\invalid\CLM-1296_v2.png
CLM-0802,train,Invalid Claim,CLM-0802_v1.png,dataset\cards\train\invalid\CLM-0802_v1.png
CLM-0802,train,Invalid Claim,CLM-0802_v2.png,dataset\cards\train\invalid\CLM-0802_v2.png
CLM-0179,train,Invalid Claim,CLM-0179_v1.png,dataset\cards\train\invalid\CLM-0179_v1.png
CLM-0179,train,Invalid Claim,CLM-0179_v2.png,dataset\cards\train\invalid\CLM-0179_v2.png
CLM-0724,train,Invalid Claim,CLM-0724_v1.png,dataset\cards\train\invalid\CLM-0724_v1.png
CLM-0724,train,Invalid Claim,CLM-0724_v2.png,dataset\cards\train\invalid\CLM-0724_v2.png
CLM-0325,train,Invalid Claim,CLM-0325_v1.png,dataset\cards\train\invalid\CLM-0325_v1.png
CLM-0325,train,Invalid Claim,CLM-0325_v2.png,dataset\cards\train\invalid\CLM-0325_v2.png
CLM-0327,train,Invalid Claim,CLM-0327_v1.png,dataset\cards\train\invalid\CLM-0327_v1.png
CLM-0327,train,Invalid Claim,CLM-0327_v2.png,dataset\cards\train\invalid\CLM-0327_v2.png
CLM-0212,train,Invalid Claim,CLM-0212_v1.png,dataset\cards\train\invalid\CLM-0212_v1.png
CLM-0212,train,Invalid Claim,CLM-0212_v2.png,dataset\cards\train\invalid\CLM-0212_v2.png
CLM-0750,train,Invalid Claim,CLM-0750_v1.png,dataset\cards\train\invalid\CLM-0750_v1.png
CLM-0750,train,Invalid Claim,CLM-0750_v2.png,dataset\cards\train\invalid\CLM-0750_v2.png
CLM-1246,train,Invalid Claim,CLM-1246_v1.png,dataset\cards\train\invalid\CLM-1246_v1.png
CLM-1246,train,Invalid Claim,CLM-1246_v2.png,dataset\cards\train\invalid\CLM-1246_v2.png
CLM-0232,train,Invalid Claim,CLM-0232_v1.png,dataset\cards\train\invalid\CLM-0232_v1.png
CLM-0232,train,Invalid Claim,CLM-0232_v2.png,dataset\cards\train\invalid\CLM-0232_v2.png
CLM-0189,train,Invalid Claim,CLM-0189_v1.png,dataset\cards\train\invalid\CLM-0189_v1.png
CLM-0189,train,Invalid Claim,CLM-0189_v2.png,dataset\cards\train\invalid\CLM-0189_v2.png
CLM-0776,train,Invalid Claim,CLM-0776_v1.png,dataset\cards\train\invalid\CLM-0776_v1.png
CLM-0776,train,Invalid Claim,CLM-0776_v2.png,dataset\cards\train\invalid\CLM-0776_v2.png
CLM-1177,train,Invalid Claim,CLM-1177_v1.png,dataset\cards\train\invalid\CLM-1177_v1.png
CLM-1177,train,Invalid Claim,CLM-1177_v2.png,dataset\cards\train\invalid\CLM-1177_v2.png
CLM-0272,train,Invalid Claim,CLM-0272_v1.png,dataset\cards\train\invalid\CLM-0272_v1.png
CLM-0272,train,Invalid Claim,CLM-0272_v2.png,dataset\cards\train\invalid\CLM-0272_v2.png
CLM-0821,train,Invalid Claim,CLM-0821_v1.png,dataset\cards\train\invalid\CLM-0821_v1.png
CLM-0821,train,Invalid Claim,CLM-0821_v2.png,dataset\cards\train\invalid\CLM-0821_v2.png
CLM-0747,train,Invalid Claim,CLM-0747_v1.png,dataset\cards\train\invalid\CLM-0747_v1.png
CLM-0747,train,Invalid Claim,CLM-0747_v2.png,dataset\cards\train\invalid\CLM-0747_v2.png
CLM-1279,train,Invalid Claim,CLM-1279_v1.png,dataset\cards\train\invalid\CLM-1279_v1.png
CLM-1279,train,Invalid Claim,CLM-1279_v2.png,dataset\cards\train\invalid\CLM-1279_v2.png
CLM-0234,train,Invalid Claim,CLM-0234_v1.png,dataset\cards\train\invalid\CLM-0234_v1.png
CLM-0234,train,Invalid Claim,CLM-0234_v2.png,dataset\cards\train\invalid\CLM-0234_v2.png
CLM-1218,train,Invalid Claim,CLM-1218_v1.png,dataset\cards\train\invalid\CLM-1218_v1.png
CLM-1218,train,Invalid Claim,CLM-1218_v2.png,dataset\cards\train\invalid\CLM-1218_v2.png
CLM-1205,train,Invalid Claim,CLM-1205_v1.png,dataset\cards\train\invalid\CLM-1205_v1.png
CLM-1205,train,Invalid Claim,CLM-1205_v2.png,dataset\cards\train\invalid\CLM-1205_v2.png
CLM-0313,train,Invalid Claim,CLM-0313_v1.png,dataset\cards\train\invalid\CLM-0313_v1.png
CLM-0313,train,Invalid Claim,CLM-0313_v2.png,dataset\cards\train\invalid\CLM-0313_v2.png
CLM-1242,train,Invalid Claim,CLM-1242_v1.png,dataset\cards\train\invalid\CLM-1242_v1.png
CLM-1242,train,Invalid Claim,CLM-1242_v2.png,dataset\cards\train\invalid\CLM-1242_v2.png
CLM-0185,train,Invalid Claim,CLM-0185_v1.png,dataset\cards\train\invalid\CLM-0185_v1.png
CLM-0185,train,Invalid Claim,CLM-0185_v2.png,dataset\cards\train\invalid\CLM-0185_v2.png
CLM-0807,train,Invalid Claim,CLM-0807_v1.png,dataset\cards\train\invalid\CLM-0807_v1.png
CLM-0807,train,Invalid Claim,CLM-0807_v2.png,dataset\cards\train\invalid\CLM-0807_v2.png
CLM-0190,train,Invalid Claim,CLM-0190_v1.png,dataset\cards\train\invalid\CLM-0190_v1.png
CLM-0190,train,Invalid Claim,CLM-0190_v2.png,dataset\cards\train\invalid\CLM-0190_v2.png
CLM-0220,train,Invalid Claim,CLM-0220_v1.png,dataset\cards\train\invalid\CLM-0220_v1.png
CLM-0220,train,Invalid Claim,CLM-0220_v2.png,dataset\cards\train\invalid\CLM-0220_v2.png
CLM-1216,train,Invalid Claim,CLM-1216_v1.png,dataset\cards\train\invalid\CLM-1216_v1.png
CLM-1216,train,Invalid Claim,CLM-1216_v2.png,dataset\cards\train\invalid\CLM-1216_v2.png
CLM-0217,train,Invalid Claim,CLM-0217_v1.png,dataset\cards\train\invalid\CLM-0217_v1.png
CLM-0217,train,Invalid Claim,CLM-0217_v2.png,dataset\cards\train\invalid\CLM-0217_v2.png
CLM-1291,train,Invalid Claim,CLM-1291_v1.png,dataset\cards\train\invalid\CLM-1291_v1.png
CLM-1291,train,Invalid Claim,CLM-1291_v2.png,dataset\cards\train\invalid\CLM-1291_v2.png
CLM-0273,train,Invalid Claim,CLM-0273_v1.png,dataset\cards\train\invalid\CLM-0273_v1.png
CLM-0273,train,Invalid Claim,CLM-0273_v2.png,dataset\cards\train\invalid\CLM-0273_v2.png
CLM-0241,train,Invalid Claim,CLM-0241_v1.png,dataset\cards\train\invalid\CLM-0241_v1.png
CLM-0241,train,Invalid Claim,CLM-0241_v2.png,dataset\cards\train\invalid\CLM-0241_v2.png
CLM-1320,train,Invalid Claim,CLM-1320_v1.png,dataset\cards\train\invalid\CLM-1320_v1.png
CLM-1320,train,Invalid Claim,CLM-1320_v2.png,dataset\cards\train\invalid\CLM-1320_v2.png
CLM-0284,train,Invalid Claim,CLM-0284_v1.png,dataset\cards\train\invalid\CLM-0284_v1.png
CLM-0284,train,Invalid Claim,CLM-0284_v2.png,dataset\cards\train\invalid\CLM-0284_v2.png
CLM-1187,train,Invalid Claim,CLM-1187_v1.png,dataset\cards\train\invalid\CLM-1187_v1.png
CLM-1187,train,Invalid Claim,CLM-1187_v2.png,dataset\cards\train\invalid\CLM-1187_v2.png
CLM-0301,train,Invalid Claim,CLM-0301_v1.png,dataset\cards\train\invalid\CLM-0301_v1.png
CLM-0301,train,Invalid Claim,CLM-0301_v2.png,dataset\cards\train\invalid\CLM-0301_v2.png
CLM-0680,train,Invalid Claim,CLM-0680_v1.png,dataset\cards\train\invalid\CLM-0680_v1.png
CLM-0680,train,Invalid Claim,CLM-0680_v2.png,dataset\cards\train\invalid\CLM-0680_v2.png
CLM-0171,train,Invalid Claim,CLM-0171_v1.png,dataset\cards\train\invalid\CLM-0171_v1.png
CLM-0171,train,Invalid Claim,CLM-0171_v2.png,dataset\cards\train\invalid\CLM-0171_v2.png
CLM-0824,train,Invalid Claim,CLM-0824_v1.png,dataset\cards\train\invalid\CLM-0824_v1.png
CLM-0824,train,Invalid Claim,CLM-0824_v2.png,dataset\cards\train\invalid\CLM-0824_v2.png
CLM-0266,train,Invalid Claim,CLM-0266_v1.png,dataset\cards\train\invalid\CLM-0266_v1.png
CLM-0266,train,Invalid Claim,CLM-0266_v2.png,dataset\cards\train\invalid\CLM-0266_v2.png
CLM-0719,train,Invalid Claim,CLM-0719_v1.png,dataset\cards\train\invalid\CLM-0719_v1.png
CLM-0719,train,Invalid Claim,CLM-0719_v2.png,dataset\cards\train\invalid\CLM-0719_v2.png
CLM-1308,train,Invalid Claim,CLM-1308_v1.png,dataset\cards\train\invalid\CLM-1308_v1.png
CLM-1308,train,Invalid Claim,CLM-1308_v2.png,dataset\cards\train\invalid\CLM-1308_v2.png
CLM-0206,train,Invalid Claim,CLM-0206_v1.png,dataset\cards\train\invalid\CLM-0206_v1.png
CLM-0206,train,Invalid Claim,CLM-0206_v2.png,dataset\cards\train\invalid\CLM-0206_v2.png
CLM-0745,train,Invalid Claim,CLM-0745_v1.png,dataset\cards\train\invalid\CLM-0745_v1.png
CLM-0745,train,Invalid Claim,CLM-0745_v2.png,dataset\cards\train\invalid\CLM-0745_v2.png
CLM-1270,train,Invalid Claim,CLM-1270_v1.png,dataset\cards\train\invalid\CLM-1270_v1.png
CLM-1270,train,Invalid Claim,CLM-1270_v2.png,dataset\cards\train\invalid\CLM-1270_v2.png
CLM-0691,train,Invalid Claim,CLM-0691_v1.png,dataset\cards\train\invalid\CLM-0691_v1.png
CLM-0691,train,Invalid Claim,CLM-0691_v2.png,dataset\cards\train\invalid\CLM-0691_v2.png
CLM-0737,train,Invalid Claim,CLM-0737_v1.png,dataset\cards\train\invalid\CLM-0737_v1.png
CLM-0737,train,Invalid Claim,CLM-0737_v2.png,dataset\cards\train\invalid\CLM-0737_v2.png
CLM-0725,train,Invalid Claim,CLM-0725_v1.png,dataset\cards\train\invalid\CLM-0725_v1.png
CLM-0725,train,Invalid Claim,CLM-0725_v2.png,dataset\cards\train\invalid\CLM-0725_v2.png
CLM-1176,train,Invalid Claim,CLM-1176_v1.png,dataset\cards\train\invalid\CLM-1176_v1.png
CLM-1176,train,Invalid Claim,CLM-1176_v2.png,dataset\cards\train\invalid\CLM-1176_v2.png
CLM-1231,train,Invalid Claim,CLM-1231_v1.png,dataset\cards\train\invalid\CLM-1231_v1.png
CLM-1231,train,Invalid Claim,CLM-1231_v2.png,dataset\cards\train\invalid\CLM-1231_v2.png
CLM-1208,train,Invalid Claim,CLM-1208_v1.png,dataset\cards\train\invalid\CLM-1208_v1.png
CLM-1208,train,Invalid Claim,CLM-1208_v2.png,dataset\cards\train\invalid\CLM-1208_v2.png
CLM-1169,train,Invalid Claim,CLM-1169_v1.png,dataset\cards\train\invalid\CLM-1169_v1.png
CLM-1169,train,Invalid Claim,CLM-1169_v2.png,dataset\cards\train\invalid\CLM-1169_v2.png
CLM-0310,train,Invalid Claim,CLM-0310_v1.png,dataset\cards\train\invalid\CLM-0310_v1.png
CLM-0310,train,Invalid Claim,CLM-0310_v2.png,dataset\cards\train\invalid\CLM-0310_v2.png
CLM-0170,train,Invalid Claim,CLM-0170_v1.png,dataset\cards\train\invalid\CLM-0170_v1.png
CLM-0170,train,Invalid Claim,CLM-0170_v2.png,dataset\cards\train\invalid\CLM-0170_v2.png
CLM-0194,train,Invalid Claim,CLM-0194_v1.png,dataset\cards\train\invalid\CLM-0194_v1.png
CLM-0194,train,Invalid Claim,CLM-0194_v2.png,dataset\cards\train\invalid\CLM-0194_v2.png
CLM-0678,train,Invalid Claim,CLM-0678_v1.png,dataset\cards\train\invalid\CLM-0678_v1.png
CLM-0678,train,Invalid Claim,CLM-0678_v2.png,dataset\cards\train\invalid\CLM-0678_v2.png
CLM-1263,train,Invalid Claim,CLM-1263_v1.png,dataset\cards\train\invalid\CLM-1263_v1.png
CLM-1263,train,Invalid Claim,CLM-1263_v2.png,dataset\cards\train\invalid\CLM-1263_v2.png
CLM-0830,train,Invalid Claim,CLM-0830_v1.png,dataset\cards\train\invalid\CLM-0830_v1.png
CLM-0830,train,Invalid Claim,CLM-0830_v2.png,dataset\cards\train\invalid\CLM-0830_v2.png
CLM-0254,train,Invalid Claim,CLM-0254_v1.png,dataset\cards\train\invalid\CLM-0254_v1.png
CLM-0254,train,Invalid Claim,CLM-0254_v2.png,dataset\cards\train\invalid\CLM-0254_v2.png
CLM-0261,train,Invalid Claim,CLM-0261_v1.png,dataset\cards\train\invalid\CLM-0261_v1.png
CLM-0261,train,Invalid Claim,CLM-0261_v2.png,dataset\cards\train\invalid\CLM-0261_v2.png
CLM-1273,train,Invalid Claim,CLM-1273_v1.png,dataset\cards\train\invalid\CLM-1273_v1.png
CLM-1273,train,Invalid Claim,CLM-1273_v2.png,dataset\cards\train\invalid\CLM-1273_v2.png
CLM-1321,train,Invalid Claim,CLM-1321_v1.png,dataset\cards\train\invalid\CLM-1321_v1.png
CLM-1321,train,Invalid Claim,CLM-1321_v2.png,dataset\cards\train\invalid\CLM-1321_v2.png
CLM-1201,train,Invalid Claim,CLM-1201_v1.png,dataset\cards\train\invalid\CLM-1201_v1.png
CLM-1201,train,Invalid Claim,CLM-1201_v2.png,dataset\cards\train\invalid\CLM-1201_v2.png
CLM-1331,train,Invalid Claim,CLM-1331_v1.png,dataset\cards\train\invalid\CLM-1331_v1.png
CLM-1331,train,Invalid Claim,CLM-1331_v2.png,dataset\cards\train\invalid\CLM-1331_v2.png
CLM-0253,train,Invalid Claim,CLM-0253_v1.png,dataset\cards\train\invalid\CLM-0253_v1.png
CLM-0253,train,Invalid Claim,CLM-0253_v2.png,dataset\cards\train\invalid\CLM-0253_v2.png
CLM-0723,train,Invalid Claim,CLM-0723_v1.png,dataset\cards\train\invalid\CLM-0723_v1.png
CLM-0723,train,Invalid Claim,CLM-0723_v2.png,dataset\cards\train\invalid\CLM-0723_v2.png
CLM-1326,train,Invalid Claim,CLM-1326_v1.png,dataset\cards\train\invalid\CLM-1326_v1.png
CLM-1326,train,Invalid Claim,CLM-1326_v2.png,dataset\cards\train\invalid\CLM-1326_v2.png
CLM-1264,train,Invalid Claim,CLM-1264_v1.png,dataset\cards\train\invalid\CLM-1264_v1.png
CLM-1264,train,Invalid Claim,CLM-1264_v2.png,dataset\cards\train\invalid\CLM-1264_v2.png
CLM-1211,train,Invalid Claim,CLM-1211_v1.png,dataset\cards\train\invalid\CLM-1211_v1.png
CLM-1211,train,Invalid Claim,CLM-1211_v2.png,dataset\cards\train\invalid\CLM-1211_v2.png
CLM-1301,train,Invalid Claim,CLM-1301_v1.png,dataset\cards\train\invalid\CLM-1301_v1.png
CLM-1301,train,Invalid Claim,CLM-1301_v2.png,dataset\cards\train\invalid\CLM-1301_v2.png
CLM-1247,train,Invalid Claim,CLM-1247_v1.png,dataset\cards\train\invalid\CLM-1247_v1.png
CLM-1247,train,Invalid Claim,CLM-1247_v2.png,dataset\cards\train\invalid\CLM-1247_v2.png
CLM-0769,train,Invalid Claim,CLM-0769_v1.png,dataset\cards\train\invalid\CLM-0769_v1.png
CLM-0769,train,Invalid Claim,CLM-0769_v2.png,dataset\cards\train\invalid\CLM-0769_v2.png
CLM-1258,train,Invalid Claim,CLM-1258_v1.png,dataset\cards\train\invalid\CLM-1258_v1.png
CLM-1258,train,Invalid Claim,CLM-1258_v2.png,dataset\cards\train\invalid\CLM-1258_v2.png
CLM-1239,train,Invalid Claim,CLM-1239_v1.png,dataset\cards\train\invalid\CLM-1239_v1.png
CLM-1239,train,Invalid Claim,CLM-1239_v2.png,dataset\cards\train\invalid\CLM-1239_v2.png
CLM-0759,train,Invalid Claim,CLM-0759_v1.png,dataset\cards\train\invalid\CLM-0759_v1.png
CLM-0759,train,Invalid Claim,CLM-0759_v2.png,dataset\cards\train\invalid\CLM-0759_v2.png
CLM-0201,train,Invalid Claim,CLM-0201_v1.png,dataset\cards\train\invalid\CLM-0201_v1.png
CLM-0201,train,Invalid Claim,CLM-0201_v2.png,dataset\cards\train\invalid\CLM-0201_v2.png
CLM-1220,train,Invalid Claim,CLM-1220_v1.png,dataset\cards\train\invalid\CLM-1220_v1.png
CLM-1220,train,Invalid Claim,CLM-1220_v2.png,dataset\cards\train\invalid\CLM-1220_v2.png
CLM-0690,train,Invalid Claim,CLM-0690_v1.png,dataset\cards\train\invalid\CLM-0690_v1.png
CLM-0690,train,Invalid Claim,CLM-0690_v2.png,dataset\cards\train\invalid\CLM-0690_v2.png
CLM-0754,train,Invalid Claim,CLM-0754_v1.png,dataset\cards\train\invalid\CLM-0754_v1.png
CLM-0754,train,Invalid Claim,CLM-0754_v2.png,dataset\cards\train\invalid\CLM-0754_v2.png
CLM-0291,train,Invalid Claim,CLM-0291_v1.png,dataset\cards\train\invalid\CLM-0291_v1.png
CLM-0291,train,Invalid Claim,CLM-0291_v2.png,dataset\cards\train\invalid\CLM-0291_v2.png
CLM-0314,train,Invalid Claim,CLM-0314_v1.png,dataset\cards\train\invalid\CLM-0314_v1.png
CLM-0314,train,Invalid Claim,CLM-0314_v2.png,dataset\cards\train\invalid\CLM-0314_v2.png
CLM-0264,train,Invalid Claim,CLM-0264_v1.png,dataset\cards\train\invalid\CLM-0264_v1.png
CLM-0264,train,Invalid Claim,CLM-0264_v2.png,dataset\cards\train\invalid\CLM-0264_v2.png
CLM-0794,train,Invalid Claim,CLM-0794_v1.png,dataset\cards\train\invalid\CLM-0794_v1.png
CLM-0794,train,Invalid Claim,CLM-0794_v2.png,dataset\cards\train\invalid\CLM-0794_v2.png
CLM-1232,train,Invalid Claim,CLM-1232_v1.png,dataset\cards\train\invalid\CLM-1232_v1.png
CLM-1232,train,Invalid Claim,CLM-1232_v2.png,dataset\cards\train\invalid\CLM-1232_v2.png
CLM-0308,train,Invalid Claim,CLM-0308_v1.png,dataset\cards\train\invalid\CLM-0308_v1.png
CLM-0308,train,Invalid Claim,CLM-0308_v2.png,dataset\cards\train\invalid\CLM-0308_v2.png
CLM-1322,train,Invalid Claim,CLM-1322_v1.png,dataset\cards\train\invalid\CLM-1322_v1.png
CLM-1322,train,Invalid Claim,CLM-1322_v2.png,dataset\cards\train\invalid\CLM-1322_v2.png
CLM-0788,train,Invalid Claim,CLM-0788_v1.png,dataset\cards\train\invalid\CLM-0788_v1.png
CLM-0788,train,Invalid Claim,CLM-0788_v2.png,dataset\cards\train\invalid\CLM-0788_v2.png
CLM-1285,train,Invalid Claim,CLM-1285_v1.png,dataset\cards\train\invalid\CLM-1285_v1.png
CLM-1285,train,Invalid Claim,CLM-1285_v2.png,dataset\cards\train\invalid\CLM-1285_v2.png
CLM-1241,train,Invalid Claim,CLM-1241_v1.png,dataset\cards\train\invalid\CLM-1241_v1.png
CLM-1241,train,Invalid Claim,CLM-1241_v2.png,dataset\cards\train\invalid\CLM-1241_v2.png
CLM-0762,train,Invalid Claim,CLM-0762_v1.png,dataset\cards\train\invalid\CLM-0762_v1.png
CLM-0762,train,Invalid Claim,CLM-0762_v2.png,dataset\cards\train\invalid\CLM-0762_v2.png
CLM-0279,train,Invalid Claim,CLM-0279_v1.png,dataset\cards\train\invalid\CLM-0279_v1.png
CLM-0279,train,Invalid Claim,CLM-0279_v2.png,dataset\cards\train\invalid\CLM-0279_v2.png
CLM-1234,train,Invalid Claim,CLM-1234_v1.png,dataset\cards\train\invalid\CLM-1234_v1.png
CLM-1234,train,Invalid Claim,CLM-1234_v2.png,dataset\cards\train\invalid\CLM-1234_v2.png
CLM-0793,train,Invalid Claim,CLM-0793_v1.png,dataset\cards\train\invalid\CLM-0793_v1.png
CLM-0793,train,Invalid Claim,CLM-0793_v2.png,dataset\cards\train\invalid\CLM-0793_v2.png
CLM-0311,train,Invalid Claim,CLM-0311_v1.png,dataset\cards\train\invalid\CLM-0311_v1.png
CLM-0311,train,Invalid Claim,CLM-0311_v2.png,dataset\cards\train\invalid\CLM-0311_v2.png
CLM-0181,train,Invalid Claim,CLM-0181_v1.png,dataset\cards\train\invalid\CLM-0181_v1.png
CLM-0181,train,Invalid Claim,CLM-0181_v2.png,dataset\cards\train\invalid\CLM-0181_v2.png
CLM-0251,train,Invalid Claim,CLM-0251_v1.png,dataset\cards\train\invalid\CLM-0251_v1.png
CLM-0251,train,Invalid Claim,CLM-0251_v2.png,dataset\cards\train\invalid\CLM-0251_v2.png
CLM-0203,train,Invalid Claim,CLM-0203_v1.png,dataset\cards\train\invalid\CLM-0203_v1.png
CLM-0203,train,Invalid Claim,CLM-0203_v2.png,dataset\cards\train\invalid\CLM-0203_v2.png
CLM-0319,train,Invalid Claim,CLM-0319_v1.png,dataset\cards\train\invalid\CLM-0319_v1.png
CLM-0319,train,Invalid Claim,CLM-0319_v2.png,dataset\cards\train\invalid\CLM-0319_v2.png
CLM-1332,train,Invalid Claim,CLM-1332_v1.png,dataset\cards\train\invalid\CLM-1332_v1.png
CLM-1332,train,Invalid Claim,CLM-1332_v2.png,dataset\cards\train\invalid\CLM-1332_v2.png
CLM-0242,train,Invalid Claim,CLM-0242_v1.png,dataset\cards\train\invalid\CLM-0242_v1.png
CLM-0242,train,Invalid Claim,CLM-0242_v2.png,dataset\cards\train\invalid\CLM-0242_v2.png
CLM-0708,train,Invalid Claim,CLM-0708_v1.png,dataset\cards\train\invalid\CLM-0708_v1.png
CLM-0708,train,Invalid Claim,CLM-0708_v2.png,dataset\cards\train\invalid\CLM-0708_v2.png
CLM-1266,train,Invalid Claim,CLM-1266_v1.png,dataset\cards\train\invalid\CLM-1266_v1.png
CLM-1266,train,Invalid Claim,CLM-1266_v2.png,dataset\cards\train\invalid\CLM-1266_v2.png
CLM-1189,train,Invalid Claim,CLM-1189_v1.png,dataset\cards\train\invalid\CLM-1189_v1.png
CLM-1189,train,Invalid Claim,CLM-1189_v2.png,dataset\cards\train\invalid\CLM-1189_v2.png
CLM-0198,train,Invalid Claim,CLM-0198_v1.png,dataset\cards\train\invalid\CLM-0198_v1.png
CLM-0198,train,Invalid Claim,CLM-0198_v2.png,dataset\cards\train\invalid\CLM-0198_v2.png
CLM-1298,train,Invalid Claim,CLM-1298_v1.png,dataset\cards\train\invalid\CLM-1298_v1.png
CLM-1298,train,Invalid Claim,CLM-1298_v2.png,dataset\cards\train\invalid\CLM-1298_v2.png
CLM-1190,train,Invalid Claim,CLM-1190_v1.png,dataset\cards\train\invalid\CLM-1190_v1.png
CLM-1190,train,Invalid Claim,CLM-1190_v2.png,dataset\cards\train\invalid\CLM-1190_v2.png
CLM-0330,train,Invalid Claim,CLM-0330_v1.png,dataset\cards\train\invalid\CLM-0330_v1.png
CLM-0330,train,Invalid Claim,CLM-0330_v2.png,dataset\cards\train\invalid\CLM-0330_v2.png
CLM-1288,train,Invalid Claim,CLM-1288_v1.png,dataset\cards\train\invalid\CLM-1288_v1.png
CLM-1288,train,Invalid Claim,CLM-1288_v2.png,dataset\cards\train\invalid\CLM-1288_v2.png
CLM-0713,train,Invalid Claim,CLM-0713_v1.png,dataset\cards\train\invalid\CLM-0713_v1.png
CLM-0713,train,Invalid Claim,CLM-0713_v2.png,dataset\cards\train\invalid\CLM-0713_v2.png
CLM-0704,train,Invalid Claim,CLM-0704_v1.png,dataset\cards\train\invalid\CLM-0704_v1.png
CLM-0704,train,Invalid Claim,CLM-0704_v2.png,dataset\cards\train\invalid\CLM-0704_v2.png
CLM-0255,train,Invalid Claim,CLM-0255_v1.png,dataset\cards\train\invalid\CLM-0255_v1.png
CLM-0255,train,Invalid Claim,CLM-0255_v2.png,dataset\cards\train\invalid\CLM-0255_v2.png
CLM-1280,train,Invalid Claim,CLM-1280_v1.png,dataset\cards\train\invalid\CLM-1280_v1.png
CLM-1280,train,Invalid Claim,CLM-1280_v2.png,dataset\cards\train\invalid\CLM-1280_v2.png
CLM-0235,train,Invalid Claim,CLM-0235_v1.png,dataset\cards\train\invalid\CLM-0235_v1.png
CLM-0235,train,Invalid Claim,CLM-0235_v2.png,dataset\cards\train\invalid\CLM-0235_v2.png
CLM-1274,train,Invalid Claim,CLM-1274_v1.png,dataset\cards\train\invalid\CLM-1274_v1.png
CLM-1274,train,Invalid Claim,CLM-1274_v2.png,dataset\cards\train\invalid\CLM-1274_v2.png
CLM-1224,train,Invalid Claim,CLM-1224_v1.png,dataset\cards\train\invalid\CLM-1224_v1.png
CLM-1224,train,Invalid Claim,CLM-1224_v2.png,dataset\cards\train\invalid\CLM-1224_v2.png
CLM-1235,train,Invalid Claim,CLM-1235_v1.png,dataset\cards\train\invalid\CLM-1235_v1.png
CLM-1235,train,Invalid Claim,CLM-1235_v2.png,dataset\cards\train\invalid\CLM-1235_v2.png
CLM-0798,train,Invalid Claim,CLM-0798_v1.png,dataset\cards\train\invalid\CLM-0798_v1.png
CLM-0798,train,Invalid Claim,CLM-0798_v2.png,dataset\cards\train\invalid\CLM-0798_v2.png
CLM-0743,train,Invalid Claim,CLM-0743_v1.png,dataset\cards\train\invalid\CLM-0743_v1.png
CLM-0743,train,Invalid Claim,CLM-0743_v2.png,dataset\cards\train\invalid\CLM-0743_v2.png
CLM-0244,train,Invalid Claim,CLM-0244_v1.png,dataset\cards\train\invalid\CLM-0244_v1.png
CLM-0244,train,Invalid Claim,CLM-0244_v2.png,dataset\cards\train\invalid\CLM-0244_v2.png
CLM-1194,train,Invalid Claim,CLM-1194_v1.png,dataset\cards\train\invalid\CLM-1194_v1.png
CLM-1194,train,Invalid Claim,CLM-1194_v2.png,dataset\cards\train\invalid\CLM-1194_v2.png
CLM-0210,train,Invalid Claim,CLM-0210_v1.png,dataset\cards\train\invalid\CLM-0210_v1.png
CLM-0210,train,Invalid Claim,CLM-0210_v2.png,dataset\cards\train\invalid\CLM-0210_v2.png
CLM-1181,train,Invalid Claim,CLM-1181_v1.png,dataset\cards\train\invalid\CLM-1181_v1.png
CLM-1181,train,Invalid Claim,CLM-1181_v2.png,dataset\cards\train\invalid\CLM-1181_v2.png
CLM-0304,train,Invalid Claim,CLM-0304_v1.png,dataset\cards\train\invalid\CLM-0304_v1.png
CLM-0304,train,Invalid Claim,CLM-0304_v2.png,dataset\cards\train\invalid\CLM-0304_v2.png
CLM-0250,train,Invalid Claim,CLM-0250_v1.png,dataset\cards\train\invalid\CLM-0250_v1.png
CLM-0250,train,Invalid Claim,CLM-0250_v2.png,dataset\cards\train\invalid\CLM-0250_v2.png
CLM-1170,train,Invalid Claim,CLM-1170_v1.png,dataset\cards\train\invalid\CLM-1170_v1.png
CLM-1170,train,Invalid Claim,CLM-1170_v2.png,dataset\cards\train\invalid\CLM-1170_v2.png
CLM-0317,train,Invalid Claim,CLM-0317_v1.png,dataset\cards\train\invalid\CLM-0317_v1.png
CLM-0317,train,Invalid Claim,CLM-0317_v2.png,dataset\cards\train\invalid\CLM-0317_v2.png
CLM-1289,train,Invalid Claim,CLM-1289_v1.png,dataset\cards\train\invalid\CLM-1289_v1.png
CLM-1289,train,Invalid Claim,CLM-1289_v2.png,dataset\cards\train\invalid\CLM-1289_v2.png
CLM-1324,train,Invalid Claim,CLM-1324_v1.png,dataset\cards\train\invalid\CLM-1324_v1.png
CLM-1324,train,Invalid Claim,CLM-1324_v2.png,dataset\cards\train\invalid\CLM-1324_v2.png
CLM-0722,train,Invalid Claim,CLM-0722_v1.png,dataset\cards\train\invalid\CLM-0722_v1.png
CLM-0722,train,Invalid Claim,CLM-0722_v2.png,dataset\cards\train\invalid\CLM-0722_v2.png
CLM-0239,train,Invalid Claim,CLM-0239_v1.png,dataset\cards\train\invalid\CLM-0239_v1.png
CLM-0239,train,Invalid Claim,CLM-0239_v2.png,dataset\cards\train\invalid\CLM-0239_v2.png
CLM-1249,train,Invalid Claim,CLM-1249_v1.png,dataset\cards\train\invalid\CLM-1249_v1.png
CLM-1249,train,Invalid Claim,CLM-1249_v2.png,dataset\cards\train\invalid\CLM-1249_v2.png
CLM-0780,train,Invalid Claim,CLM-0780_v1.png,dataset\cards\train\invalid\CLM-0780_v1.png
CLM-0780,train,Invalid Claim,CLM-0780_v2.png,dataset\cards\train\invalid\CLM-0780_v2.png
CLM-0180,train,Invalid Claim,CLM-0180_v1.png,dataset\cards\train\invalid\CLM-0180_v1.png
CLM-0180,train,Invalid Claim,CLM-0180_v2.png,dataset\cards\train\invalid\CLM-0180_v2.png
CLM-0790,train,Invalid Claim,CLM-0790_v1.png,dataset\cards\train\invalid\CLM-0790_v1.png
CLM-0790,train,Invalid Claim,CLM-0790_v2.png,dataset\cards\train\invalid\CLM-0790_v2.png
CLM-0695,train,Invalid Claim,CLM-0695_v1.png,dataset\cards\train\invalid\CLM-0695_v1.png
CLM-0695,train,Invalid Claim,CLM-0695_v2.png,dataset\cards\train\invalid\CLM-0695_v2.png
CLM-0258,train,Invalid Claim,CLM-0258_v1.png,dataset\cards\train\invalid\CLM-0258_v1.png
CLM-0258,train,Invalid Claim,CLM-0258_v2.png,dataset\cards\train\invalid\CLM-0258_v2.png
CLM-0730,train,Invalid Claim,CLM-0730_v1.png,dataset\cards\train\invalid\CLM-0730_v1.png
CLM-0730,train,Invalid Claim,CLM-0730_v2.png,dataset\cards\train\invalid\CLM-0730_v2.png
CLM-0309,train,Invalid Claim,CLM-0309_v1.png,dataset\cards\train\invalid\CLM-0309_v1.png
CLM-0309,train,Invalid Claim,CLM-0309_v2.png,dataset\cards\train\invalid\CLM-0309_v2.png
CLM-1327,train,Invalid Claim,CLM-1327_v1.png,dataset\cards\train\invalid\CLM-1327_v1.png
CLM-1327,train,Invalid Claim,CLM-1327_v2.png,dataset\cards\train\invalid\CLM-1327_v2.png
CLM-0224,train,Invalid Claim,CLM-0224_v1.png,dataset\cards\train\invalid\CLM-0224_v1.png
CLM-0224,train,Invalid Claim,CLM-0224_v2.png,dataset\cards\train\invalid\CLM-0224_v2.png
CLM-0218,train,Invalid Claim,CLM-0218_v1.png,dataset\cards\train\invalid\CLM-0218_v1.png
CLM-0218,train,Invalid Claim,CLM-0218_v2.png,dataset\cards\train\invalid\CLM-0218_v2.png
CLM-1313,train,Invalid Claim,CLM-1313_v1.png,dataset\cards\train\invalid\CLM-1313_v1.png
CLM-1313,train,Invalid Claim,CLM-1313_v2.png,dataset\cards\train\invalid\CLM-1313_v2.png
CLM-0324,train,Invalid Claim,CLM-0324_v1.png,dataset\cards\train\invalid\CLM-0324_v1.png
CLM-0324,train,Invalid Claim,CLM-0324_v2.png,dataset\cards\train\invalid\CLM-0324_v2.png
CLM-0178,train,Invalid Claim,CLM-0178_v1.png,dataset\cards\train\invalid\CLM-0178_v1.png
CLM-0178,train,Invalid Claim,CLM-0178_v2.png,dataset\cards\train\invalid\CLM-0178_v2.png
CLM-0332,train,Invalid Claim,CLM-0332_v1.png,dataset\cards\train\invalid\CLM-0332_v1.png
CLM-0332,train,Invalid Claim,CLM-0332_v2.png,dataset\cards\train\invalid\CLM-0332_v2.png
CLM-1297,train,Invalid Claim,CLM-1297_v1.png,dataset\cards\train\invalid\CLM-1297_v1.png
CLM-1297,train,Invalid Claim,CLM-1297_v2.png,dataset\cards\train\invalid\CLM-1297_v2.png
CLM-0219,train,Invalid Claim,CLM-0219_v1.png,dataset\cards\train\invalid\CLM-0219_v1.png
CLM-0219,train,Invalid Claim,CLM-0219_v2.png,dataset\cards\train\invalid\CLM-0219_v2.png
CLM-0238,train,Invalid Claim,CLM-0238_v1.png,dataset\cards\train\invalid\CLM-0238_v1.png
CLM-0238,train,Invalid Claim,CLM-0238_v2.png,dataset\cards\train\invalid\CLM-0238_v2.png
CLM-0195,train,Invalid Claim,CLM-0195_v1.png,dataset\cards\train\invalid\CLM-0195_v1.png
CLM-0195,train,Invalid Claim,CLM-0195_v2.png,dataset\cards\train\invalid\CLM-0195_v2.png
CLM-1318,train,Invalid Claim,CLM-1318_v1.png,dataset\cards\train\invalid\CLM-1318_v1.png
CLM-1318,train,Invalid Claim,CLM-1318_v2.png,dataset\cards\train\invalid\CLM-1318_v2.png
CLM-0331,train,Invalid Claim,CLM-0331_v1.png,dataset\cards\train\invalid\CLM-0331_v1.png
CLM-0331,train,Invalid Claim,CLM-0331_v2.png,dataset\cards\train\invalid\CLM-0331_v2.png
CLM-1237,train,Invalid Claim,CLM-1237_v1.png,dataset\cards\train\invalid\CLM-1237_v1.png
CLM-1237,train,Invalid Claim,CLM-1237_v2.png,dataset\cards\train\invalid\CLM-1237_v2.png
CLM-0742,train,Invalid Claim,CLM-0742_v1.png,dataset\cards\train\invalid\CLM-0742_v1.png
CLM-0742,train,Invalid Claim,CLM-0742_v2.png,dataset\cards\train\invalid\CLM-0742_v2.png
CLM-0172,train,Invalid Claim,CLM-0172_v1.png,dataset\cards\train\invalid\CLM-0172_v1.png
CLM-0172,train,Invalid Claim,CLM-0172_v2.png,dataset\cards\train\invalid\CLM-0172_v2.png
CLM-0681,train,Invalid Claim,CLM-0681_v1.png,dataset\cards\train\invalid\CLM-0681_v1.png
CLM-0681,train,Invalid Claim,CLM-0681_v2.png,dataset\cards\train\invalid\CLM-0681_v2.png
CLM-0817,train,Invalid Claim,CLM-0817_v1.png,dataset\cards\train\invalid\CLM-0817_v1.png
CLM-0817,train,Invalid Claim,CLM-0817_v2.png,dataset\cards\train\invalid\CLM-0817_v2.png
CLM-0226,train,Invalid Claim,CLM-0226_v1.png,dataset\cards\train\invalid\CLM-0226_v1.png
CLM-0226,train,Invalid Claim,CLM-0226_v2.png,dataset\cards\train\invalid\CLM-0226_v2.png
CLM-0686,train,Invalid Claim,CLM-0686_v1.png,dataset\cards\train\invalid\CLM-0686_v1.png
CLM-0686,train,Invalid Claim,CLM-0686_v2.png,dataset\cards\train\invalid\CLM-0686_v2.png
CLM-0697,train,Invalid Claim,CLM-0697_v1.png,dataset\cards\train\invalid\CLM-0697_v1.png
CLM-0697,train,Invalid Claim,CLM-0697_v2.png,dataset\cards\train\invalid\CLM-0697_v2.png
CLM-0205,train,Invalid Claim,CLM-0205_v1.png,dataset\cards\train\invalid\CLM-0205_v1.png
CLM-0205,train,Invalid Claim,CLM-0205_v2.png,dataset\cards\train\invalid\CLM-0205_v2.png
CLM-0245,train,Invalid Claim,CLM-0245_v1.png,dataset\cards\train\invalid\CLM-0245_v1.png
CLM-0245,train,Invalid Claim,CLM-0245_v2.png,dataset\cards\train\invalid\CLM-0245_v2.png
CLM-0207,train,Invalid Claim,CLM-0207_v1.png,dataset\cards\train\invalid\CLM-0207_v1.png
CLM-0207,train,Invalid Claim,CLM-0207_v2.png,dataset\cards\train\invalid\CLM-0207_v2.png
CLM-0786,train,Invalid Claim,CLM-0786_v1.png,dataset\cards\train\invalid\CLM-0786_v1.png
CLM-0786,train,Invalid Claim,CLM-0786_v2.png,dataset\cards\train\invalid\CLM-0786_v2.png
CLM-0316,train,Invalid Claim,CLM-0316_v1.png,dataset\cards\train\invalid\CLM-0316_v1.png
CLM-0316,train,Invalid Claim,CLM-0316_v2.png,dataset\cards\train\invalid\CLM-0316_v2.png
CLM-0707,train,Invalid Claim,CLM-0707_v1.png,dataset\cards\train\invalid\CLM-0707_v1.png
CLM-0707,train,Invalid Claim,CLM-0707_v2.png,dataset\cards\train\invalid\CLM-0707_v2.png
CLM-0676,train,Invalid Claim,CLM-0676_v1.png,dataset\cards\train\invalid\CLM-0676_v1.png
CLM-0676,train,Invalid Claim,CLM-0676_v2.png,dataset\cards\train\invalid\CLM-0676_v2.png
CLM-0734,train,Invalid Claim,CLM-0734_v1.png,dataset\cards\train\invalid\CLM-0734_v1.png
CLM-0734,train,Invalid Claim,CLM-0734_v2.png,dataset\cards\train\invalid\CLM-0734_v2.png
CLM-1329,train,Invalid Claim,CLM-1329_v1.png,dataset\cards\train\invalid\CLM-1329_v1.png
CLM-1329,train,Invalid Claim,CLM-1329_v2.png,dataset\cards\train\invalid\CLM-1329_v2.png
CLM-0714,train,Invalid Claim,CLM-0714_v1.png,dataset\cards\train\invalid\CLM-0714_v1.png
CLM-0714,train,Invalid Claim,CLM-0714_v2.png,dataset\cards\train\invalid\CLM-0714_v2.png
CLM-0732,train,Invalid Claim,CLM-0732_v1.png,dataset\cards\train\invalid\CLM-0732_v1.png
CLM-0732,train,Invalid Claim,CLM-0732_v2.png,dataset\cards\train\invalid\CLM-0732_v2.png
CLM-0183,train,Invalid Claim,CLM-0183_v1.png,dataset\cards\train\invalid\CLM-0183_v1.png
CLM-0183,train,Invalid Claim,CLM-0183_v2.png,dataset\cards\train\invalid\CLM-0183_v2.png
CLM-0280,train,Invalid Claim,CLM-0280_v1.png,dataset\cards\train\invalid\CLM-0280_v1.png
CLM-0280,train,Invalid Claim,CLM-0280_v2.png,dataset\cards\train\invalid\CLM-0280_v2.png
CLM-1287,train,Invalid Claim,CLM-1287_v1.png,dataset\cards\train\invalid\CLM-1287_v1.png
CLM-1287,train,Invalid Claim,CLM-1287_v2.png,dataset\cards\train\invalid\CLM-1287_v2.png
CLM-1207,train,Invalid Claim,CLM-1207_v1.png,dataset\cards\train\invalid\CLM-1207_v1.png
CLM-1207,train,Invalid Claim,CLM-1207_v2.png,dataset\cards\train\invalid\CLM-1207_v2.png
CLM-0760,train,Invalid Claim,CLM-0760_v1.png,dataset\cards\train\invalid\CLM-0760_v1.png
CLM-0760,train,Invalid Claim,CLM-0760_v2.png,dataset\cards\train\invalid\CLM-0760_v2.png
CLM-0182,train,Invalid Claim,CLM-0182_v1.png,dataset\cards\train\invalid\CLM-0182_v1.png
CLM-0182,train,Invalid Claim,CLM-0182_v2.png,dataset\cards\train\invalid\CLM-0182_v2.png
CLM-0175,train,Invalid Claim,CLM-0175_v1.png,dataset\cards\train\invalid\CLM-0175_v1.png
CLM-0175,train,Invalid Claim,CLM-0175_v2.png,dataset\cards\train\invalid\CLM-0175_v2.png
CLM-0286,train,Invalid Claim,CLM-0286_v1.png,dataset\cards\train\invalid\CLM-0286_v1.png
CLM-0286,train,Invalid Claim,CLM-0286_v2.png,dataset\cards\train\invalid\CLM-0286_v2.png
CLM-1303,train,Invalid Claim,CLM-1303_v1.png,dataset\cards\train\invalid\CLM-1303_v1.png
CLM-1303,train,Invalid Claim,CLM-1303_v2.png,dataset\cards\train\invalid\CLM-1303_v2.png
CLM-0731,train,Invalid Claim,CLM-0731_v1.png,dataset\cards\train\invalid\CLM-0731_v1.png
CLM-0731,train,Invalid Claim,CLM-0731_v2.png,dataset\cards\train\invalid\CLM-0731_v2.png
CLM-0249,train,Invalid Claim,CLM-0249_v1.png,dataset\cards\train\invalid\CLM-0249_v1.png
CLM-0249,train,Invalid Claim,CLM-0249_v2.png,dataset\cards\train\invalid\CLM-0249_v2.png
CLM-1311,train,Invalid Claim,CLM-1311_v1.png,dataset\cards\train\invalid\CLM-1311_v1.png
CLM-1311,train,Invalid Claim,CLM-1311_v2.png,dataset\cards\train\invalid\CLM-1311_v2.png
CLM-1212,train,Invalid Claim,CLM-1212_v1.png,dataset\cards\train\invalid\CLM-1212_v1.png
CLM-1212,train,Invalid Claim,CLM-1212_v2.png,dataset\cards\train\invalid\CLM-1212_v2.png
CLM-0687,train,Invalid Claim,CLM-0687_v1.png,dataset\cards\train\invalid\CLM-0687_v1.png
CLM-0687,train,Invalid Claim,CLM-0687_v2.png,dataset\cards\train\invalid\CLM-0687_v2.png
CLM-0257,train,Invalid Claim,CLM-0257_v1.png,dataset\cards\train\invalid\CLM-0257_v1.png
CLM-0257,train,Invalid Claim,CLM-0257_v2.png,dataset\cards\train\invalid\CLM-0257_v2.png
CLM-0200,train,Invalid Claim,CLM-0200_v1.png,dataset\cards\train\invalid\CLM-0200_v1.png
CLM-0200,train,Invalid Claim,CLM-0200_v2.png,dataset\cards\train\invalid\CLM-0200_v2.png
CLM-0764,train,Invalid Claim,CLM-0764_v1.png,dataset\cards\train\invalid\CLM-0764_v1.png
CLM-0764,train,Invalid Claim,CLM-0764_v2.png,dataset\cards\train\invalid\CLM-0764_v2.png
CLM-0692,train,Invalid Claim,CLM-0692_v1.png,dataset\cards\train\invalid\CLM-0692_v1.png
CLM-0692,train,Invalid Claim,CLM-0692_v2.png,dataset\cards\train\invalid\CLM-0692_v2.png
CLM-0712,train,Invalid Claim,CLM-0712_v1.png,dataset\cards\train\invalid\CLM-0712_v1.png
CLM-0712,train,Invalid Claim,CLM-0712_v2.png,dataset\cards\train\invalid\CLM-0712_v2.png
CLM-1225,train,Invalid Claim,CLM-1225_v1.png,dataset\cards\train\invalid\CLM-1225_v1.png
CLM-1225,train,Invalid Claim,CLM-1225_v2.png,dataset\cards\train\invalid\CLM-1225_v2.png
CLM-0213,train,Invalid Claim,CLM-0213_v1.png,dataset\cards\train\invalid\CLM-0213_v1.png
CLM-0213,train,Invalid Claim,CLM-0213_v2.png,dataset\cards\train\invalid\CLM-0213_v2.png
CLM-1252,train,Invalid Claim,CLM-1252_v1.png,dataset\cards\train\invalid\CLM-1252_v1.png
CLM-1252,train,Invalid Claim,CLM-1252_v2.png,dataset\cards\train\invalid\CLM-1252_v2.png
CLM-1179,train,Invalid Claim,CLM-1179_v1.png,dataset\cards\train\invalid\CLM-1179_v1.png
CLM-1179,train,Invalid Claim,CLM-1179_v2.png,dataset\cards\train\invalid\CLM-1179_v2.png
CLM-0334,train,Invalid Claim,CLM-0334_v1.png,dataset\cards\train\invalid\CLM-0334_v1.png
CLM-0334,train,Invalid Claim,CLM-0334_v2.png,dataset\cards\train\invalid\CLM-0334_v2.png
CLM-0799,train,Invalid Claim,CLM-0799_v1.png,dataset\cards\train\invalid\CLM-0799_v1.png
CLM-0799,train,Invalid Claim,CLM-0799_v2.png,dataset\cards\train\invalid\CLM-0799_v2.png
CLM-0785,train,Invalid Claim,CLM-0785_v1.png,dataset\cards\train\invalid\CLM-0785_v1.png
CLM-0785,train,Invalid Claim,CLM-0785_v2.png,dataset\cards\train\invalid\CLM-0785_v2.png
CLM-0774,train,Invalid Claim,CLM-0774_v1.png,dataset\cards\train\invalid\CLM-0774_v1.png
CLM-0774,train,Invalid Claim,CLM-0774_v2.png,dataset\cards\train\invalid\CLM-0774_v2.png
CLM-1167,train,Invalid Claim,CLM-1167_v1.png,dataset\cards\train\invalid\CLM-1167_v1.png
CLM-1167,train,Invalid Claim,CLM-1167_v2.png,dataset\cards\train\invalid\CLM-1167_v2.png
CLM-1325,train,Invalid Claim,CLM-1325_v1.png,dataset\cards\train\invalid\CLM-1325_v1.png
CLM-1325,train,Invalid Claim,CLM-1325_v2.png,dataset\cards\train\invalid\CLM-1325_v2.png
CLM-1173,train,Invalid Claim,CLM-1173_v1.png,dataset\cards\train\invalid\CLM-1173_v1.png
CLM-1173,train,Invalid Claim,CLM-1173_v2.png,dataset\cards\train\invalid\CLM-1173_v2.png
CLM-1195,train,Invalid Claim,CLM-1195_v1.png,dataset\cards\train\invalid\CLM-1195_v1.png
CLM-1195,train,Invalid Claim,CLM-1195_v2.png,dataset\cards\train\invalid\CLM-1195_v2.png
CLM-0740,train,Invalid Claim,CLM-0740_v1.png,dataset\cards\train\invalid\CLM-0740_v1.png
CLM-0740,train,Invalid Claim,CLM-0740_v2.png,dataset\cards\train\invalid\CLM-0740_v2.png
CLM-1323,train,Invalid Claim,CLM-1323_v1.png,dataset\cards\train\invalid\CLM-1323_v1.png
CLM-1323,train,Invalid Claim,CLM-1323_v2.png,dataset\cards\train\invalid\CLM-1323_v2.png
CLM-0715,train,Invalid Claim,CLM-0715_v1.png,dataset\cards\train\invalid\CLM-0715_v1.png
CLM-0715,train,Invalid Claim,CLM-0715_v2.png,dataset\cards\train\invalid\CLM-0715_v2.png
CLM-0683,train,Invalid Claim,CLM-0683_v1.png,dataset\cards\train\invalid\CLM-0683_v1.png
CLM-0683,train,Invalid Claim,CLM-0683_v2.png,dataset\cards\train\invalid\CLM-0683_v2.png
CLM-0281,train,Invalid Claim,CLM-0281_v1.png,dataset\cards\train\invalid\CLM-0281_v1.png
CLM-0281,train,Invalid Claim,CLM-0281_v2.png,dataset\cards\train\invalid\CLM-0281_v2.png
CLM-0246,train,Invalid Claim,CLM-0246_v1.png,dataset\cards\train\invalid\CLM-0246_v1.png
CLM-0246,train,Invalid Claim,CLM-0246_v2.png,dataset\cards\train\invalid\CLM-0246_v2.png
CLM-1295,train,Invalid Claim,CLM-1295_v1.png,dataset\cards\train\invalid\CLM-1295_v1.png
CLM-1295,train,Invalid Claim,CLM-1295_v2.png,dataset\cards\train\invalid\CLM-1295_v2.png
CLM-0716,train,Invalid Claim,CLM-0716_v1.png,dataset\cards\train\invalid\CLM-0716_v1.png
CLM-0716,train,Invalid Claim,CLM-0716_v2.png,dataset\cards\train\invalid\CLM-0716_v2.png
CLM-0188,train,Invalid Claim,CLM-0188_v1.png,dataset\cards\train\invalid\CLM-0188_v1.png
CLM-0188,train,Invalid Claim,CLM-0188_v2.png,dataset\cards\train\invalid\CLM-0188_v2.png
CLM-0711,train,Invalid Claim,CLM-0711_v1.png,dataset\cards\train\invalid\CLM-0711_v1.png
CLM-0711,train,Invalid Claim,CLM-0711_v2.png,dataset\cards\train\invalid\CLM-0711_v2.png
CLM-1284,train,Invalid Claim,CLM-1284_v1.png,dataset\cards\train\invalid\CLM-1284_v1.png
CLM-1284,train,Invalid Claim,CLM-1284_v2.png,dataset\cards\train\invalid\CLM-1284_v2.png
CLM-1447,train,Manual Review,CLM-1447_v1.png,dataset\cards\train\manual_review\CLM-1447_v1.png
CLM-1447,train,Manual Review,CLM-1447_v2.png,dataset\cards\train\manual_review\CLM-1447_v2.png
CLM-1408,train,Manual Review,CLM-1408_v1.png,dataset\cards\train\manual_review\CLM-1408_v1.png
CLM-1408,train,Manual Review,CLM-1408_v2.png,dataset\cards\train\manual_review\CLM-1408_v2.png
CLM-1496,train,Manual Review,CLM-1496_v1.png,dataset\cards\train\manual_review\CLM-1496_v1.png
CLM-1496,train,Manual Review,CLM-1496_v2.png,dataset\cards\train\manual_review\CLM-1496_v2.png
CLM-1410,train,Manual Review,CLM-1410_v1.png,dataset\cards\train\manual_review\CLM-1410_v1.png
CLM-1410,train,Manual Review,CLM-1410_v2.png,dataset\cards\train\manual_review\CLM-1410_v2.png
CLM-1357,train,Manual Review,CLM-1357_v1.png,dataset\cards\train\manual_review\CLM-1357_v1.png
CLM-1357,train,Manual Review,CLM-1357_v2.png,dataset\cards\train\manual_review\CLM-1357_v2.png
CLM-1426,train,Manual Review,CLM-1426_v1.png,dataset\cards\train\manual_review\CLM-1426_v1.png
CLM-1426,train,Manual Review,CLM-1426_v2.png,dataset\cards\train\manual_review\CLM-1426_v2.png
CLM-1394,train,Manual Review,CLM-1394_v1.png,dataset\cards\train\manual_review\CLM-1394_v1.png
CLM-1394,train,Manual Review,CLM-1394_v2.png,dataset\cards\train\manual_review\CLM-1394_v2.png
CLM-0362,train,Manual Review,CLM-0362_v1.png,dataset\cards\train\manual_review\CLM-0362_v1.png
CLM-0362,train,Manual Review,CLM-0362_v2.png,dataset\cards\train\manual_review\CLM-0362_v2.png
CLM-0852,train,Manual Review,CLM-0852_v1.png,dataset\cards\train\manual_review\CLM-0852_v1.png
CLM-0852,train,Manual Review,CLM-0852_v2.png,dataset\cards\train\manual_review\CLM-0852_v2.png
CLM-0496,train,Manual Review,CLM-0496_v1.png,dataset\cards\train\manual_review\CLM-0496_v1.png
CLM-0496,train,Manual Review,CLM-0496_v2.png,dataset\cards\train\manual_review\CLM-0496_v2.png
CLM-1337,train,Manual Review,CLM-1337_v1.png,dataset\cards\train\manual_review\CLM-1337_v1.png
CLM-1337,train,Manual Review,CLM-1337_v2.png,dataset\cards\train\manual_review\CLM-1337_v2.png
CLM-1479,train,Manual Review,CLM-1479_v1.png,dataset\cards\train\manual_review\CLM-1479_v1.png
CLM-1479,train,Manual Review,CLM-1479_v2.png,dataset\cards\train\manual_review\CLM-1479_v2.png
CLM-1478,train,Manual Review,CLM-1478_v1.png,dataset\cards\train\manual_review\CLM-1478_v1.png
CLM-1478,train,Manual Review,CLM-1478_v2.png,dataset\cards\train\manual_review\CLM-1478_v2.png
CLM-0464,train,Manual Review,CLM-0464_v1.png,dataset\cards\train\manual_review\CLM-0464_v1.png
CLM-0464,train,Manual Review,CLM-0464_v2.png,dataset\cards\train\manual_review\CLM-0464_v2.png
CLM-0891,train,Manual Review,CLM-0891_v1.png,dataset\cards\train\manual_review\CLM-0891_v1.png
CLM-0891,train,Manual Review,CLM-0891_v2.png,dataset\cards\train\manual_review\CLM-0891_v2.png
CLM-0410,train,Manual Review,CLM-0410_v1.png,dataset\cards\train\manual_review\CLM-0410_v1.png
CLM-0410,train,Manual Review,CLM-0410_v2.png,dataset\cards\train\manual_review\CLM-0410_v2.png
CLM-0373,train,Manual Review,CLM-0373_v1.png,dataset\cards\train\manual_review\CLM-0373_v1.png
CLM-0373,train,Manual Review,CLM-0373_v2.png,dataset\cards\train\manual_review\CLM-0373_v2.png
CLM-0480,train,Manual Review,CLM-0480_v1.png,dataset\cards\train\manual_review\CLM-0480_v1.png
CLM-0480,train,Manual Review,CLM-0480_v2.png,dataset\cards\train\manual_review\CLM-0480_v2.png
CLM-1411,train,Manual Review,CLM-1411_v1.png,dataset\cards\train\manual_review\CLM-1411_v1.png
CLM-1411,train,Manual Review,CLM-1411_v2.png,dataset\cards\train\manual_review\CLM-1411_v2.png
CLM-0850,train,Manual Review,CLM-0850_v1.png,dataset\cards\train\manual_review\CLM-0850_v1.png
CLM-0850,train,Manual Review,CLM-0850_v2.png,dataset\cards\train\manual_review\CLM-0850_v2.png
CLM-0440,train,Manual Review,CLM-0440_v1.png,dataset\cards\train\manual_review\CLM-0440_v1.png
CLM-0440,train,Manual Review,CLM-0440_v2.png,dataset\cards\train\manual_review\CLM-0440_v2.png
CLM-0984,train,Manual Review,CLM-0984_v1.png,dataset\cards\train\manual_review\CLM-0984_v1.png
CLM-0984,train,Manual Review,CLM-0984_v2.png,dataset\cards\train\manual_review\CLM-0984_v2.png
CLM-1399,train,Manual Review,CLM-1399_v1.png,dataset\cards\train\manual_review\CLM-1399_v1.png
CLM-1399,train,Manual Review,CLM-1399_v2.png,dataset\cards\train\manual_review\CLM-1399_v2.png
CLM-0461,train,Manual Review,CLM-0461_v1.png,dataset\cards\train\manual_review\CLM-0461_v1.png
CLM-0461,train,Manual Review,CLM-0461_v2.png,dataset\cards\train\manual_review\CLM-0461_v2.png
CLM-1464,train,Manual Review,CLM-1464_v1.png,dataset\cards\train\manual_review\CLM-1464_v1.png
CLM-1464,train,Manual Review,CLM-1464_v2.png,dataset\cards\train\manual_review\CLM-1464_v2.png
CLM-1442,train,Manual Review,CLM-1442_v1.png,dataset\cards\train\manual_review\CLM-1442_v1.png
CLM-1442,train,Manual Review,CLM-1442_v2.png,dataset\cards\train\manual_review\CLM-1442_v2.png
CLM-0837,train,Manual Review,CLM-0837_v1.png,dataset\cards\train\manual_review\CLM-0837_v1.png
CLM-0837,train,Manual Review,CLM-0837_v2.png,dataset\cards\train\manual_review\CLM-0837_v2.png
CLM-0928,train,Manual Review,CLM-0928_v1.png,dataset\cards\train\manual_review\CLM-0928_v1.png
CLM-0928,train,Manual Review,CLM-0928_v2.png,dataset\cards\train\manual_review\CLM-0928_v2.png
CLM-1389,train,Manual Review,CLM-1389_v1.png,dataset\cards\train\manual_review\CLM-1389_v1.png
CLM-1389,train,Manual Review,CLM-1389_v2.png,dataset\cards\train\manual_review\CLM-1389_v2.png
CLM-1370,train,Manual Review,CLM-1370_v1.png,dataset\cards\train\manual_review\CLM-1370_v1.png
CLM-1370,train,Manual Review,CLM-1370_v2.png,dataset\cards\train\manual_review\CLM-1370_v2.png
CLM-0920,train,Manual Review,CLM-0920_v1.png,dataset\cards\train\manual_review\CLM-0920_v1.png
CLM-0920,train,Manual Review,CLM-0920_v2.png,dataset\cards\train\manual_review\CLM-0920_v2.png
CLM-1346,train,Manual Review,CLM-1346_v1.png,dataset\cards\train\manual_review\CLM-1346_v1.png
CLM-1346,train,Manual Review,CLM-1346_v2.png,dataset\cards\train\manual_review\CLM-1346_v2.png
CLM-1454,train,Manual Review,CLM-1454_v1.png,dataset\cards\train\manual_review\CLM-1454_v1.png
CLM-1454,train,Manual Review,CLM-1454_v2.png,dataset\cards\train\manual_review\CLM-1454_v2.png
CLM-1487,train,Manual Review,CLM-1487_v1.png,dataset\cards\train\manual_review\CLM-1487_v1.png
CLM-1487,train,Manual Review,CLM-1487_v2.png,dataset\cards\train\manual_review\CLM-1487_v2.png
CLM-1439,train,Manual Review,CLM-1439_v1.png,dataset\cards\train\manual_review\CLM-1439_v1.png
CLM-1439,train,Manual Review,CLM-1439_v2.png,dataset\cards\train\manual_review\CLM-1439_v2.png
CLM-1422,train,Manual Review,CLM-1422_v1.png,dataset\cards\train\manual_review\CLM-1422_v1.png
CLM-1422,train,Manual Review,CLM-1422_v2.png,dataset\cards\train\manual_review\CLM-1422_v2.png
CLM-0914,train,Manual Review,CLM-0914_v1.png,dataset\cards\train\manual_review\CLM-0914_v1.png
CLM-0914,train,Manual Review,CLM-0914_v2.png,dataset\cards\train\manual_review\CLM-0914_v2.png
CLM-1446,train,Manual Review,CLM-1446_v1.png,dataset\cards\train\manual_review\CLM-1446_v1.png
CLM-1446,train,Manual Review,CLM-1446_v2.png,dataset\cards\train\manual_review\CLM-1446_v2.png
CLM-0375,train,Manual Review,CLM-0375_v1.png,dataset\cards\train\manual_review\CLM-0375_v1.png
CLM-0375,train,Manual Review,CLM-0375_v2.png,dataset\cards\train\manual_review\CLM-0375_v2.png
CLM-0955,train,Manual Review,CLM-0955_v1.png,dataset\cards\train\manual_review\CLM-0955_v1.png
CLM-0955,train,Manual Review,CLM-0955_v2.png,dataset\cards\train\manual_review\CLM-0955_v2.png
CLM-0996,train,Manual Review,CLM-0996_v1.png,dataset\cards\train\manual_review\CLM-0996_v1.png
CLM-0996,train,Manual Review,CLM-0996_v2.png,dataset\cards\train\manual_review\CLM-0996_v2.png
CLM-1473,train,Manual Review,CLM-1473_v1.png,dataset\cards\train\manual_review\CLM-1473_v1.png
CLM-1473,train,Manual Review,CLM-1473_v2.png,dataset\cards\train\manual_review\CLM-1473_v2.png
CLM-0927,train,Manual Review,CLM-0927_v1.png,dataset\cards\train\manual_review\CLM-0927_v1.png
CLM-0927,train,Manual Review,CLM-0927_v2.png,dataset\cards\train\manual_review\CLM-0927_v2.png
CLM-0360,train,Manual Review,CLM-0360_v1.png,dataset\cards\train\manual_review\CLM-0360_v1.png
CLM-0360,train,Manual Review,CLM-0360_v2.png,dataset\cards\train\manual_review\CLM-0360_v2.png
CLM-0424,train,Manual Review,CLM-0424_v1.png,dataset\cards\train\manual_review\CLM-0424_v1.png
CLM-0424,train,Manual Review,CLM-0424_v2.png,dataset\cards\train\manual_review\CLM-0424_v2.png
CLM-1450,train,Manual Review,CLM-1450_v1.png,dataset\cards\train\manual_review\CLM-1450_v1.png
CLM-1450,train,Manual Review,CLM-1450_v2.png,dataset\cards\train\manual_review\CLM-1450_v2.png
CLM-0944,train,Manual Review,CLM-0944_v1.png,dataset\cards\train\manual_review\CLM-0944_v1.png
CLM-0944,train,Manual Review,CLM-0944_v2.png,dataset\cards\train\manual_review\CLM-0944_v2.png
CLM-0441,train,Manual Review,CLM-0441_v1.png,dataset\cards\train\manual_review\CLM-0441_v1.png
CLM-0441,train,Manual Review,CLM-0441_v2.png,dataset\cards\train\manual_review\CLM-0441_v2.png
CLM-0999,train,Manual Review,CLM-0999_v1.png,dataset\cards\train\manual_review\CLM-0999_v1.png
CLM-0999,train,Manual Review,CLM-0999_v2.png,dataset\cards\train\manual_review\CLM-0999_v2.png
CLM-0380,train,Manual Review,CLM-0380_v1.png,dataset\cards\train\manual_review\CLM-0380_v1.png
CLM-0380,train,Manual Review,CLM-0380_v2.png,dataset\cards\train\manual_review\CLM-0380_v2.png
CLM-1449,train,Manual Review,CLM-1449_v1.png,dataset\cards\train\manual_review\CLM-1449_v1.png
CLM-1449,train,Manual Review,CLM-1449_v2.png,dataset\cards\train\manual_review\CLM-1449_v2.png
CLM-0957,train,Manual Review,CLM-0957_v1.png,dataset\cards\train\manual_review\CLM-0957_v1.png
CLM-0957,train,Manual Review,CLM-0957_v2.png,dataset\cards\train\manual_review\CLM-0957_v2.png
CLM-0486,train,Manual Review,CLM-0486_v1.png,dataset\cards\train\manual_review\CLM-0486_v1.png
CLM-0486,train,Manual Review,CLM-0486_v2.png,dataset\cards\train\manual_review\CLM-0486_v2.png
CLM-0458,train,Manual Review,CLM-0458_v1.png,dataset\cards\train\manual_review\CLM-0458_v1.png
CLM-0458,train,Manual Review,CLM-0458_v2.png,dataset\cards\train\manual_review\CLM-0458_v2.png
CLM-0491,train,Manual Review,CLM-0491_v1.png,dataset\cards\train\manual_review\CLM-0491_v1.png
CLM-0491,train,Manual Review,CLM-0491_v2.png,dataset\cards\train\manual_review\CLM-0491_v2.png
CLM-1379,train,Manual Review,CLM-1379_v1.png,dataset\cards\train\manual_review\CLM-1379_v1.png
CLM-1379,train,Manual Review,CLM-1379_v2.png,dataset\cards\train\manual_review\CLM-1379_v2.png
CLM-1451,train,Manual Review,CLM-1451_v1.png,dataset\cards\train\manual_review\CLM-1451_v1.png
CLM-1451,train,Manual Review,CLM-1451_v2.png,dataset\cards\train\manual_review\CLM-1451_v2.png
CLM-0451,train,Manual Review,CLM-0451_v1.png,dataset\cards\train\manual_review\CLM-0451_v1.png
CLM-0451,train,Manual Review,CLM-0451_v2.png,dataset\cards\train\manual_review\CLM-0451_v2.png
CLM-0845,train,Manual Review,CLM-0845_v1.png,dataset\cards\train\manual_review\CLM-0845_v1.png
CLM-0845,train,Manual Review,CLM-0845_v2.png,dataset\cards\train\manual_review\CLM-0845_v2.png
CLM-1366,train,Manual Review,CLM-1366_v1.png,dataset\cards\train\manual_review\CLM-1366_v1.png
CLM-1366,train,Manual Review,CLM-1366_v2.png,dataset\cards\train\manual_review\CLM-1366_v2.png
CLM-1383,train,Manual Review,CLM-1383_v1.png,dataset\cards\train\manual_review\CLM-1383_v1.png
CLM-1383,train,Manual Review,CLM-1383_v2.png,dataset\cards\train\manual_review\CLM-1383_v2.png
CLM-0844,train,Manual Review,CLM-0844_v1.png,dataset\cards\train\manual_review\CLM-0844_v1.png
CLM-0844,train,Manual Review,CLM-0844_v2.png,dataset\cards\train\manual_review\CLM-0844_v2.png
CLM-0471,train,Manual Review,CLM-0471_v1.png,dataset\cards\train\manual_review\CLM-0471_v1.png
CLM-0471,train,Manual Review,CLM-0471_v2.png,dataset\cards\train\manual_review\CLM-0471_v2.png
CLM-1412,train,Manual Review,CLM-1412_v1.png,dataset\cards\train\manual_review\CLM-1412_v1.png
CLM-1412,train,Manual Review,CLM-1412_v2.png,dataset\cards\train\manual_review\CLM-1412_v2.png
CLM-1466,train,Manual Review,CLM-1466_v1.png,dataset\cards\train\manual_review\CLM-1466_v1.png
CLM-1466,train,Manual Review,CLM-1466_v2.png,dataset\cards\train\manual_review\CLM-1466_v2.png
CLM-0864,train,Manual Review,CLM-0864_v1.png,dataset\cards\train\manual_review\CLM-0864_v1.png
CLM-0864,train,Manual Review,CLM-0864_v2.png,dataset\cards\train\manual_review\CLM-0864_v2.png
CLM-0374,train,Manual Review,CLM-0374_v1.png,dataset\cards\train\manual_review\CLM-0374_v1.png
CLM-0374,train,Manual Review,CLM-0374_v2.png,dataset\cards\train\manual_review\CLM-0374_v2.png
CLM-0839,train,Manual Review,CLM-0839_v1.png,dataset\cards\train\manual_review\CLM-0839_v1.png
CLM-0839,train,Manual Review,CLM-0839_v2.png,dataset\cards\train\manual_review\CLM-0839_v2.png
CLM-1482,train,Manual Review,CLM-1482_v1.png,dataset\cards\train\manual_review\CLM-1482_v1.png
CLM-1482,train,Manual Review,CLM-1482_v2.png,dataset\cards\train\manual_review\CLM-1482_v2.png
CLM-0495,train,Manual Review,CLM-0495_v1.png,dataset\cards\train\manual_review\CLM-0495_v1.png
CLM-0495,train,Manual Review,CLM-0495_v2.png,dataset\cards\train\manual_review\CLM-0495_v2.png
CLM-1336,train,Manual Review,CLM-1336_v1.png,dataset\cards\train\manual_review\CLM-1336_v1.png
CLM-1336,train,Manual Review,CLM-1336_v2.png,dataset\cards\train\manual_review\CLM-1336_v2.png
CLM-1416,train,Manual Review,CLM-1416_v1.png,dataset\cards\train\manual_review\CLM-1416_v1.png
CLM-1416,train,Manual Review,CLM-1416_v2.png,dataset\cards\train\manual_review\CLM-1416_v2.png
CLM-0336,train,Manual Review,CLM-0336_v1.png,dataset\cards\train\manual_review\CLM-0336_v1.png
CLM-0336,train,Manual Review,CLM-0336_v2.png,dataset\cards\train\manual_review\CLM-0336_v2.png
CLM-0468,train,Manual Review,CLM-0468_v1.png,dataset\cards\train\manual_review\CLM-0468_v1.png
CLM-0468,train,Manual Review,CLM-0468_v2.png,dataset\cards\train\manual_review\CLM-0468_v2.png
CLM-0982,train,Manual Review,CLM-0982_v1.png,dataset\cards\train\manual_review\CLM-0982_v1.png
CLM-0982,train,Manual Review,CLM-0982_v2.png,dataset\cards\train\manual_review\CLM-0982_v2.png
CLM-0894,train,Manual Review,CLM-0894_v1.png,dataset\cards\train\manual_review\CLM-0894_v1.png
CLM-0894,train,Manual Review,CLM-0894_v2.png,dataset\cards\train\manual_review\CLM-0894_v2.png
CLM-0884,train,Manual Review,CLM-0884_v1.png,dataset\cards\train\manual_review\CLM-0884_v1.png
CLM-0884,train,Manual Review,CLM-0884_v2.png,dataset\cards\train\manual_review\CLM-0884_v2.png
CLM-0363,train,Manual Review,CLM-0363_v1.png,dataset\cards\train\manual_review\CLM-0363_v1.png
CLM-0363,train,Manual Review,CLM-0363_v2.png,dataset\cards\train\manual_review\CLM-0363_v2.png
CLM-1405,train,Manual Review,CLM-1405_v1.png,dataset\cards\train\manual_review\CLM-1405_v1.png
CLM-1405,train,Manual Review,CLM-1405_v2.png,dataset\cards\train\manual_review\CLM-1405_v2.png
CLM-0354,train,Manual Review,CLM-0354_v1.png,dataset\cards\train\manual_review\CLM-0354_v1.png
CLM-0354,train,Manual Review,CLM-0354_v2.png,dataset\cards\train\manual_review\CLM-0354_v2.png
CLM-1498,train,Manual Review,CLM-1498_v1.png,dataset\cards\train\manual_review\CLM-1498_v1.png
CLM-1498,train,Manual Review,CLM-1498_v2.png,dataset\cards\train\manual_review\CLM-1498_v2.png
CLM-0454,train,Manual Review,CLM-0454_v1.png,dataset\cards\train\manual_review\CLM-0454_v1.png
CLM-0454,train,Manual Review,CLM-0454_v2.png,dataset\cards\train\manual_review\CLM-0454_v2.png
CLM-0477,train,Manual Review,CLM-0477_v1.png,dataset\cards\train\manual_review\CLM-0477_v1.png
CLM-0477,train,Manual Review,CLM-0477_v2.png,dataset\cards\train\manual_review\CLM-0477_v2.png
CLM-0854,train,Manual Review,CLM-0854_v1.png,dataset\cards\train\manual_review\CLM-0854_v1.png
CLM-0854,train,Manual Review,CLM-0854_v2.png,dataset\cards\train\manual_review\CLM-0854_v2.png
CLM-0382,train,Manual Review,CLM-0382_v1.png,dataset\cards\train\manual_review\CLM-0382_v1.png
CLM-0382,train,Manual Review,CLM-0382_v2.png,dataset\cards\train\manual_review\CLM-0382_v2.png
CLM-1380,train,Manual Review,CLM-1380_v1.png,dataset\cards\train\manual_review\CLM-1380_v1.png
CLM-1380,train,Manual Review,CLM-1380_v2.png,dataset\cards\train\manual_review\CLM-1380_v2.png
CLM-1372,train,Manual Review,CLM-1372_v1.png,dataset\cards\train\manual_review\CLM-1372_v1.png
CLM-1372,train,Manual Review,CLM-1372_v2.png,dataset\cards\train\manual_review\CLM-1372_v2.png
CLM-1499,train,Manual Review,CLM-1499_v1.png,dataset\cards\train\manual_review\CLM-1499_v1.png
CLM-1499,train,Manual Review,CLM-1499_v2.png,dataset\cards\train\manual_review\CLM-1499_v2.png
CLM-0466,train,Manual Review,CLM-0466_v1.png,dataset\cards\train\manual_review\CLM-0466_v1.png
CLM-0466,train,Manual Review,CLM-0466_v2.png,dataset\cards\train\manual_review\CLM-0466_v2.png
CLM-0840,train,Manual Review,CLM-0840_v1.png,dataset\cards\train\manual_review\CLM-0840_v1.png
CLM-0840,train,Manual Review,CLM-0840_v2.png,dataset\cards\train\manual_review\CLM-0840_v2.png
CLM-0349,train,Manual Review,CLM-0349_v1.png,dataset\cards\train\manual_review\CLM-0349_v1.png
CLM-0349,train,Manual Review,CLM-0349_v2.png,dataset\cards\train\manual_review\CLM-0349_v2.png
CLM-0898,train,Manual Review,CLM-0898_v1.png,dataset\cards\train\manual_review\CLM-0898_v1.png
CLM-0898,train,Manual Review,CLM-0898_v2.png,dataset\cards\train\manual_review\CLM-0898_v2.png
CLM-1425,train,Manual Review,CLM-1425_v1.png,dataset\cards\train\manual_review\CLM-1425_v1.png
CLM-1425,train,Manual Review,CLM-1425_v2.png,dataset\cards\train\manual_review\CLM-1425_v2.png
CLM-0370,train,Manual Review,CLM-0370_v1.png,dataset\cards\train\manual_review\CLM-0370_v1.png
CLM-0370,train,Manual Review,CLM-0370_v2.png,dataset\cards\train\manual_review\CLM-0370_v2.png
CLM-1484,train,Manual Review,CLM-1484_v1.png,dataset\cards\train\manual_review\CLM-1484_v1.png
CLM-1484,train,Manual Review,CLM-1484_v2.png,dataset\cards\train\manual_review\CLM-1484_v2.png
CLM-1465,train,Manual Review,CLM-1465_v1.png,dataset\cards\train\manual_review\CLM-1465_v1.png
CLM-1465,train,Manual Review,CLM-1465_v2.png,dataset\cards\train\manual_review\CLM-1465_v2.png
CLM-0998,train,Manual Review,CLM-0998_v1.png,dataset\cards\train\manual_review\CLM-0998_v1.png
CLM-0998,train,Manual Review,CLM-0998_v2.png,dataset\cards\train\manual_review\CLM-0998_v2.png
CLM-0436,train,Manual Review,CLM-0436_v1.png,dataset\cards\train\manual_review\CLM-0436_v1.png
CLM-0436,train,Manual Review,CLM-0436_v2.png,dataset\cards\train\manual_review\CLM-0436_v2.png
CLM-0949,train,Manual Review,CLM-0949_v1.png,dataset\cards\train\manual_review\CLM-0949_v1.png
CLM-0949,train,Manual Review,CLM-0949_v2.png,dataset\cards\train\manual_review\CLM-0949_v2.png
CLM-0981,train,Manual Review,CLM-0981_v1.png,dataset\cards\train\manual_review\CLM-0981_v1.png
CLM-0981,train,Manual Review,CLM-0981_v2.png,dataset\cards\train\manual_review\CLM-0981_v2.png
CLM-0917,train,Manual Review,CLM-0917_v1.png,dataset\cards\train\manual_review\CLM-0917_v1.png
CLM-0917,train,Manual Review,CLM-0917_v2.png,dataset\cards\train\manual_review\CLM-0917_v2.png
CLM-1360,train,Manual Review,CLM-1360_v1.png,dataset\cards\train\manual_review\CLM-1360_v1.png
CLM-1360,train,Manual Review,CLM-1360_v2.png,dataset\cards\train\manual_review\CLM-1360_v2.png
CLM-0963,train,Manual Review,CLM-0963_v1.png,dataset\cards\train\manual_review\CLM-0963_v1.png
CLM-0963,train,Manual Review,CLM-0963_v2.png,dataset\cards\train\manual_review\CLM-0963_v2.png
CLM-0987,train,Manual Review,CLM-0987_v1.png,dataset\cards\train\manual_review\CLM-0987_v1.png
CLM-0987,train,Manual Review,CLM-0987_v2.png,dataset\cards\train\manual_review\CLM-0987_v2.png
CLM-1471,train,Manual Review,CLM-1471_v1.png,dataset\cards\train\manual_review\CLM-1471_v1.png
CLM-1471,train,Manual Review,CLM-1471_v2.png,dataset\cards\train\manual_review\CLM-1471_v2.png
CLM-0853,train,Manual Review,CLM-0853_v1.png,dataset\cards\train\manual_review\CLM-0853_v1.png
CLM-0853,train,Manual Review,CLM-0853_v2.png,dataset\cards\train\manual_review\CLM-0853_v2.png
CLM-0878,train,Manual Review,CLM-0878_v1.png,dataset\cards\train\manual_review\CLM-0878_v1.png
CLM-0878,train,Manual Review,CLM-0878_v2.png,dataset\cards\train\manual_review\CLM-0878_v2.png
CLM-0347,train,Manual Review,CLM-0347_v1.png,dataset\cards\train\manual_review\CLM-0347_v1.png
CLM-0347,train,Manual Review,CLM-0347_v2.png,dataset\cards\train\manual_review\CLM-0347_v2.png
CLM-1397,train,Manual Review,CLM-1397_v1.png,dataset\cards\train\manual_review\CLM-1397_v1.png
CLM-1397,train,Manual Review,CLM-1397_v2.png,dataset\cards\train\manual_review\CLM-1397_v2.png
CLM-0848,train,Manual Review,CLM-0848_v1.png,dataset\cards\train\manual_review\CLM-0848_v1.png
CLM-0848,train,Manual Review,CLM-0848_v2.png,dataset\cards\train\manual_review\CLM-0848_v2.png
CLM-0488,train,Manual Review,CLM-0488_v1.png,dataset\cards\train\manual_review\CLM-0488_v1.png
CLM-0488,train,Manual Review,CLM-0488_v2.png,dataset\cards\train\manual_review\CLM-0488_v2.png
CLM-1437,train,Manual Review,CLM-1437_v1.png,dataset\cards\train\manual_review\CLM-1437_v1.png
CLM-1437,train,Manual Review,CLM-1437_v2.png,dataset\cards\train\manual_review\CLM-1437_v2.png
CLM-0846,train,Manual Review,CLM-0846_v1.png,dataset\cards\train\manual_review\CLM-0846_v1.png
CLM-0846,train,Manual Review,CLM-0846_v2.png,dataset\cards\train\manual_review\CLM-0846_v2.png
CLM-0866,train,Manual Review,CLM-0866_v1.png,dataset\cards\train\manual_review\CLM-0866_v1.png
CLM-0866,train,Manual Review,CLM-0866_v2.png,dataset\cards\train\manual_review\CLM-0866_v2.png
CLM-1350,train,Manual Review,CLM-1350_v1.png,dataset\cards\train\manual_review\CLM-1350_v1.png
CLM-1350,train,Manual Review,CLM-1350_v2.png,dataset\cards\train\manual_review\CLM-1350_v2.png
CLM-1407,train,Manual Review,CLM-1407_v1.png,dataset\cards\train\manual_review\CLM-1407_v1.png
CLM-1407,train,Manual Review,CLM-1407_v2.png,dataset\cards\train\manual_review\CLM-1407_v2.png
CLM-0993,train,Manual Review,CLM-0993_v1.png,dataset\cards\train\manual_review\CLM-0993_v1.png
CLM-0993,train,Manual Review,CLM-0993_v2.png,dataset\cards\train\manual_review\CLM-0993_v2.png
CLM-0356,train,Manual Review,CLM-0356_v1.png,dataset\cards\train\manual_review\CLM-0356_v1.png
CLM-0356,train,Manual Review,CLM-0356_v2.png,dataset\cards\train\manual_review\CLM-0356_v2.png
CLM-0459,train,Manual Review,CLM-0459_v1.png,dataset\cards\train\manual_review\CLM-0459_v1.png
CLM-0459,train,Manual Review,CLM-0459_v2.png,dataset\cards\train\manual_review\CLM-0459_v2.png
CLM-0396,train,Manual Review,CLM-0396_v1.png,dataset\cards\train\manual_review\CLM-0396_v1.png
CLM-0396,train,Manual Review,CLM-0396_v2.png,dataset\cards\train\manual_review\CLM-0396_v2.png
CLM-1488,train,Manual Review,CLM-1488_v1.png,dataset\cards\train\manual_review\CLM-1488_v1.png
CLM-1488,train,Manual Review,CLM-1488_v2.png,dataset\cards\train\manual_review\CLM-1488_v2.png
CLM-1401,train,Manual Review,CLM-1401_v1.png,dataset\cards\train\manual_review\CLM-1401_v1.png
CLM-1401,train,Manual Review,CLM-1401_v2.png,dataset\cards\train\manual_review\CLM-1401_v2.png
CLM-0861,train,Manual Review,CLM-0861_v1.png,dataset\cards\train\manual_review\CLM-0861_v1.png
CLM-0861,train,Manual Review,CLM-0861_v2.png,dataset\cards\train\manual_review\CLM-0861_v2.png
CLM-1467,train,Manual Review,CLM-1467_v1.png,dataset\cards\train\manual_review\CLM-1467_v1.png
CLM-1467,train,Manual Review,CLM-1467_v2.png,dataset\cards\train\manual_review\CLM-1467_v2.png
CLM-1444,train,Manual Review,CLM-1444_v1.png,dataset\cards\train\manual_review\CLM-1444_v1.png
CLM-1444,train,Manual Review,CLM-1444_v2.png,dataset\cards\train\manual_review\CLM-1444_v2.png
CLM-1377,train,Manual Review,CLM-1377_v1.png,dataset\cards\train\manual_review\CLM-1377_v1.png
CLM-1377,train,Manual Review,CLM-1377_v2.png,dataset\cards\train\manual_review\CLM-1377_v2.png
CLM-0355,train,Manual Review,CLM-0355_v1.png,dataset\cards\train\manual_review\CLM-0355_v1.png
CLM-0355,train,Manual Review,CLM-0355_v2.png,dataset\cards\train\manual_review\CLM-0355_v2.png
CLM-0484,train,Manual Review,CLM-0484_v1.png,dataset\cards\train\manual_review\CLM-0484_v1.png
CLM-0484,train,Manual Review,CLM-0484_v2.png,dataset\cards\train\manual_review\CLM-0484_v2.png
CLM-1429,train,Manual Review,CLM-1429_v1.png,dataset\cards\train\manual_review\CLM-1429_v1.png
CLM-1429,train,Manual Review,CLM-1429_v2.png,dataset\cards\train\manual_review\CLM-1429_v2.png
CLM-0896,train,Manual Review,CLM-0896_v1.png,dataset\cards\train\manual_review\CLM-0896_v1.png
CLM-0896,train,Manual Review,CLM-0896_v2.png,dataset\cards\train\manual_review\CLM-0896_v2.png
CLM-0867,train,Manual Review,CLM-0867_v1.png,dataset\cards\train\manual_review\CLM-0867_v1.png
CLM-0867,train,Manual Review,CLM-0867_v2.png,dataset\cards\train\manual_review\CLM-0867_v2.png
CLM-1373,train,Manual Review,CLM-1373_v1.png,dataset\cards\train\manual_review\CLM-1373_v1.png
CLM-1373,train,Manual Review,CLM-1373_v2.png,dataset\cards\train\manual_review\CLM-1373_v2.png
CLM-0995,train,Manual Review,CLM-0995_v1.png,dataset\cards\train\manual_review\CLM-0995_v1.png
CLM-0995,train,Manual Review,CLM-0995_v2.png,dataset\cards\train\manual_review\CLM-0995_v2.png
CLM-0934,train,Manual Review,CLM-0934_v1.png,dataset\cards\train\manual_review\CLM-0934_v1.png
CLM-0934,train,Manual Review,CLM-0934_v2.png,dataset\cards\train\manual_review\CLM-0934_v2.png
CLM-0874,train,Manual Review,CLM-0874_v1.png,dataset\cards\train\manual_review\CLM-0874_v1.png
CLM-0874,train,Manual Review,CLM-0874_v2.png,dataset\cards\train\manual_review\CLM-0874_v2.png
CLM-0942,train,Manual Review,CLM-0942_v1.png,dataset\cards\train\manual_review\CLM-0942_v1.png
CLM-0942,train,Manual Review,CLM-0942_v2.png,dataset\cards\train\manual_review\CLM-0942_v2.png
CLM-0989,train,Manual Review,CLM-0989_v1.png,dataset\cards\train\manual_review\CLM-0989_v1.png
CLM-0989,train,Manual Review,CLM-0989_v2.png,dataset\cards\train\manual_review\CLM-0989_v2.png
CLM-0870,train,Manual Review,CLM-0870_v1.png,dataset\cards\train\manual_review\CLM-0870_v1.png
CLM-0870,train,Manual Review,CLM-0870_v2.png,dataset\cards\train\manual_review\CLM-0870_v2.png
CLM-0895,train,Manual Review,CLM-0895_v1.png,dataset\cards\train\manual_review\CLM-0895_v1.png
CLM-0895,train,Manual Review,CLM-0895_v2.png,dataset\cards\train\manual_review\CLM-0895_v2.png
CLM-1341,train,Manual Review,CLM-1341_v1.png,dataset\cards\train\manual_review\CLM-1341_v1.png
CLM-1341,train,Manual Review,CLM-1341_v2.png,dataset\cards\train\manual_review\CLM-1341_v2.png
CLM-0345,train,Manual Review,CLM-0345_v1.png,dataset\cards\train\manual_review\CLM-0345_v1.png
CLM-0345,train,Manual Review,CLM-0345_v2.png,dataset\cards\train\manual_review\CLM-0345_v2.png
CLM-0875,train,Manual Review,CLM-0875_v1.png,dataset\cards\train\manual_review\CLM-0875_v1.png
CLM-0875,train,Manual Review,CLM-0875_v2.png,dataset\cards\train\manual_review\CLM-0875_v2.png
CLM-0912,train,Manual Review,CLM-0912_v1.png,dataset\cards\train\manual_review\CLM-0912_v1.png
CLM-0912,train,Manual Review,CLM-0912_v2.png,dataset\cards\train\manual_review\CLM-0912_v2.png
CLM-0950,train,Manual Review,CLM-0950_v1.png,dataset\cards\train\manual_review\CLM-0950_v1.png
CLM-0950,train,Manual Review,CLM-0950_v2.png,dataset\cards\train\manual_review\CLM-0950_v2.png
CLM-0365,train,Manual Review,CLM-0365_v1.png,dataset\cards\train\manual_review\CLM-0365_v1.png
CLM-0365,train,Manual Review,CLM-0365_v2.png,dataset\cards\train\manual_review\CLM-0365_v2.png
CLM-1355,train,Manual Review,CLM-1355_v1.png,dataset\cards\train\manual_review\CLM-1355_v1.png
CLM-1355,train,Manual Review,CLM-1355_v2.png,dataset\cards\train\manual_review\CLM-1355_v2.png
CLM-0443,train,Manual Review,CLM-0443_v1.png,dataset\cards\train\manual_review\CLM-0443_v1.png
CLM-0443,train,Manual Review,CLM-0443_v2.png,dataset\cards\train\manual_review\CLM-0443_v2.png
CLM-0376,train,Manual Review,CLM-0376_v1.png,dataset\cards\train\manual_review\CLM-0376_v1.png
CLM-0376,train,Manual Review,CLM-0376_v2.png,dataset\cards\train\manual_review\CLM-0376_v2.png
CLM-0946,train,Manual Review,CLM-0946_v1.png,dataset\cards\train\manual_review\CLM-0946_v1.png
CLM-0946,train,Manual Review,CLM-0946_v2.png,dataset\cards\train\manual_review\CLM-0946_v2.png
CLM-0463,train,Manual Review,CLM-0463_v1.png,dataset\cards\train\manual_review\CLM-0463_v1.png
CLM-0463,train,Manual Review,CLM-0463_v2.png,dataset\cards\train\manual_review\CLM-0463_v2.png
CLM-0959,train,Manual Review,CLM-0959_v1.png,dataset\cards\train\manual_review\CLM-0959_v1.png
CLM-0959,train,Manual Review,CLM-0959_v2.png,dataset\cards\train\manual_review\CLM-0959_v2.png
CLM-0379,train,Manual Review,CLM-0379_v1.png,dataset\cards\train\manual_review\CLM-0379_v1.png
CLM-0379,train,Manual Review,CLM-0379_v2.png,dataset\cards\train\manual_review\CLM-0379_v2.png
CLM-0919,train,Manual Review,CLM-0919_v1.png,dataset\cards\train\manual_review\CLM-0919_v1.png
CLM-0919,train,Manual Review,CLM-0919_v2.png,dataset\cards\train\manual_review\CLM-0919_v2.png
CLM-0348,train,Manual Review,CLM-0348_v1.png,dataset\cards\train\manual_review\CLM-0348_v1.png
CLM-0348,train,Manual Review,CLM-0348_v2.png,dataset\cards\train\manual_review\CLM-0348_v2.png
CLM-0377,train,Manual Review,CLM-0377_v1.png,dataset\cards\train\manual_review\CLM-0377_v1.png
CLM-0377,train,Manual Review,CLM-0377_v2.png,dataset\cards\train\manual_review\CLM-0377_v2.png
CLM-0500,train,Manual Review,CLM-0500_v1.png,dataset\cards\train\manual_review\CLM-0500_v1.png
CLM-0500,train,Manual Review,CLM-0500_v2.png,dataset\cards\train\manual_review\CLM-0500_v2.png
CLM-0417,train,Manual Review,CLM-0417_v1.png,dataset\cards\train\manual_review\CLM-0417_v1.png
CLM-0417,train,Manual Review,CLM-0417_v2.png,dataset\cards\train\manual_review\CLM-0417_v2.png
CLM-1477,train,Manual Review,CLM-1477_v1.png,dataset\cards\train\manual_review\CLM-1477_v1.png
CLM-1477,train,Manual Review,CLM-1477_v2.png,dataset\cards\train\manual_review\CLM-1477_v2.png
CLM-0339,train,Manual Review,CLM-0339_v1.png,dataset\cards\train\manual_review\CLM-0339_v1.png
CLM-0339,train,Manual Review,CLM-0339_v2.png,dataset\cards\train\manual_review\CLM-0339_v2.png
CLM-0897,train,Manual Review,CLM-0897_v1.png,dataset\cards\train\manual_review\CLM-0897_v1.png
CLM-0897,train,Manual Review,CLM-0897_v2.png,dataset\cards\train\manual_review\CLM-0897_v2.png
CLM-1368,train,Manual Review,CLM-1368_v1.png,dataset\cards\train\manual_review\CLM-1368_v1.png
CLM-1368,train,Manual Review,CLM-1368_v2.png,dataset\cards\train\manual_review\CLM-1368_v2.png
CLM-0338,train,Manual Review,CLM-0338_v1.png,dataset\cards\train\manual_review\CLM-0338_v1.png
CLM-0338,train,Manual Review,CLM-0338_v2.png,dataset\cards\train\manual_review\CLM-0338_v2.png
CLM-0418,train,Manual Review,CLM-0418_v1.png,dataset\cards\train\manual_review\CLM-0418_v1.png
CLM-0418,train,Manual Review,CLM-0418_v2.png,dataset\cards\train\manual_review\CLM-0418_v2.png
CLM-0938,train,Manual Review,CLM-0938_v1.png,dataset\cards\train\manual_review\CLM-0938_v1.png
CLM-0938,train,Manual Review,CLM-0938_v2.png,dataset\cards\train\manual_review\CLM-0938_v2.png
CLM-0445,train,Manual Review,CLM-0445_v1.png,dataset\cards\train\manual_review\CLM-0445_v1.png
CLM-0445,train,Manual Review,CLM-0445_v2.png,dataset\cards\train\manual_review\CLM-0445_v2.png
CLM-0372,train,Manual Review,CLM-0372_v1.png,dataset\cards\train\manual_review\CLM-0372_v1.png
CLM-0372,train,Manual Review,CLM-0372_v2.png,dataset\cards\train\manual_review\CLM-0372_v2.png
CLM-0358,train,Manual Review,CLM-0358_v1.png,dataset\cards\train\manual_review\CLM-0358_v1.png
CLM-0358,train,Manual Review,CLM-0358_v2.png,dataset\cards\train\manual_review\CLM-0358_v2.png
CLM-0446,train,Manual Review,CLM-0446_v1.png,dataset\cards\train\manual_review\CLM-0446_v1.png
CLM-0446,train,Manual Review,CLM-0446_v2.png,dataset\cards\train\manual_review\CLM-0446_v2.png
CLM-1359,train,Manual Review,CLM-1359_v1.png,dataset\cards\train\manual_review\CLM-1359_v1.png
CLM-1359,train,Manual Review,CLM-1359_v2.png,dataset\cards\train\manual_review\CLM-1359_v2.png
CLM-0961,train,Manual Review,CLM-0961_v1.png,dataset\cards\train\manual_review\CLM-0961_v1.png
CLM-0961,train,Manual Review,CLM-0961_v2.png,dataset\cards\train\manual_review\CLM-0961_v2.png
CLM-0482,train,Manual Review,CLM-0482_v1.png,dataset\cards\train\manual_review\CLM-0482_v1.png
CLM-0482,train,Manual Review,CLM-0482_v2.png,dataset\cards\train\manual_review\CLM-0482_v2.png
CLM-0456,train,Manual Review,CLM-0456_v1.png,dataset\cards\train\manual_review\CLM-0456_v1.png
CLM-0456,train,Manual Review,CLM-0456_v2.png,dataset\cards\train\manual_review\CLM-0456_v2.png
CLM-0350,train,Manual Review,CLM-0350_v1.png,dataset\cards\train\manual_review\CLM-0350_v1.png
CLM-0350,train,Manual Review,CLM-0350_v2.png,dataset\cards\train\manual_review\CLM-0350_v2.png
CLM-1472,train,Manual Review,CLM-1472_v1.png,dataset\cards\train\manual_review\CLM-1472_v1.png
CLM-1472,train,Manual Review,CLM-1472_v2.png,dataset\cards\train\manual_review\CLM-1472_v2.png
CLM-1396,train,Manual Review,CLM-1396_v1.png,dataset\cards\train\manual_review\CLM-1396_v1.png
CLM-1396,train,Manual Review,CLM-1396_v2.png,dataset\cards\train\manual_review\CLM-1396_v2.png
CLM-1338,train,Manual Review,CLM-1338_v1.png,dataset\cards\train\manual_review\CLM-1338_v1.png
CLM-1338,train,Manual Review,CLM-1338_v2.png,dataset\cards\train\manual_review\CLM-1338_v2.png
CLM-0947,train,Manual Review,CLM-0947_v1.png,dataset\cards\train\manual_review\CLM-0947_v1.png
CLM-0947,train,Manual Review,CLM-0947_v2.png,dataset\cards\train\manual_review\CLM-0947_v2.png
CLM-0869,train,Manual Review,CLM-0869_v1.png,dataset\cards\train\manual_review\CLM-0869_v1.png
CLM-0869,train,Manual Review,CLM-0869_v2.png,dataset\cards\train\manual_review\CLM-0869_v2.png
CLM-0979,train,Manual Review,CLM-0979_v1.png,dataset\cards\train\manual_review\CLM-0979_v1.png
CLM-0979,train,Manual Review,CLM-0979_v2.png,dataset\cards\train\manual_review\CLM-0979_v2.png
CLM-1452,train,Manual Review,CLM-1452_v1.png,dataset\cards\train\manual_review\CLM-1452_v1.png
CLM-1452,train,Manual Review,CLM-1452_v2.png,dataset\cards\train\manual_review\CLM-1452_v2.png
CLM-0499,train,Manual Review,CLM-0499_v1.png,dataset\cards\train\manual_review\CLM-0499_v1.png
CLM-0499,train,Manual Review,CLM-0499_v2.png,dataset\cards\train\manual_review\CLM-0499_v2.png
CLM-0916,train,Manual Review,CLM-0916_v1.png,dataset\cards\train\manual_review\CLM-0916_v1.png
CLM-0916,train,Manual Review,CLM-0916_v2.png,dataset\cards\train\manual_review\CLM-0916_v2.png
CLM-1493,train,Manual Review,CLM-1493_v1.png,dataset\cards\train\manual_review\CLM-1493_v1.png
CLM-1493,train,Manual Review,CLM-1493_v2.png,dataset\cards\train\manual_review\CLM-1493_v2.png
CLM-0442,train,Manual Review,CLM-0442_v1.png,dataset\cards\train\manual_review\CLM-0442_v1.png
CLM-0442,train,Manual Review,CLM-0442_v2.png,dataset\cards\train\manual_review\CLM-0442_v2.png
CLM-0427,train,Manual Review,CLM-0427_v1.png,dataset\cards\train\manual_review\CLM-0427_v1.png
CLM-0427,train,Manual Review,CLM-0427_v2.png,dataset\cards\train\manual_review\CLM-0427_v2.png
CLM-0428,train,Manual Review,CLM-0428_v1.png,dataset\cards\train\manual_review\CLM-0428_v1.png
CLM-0428,train,Manual Review,CLM-0428_v2.png,dataset\cards\train\manual_review\CLM-0428_v2.png
CLM-0921,train,Manual Review,CLM-0921_v1.png,dataset\cards\train\manual_review\CLM-0921_v1.png
CLM-0921,train,Manual Review,CLM-0921_v2.png,dataset\cards\train\manual_review\CLM-0921_v2.png
CLM-1430,train,Manual Review,CLM-1430_v1.png,dataset\cards\train\manual_review\CLM-1430_v1.png
CLM-1430,train,Manual Review,CLM-1430_v2.png,dataset\cards\train\manual_review\CLM-1430_v2.png
CLM-1343,train,Manual Review,CLM-1343_v1.png,dataset\cards\train\manual_review\CLM-1343_v1.png
CLM-1343,train,Manual Review,CLM-1343_v2.png,dataset\cards\train\manual_review\CLM-1343_v2.png
CLM-0353,train,Manual Review,CLM-0353_v1.png,dataset\cards\train\manual_review\CLM-0353_v1.png
CLM-0353,train,Manual Review,CLM-0353_v2.png,dataset\cards\train\manual_review\CLM-0353_v2.png
CLM-1365,train,Manual Review,CLM-1365_v1.png,dataset\cards\train\manual_review\CLM-1365_v1.png
CLM-1365,train,Manual Review,CLM-1365_v2.png,dataset\cards\train\manual_review\CLM-1365_v2.png
CLM-0992,train,Manual Review,CLM-0992_v1.png,dataset\cards\train\manual_review\CLM-0992_v1.png
CLM-0992,train,Manual Review,CLM-0992_v2.png,dataset\cards\train\manual_review\CLM-0992_v2.png
CLM-0991,train,Manual Review,CLM-0991_v1.png,dataset\cards\train\manual_review\CLM-0991_v1.png
CLM-0991,train,Manual Review,CLM-0991_v2.png,dataset\cards\train\manual_review\CLM-0991_v2.png
CLM-1453,train,Manual Review,CLM-1453_v1.png,dataset\cards\train\manual_review\CLM-1453_v1.png
CLM-1453,train,Manual Review,CLM-1453_v2.png,dataset\cards\train\manual_review\CLM-1453_v2.png
CLM-1385,train,Manual Review,CLM-1385_v1.png,dataset\cards\train\manual_review\CLM-1385_v1.png
CLM-1385,train,Manual Review,CLM-1385_v2.png,dataset\cards\train\manual_review\CLM-1385_v2.png
CLM-0977,train,Manual Review,CLM-0977_v1.png,dataset\cards\train\manual_review\CLM-0977_v1.png
CLM-0977,train,Manual Review,CLM-0977_v2.png,dataset\cards\train\manual_review\CLM-0977_v2.png
CLM-0434,train,Manual Review,CLM-0434_v1.png,dataset\cards\train\manual_review\CLM-0434_v1.png
CLM-0434,train,Manual Review,CLM-0434_v2.png,dataset\cards\train\manual_review\CLM-0434_v2.png
CLM-0371,train,Manual Review,CLM-0371_v1.png,dataset\cards\train\manual_review\CLM-0371_v1.png
CLM-0371,train,Manual Review,CLM-0371_v2.png,dataset\cards\train\manual_review\CLM-0371_v2.png
CLM-0908,train,Manual Review,CLM-0908_v1.png,dataset\cards\train\manual_review\CLM-0908_v1.png
CLM-0908,train,Manual Review,CLM-0908_v2.png,dataset\cards\train\manual_review\CLM-0908_v2.png
CLM-0909,train,Manual Review,CLM-0909_v1.png,dataset\cards\train\manual_review\CLM-0909_v1.png
CLM-0909,train,Manual Review,CLM-0909_v2.png,dataset\cards\train\manual_review\CLM-0909_v2.png
CLM-1392,train,Manual Review,CLM-1392_v1.png,dataset\cards\train\manual_review\CLM-1392_v1.png
CLM-1392,train,Manual Review,CLM-1392_v2.png,dataset\cards\train\manual_review\CLM-1392_v2.png
CLM-0447,train,Manual Review,CLM-0447_v1.png,dataset\cards\train\manual_review\CLM-0447_v1.png
CLM-0447,train,Manual Review,CLM-0447_v2.png,dataset\cards\train\manual_review\CLM-0447_v2.png
CLM-1489,train,Manual Review,CLM-1489_v1.png,dataset\cards\train\manual_review\CLM-1489_v1.png
CLM-1489,train,Manual Review,CLM-1489_v2.png,dataset\cards\train\manual_review\CLM-1489_v2.png
CLM-1415,train,Manual Review,CLM-1415_v1.png,dataset\cards\train\manual_review\CLM-1415_v1.png
CLM-1415,train,Manual Review,CLM-1415_v2.png,dataset\cards\train\manual_review\CLM-1415_v2.png
CLM-0890,train,Manual Review,CLM-0890_v1.png,dataset\cards\train\manual_review\CLM-0890_v1.png
CLM-0890,train,Manual Review,CLM-0890_v2.png,dataset\cards\train\manual_review\CLM-0890_v2.png
CLM-0843,train,Manual Review,CLM-0843_v1.png,dataset\cards\train\manual_review\CLM-0843_v1.png
CLM-0843,train,Manual Review,CLM-0843_v2.png,dataset\cards\train\manual_review\CLM-0843_v2.png
CLM-0855,train,Manual Review,CLM-0855_v1.png,dataset\cards\train\manual_review\CLM-0855_v1.png
CLM-0855,train,Manual Review,CLM-0855_v2.png,dataset\cards\train\manual_review\CLM-0855_v2.png
CLM-0415,train,Manual Review,CLM-0415_v1.png,dataset\cards\train\manual_review\CLM-0415_v1.png
CLM-0415,train,Manual Review,CLM-0415_v2.png,dataset\cards\train\manual_review\CLM-0415_v2.png
CLM-1409,train,Manual Review,CLM-1409_v1.png,dataset\cards\train\manual_review\CLM-1409_v1.png
CLM-1409,train,Manual Review,CLM-1409_v2.png,dataset\cards\train\manual_review\CLM-1409_v2.png
CLM-0847,train,Manual Review,CLM-0847_v1.png,dataset\cards\train\manual_review\CLM-0847_v1.png
CLM-0847,train,Manual Review,CLM-0847_v2.png,dataset\cards\train\manual_review\CLM-0847_v2.png
CLM-0952,train,Manual Review,CLM-0952_v1.png,dataset\cards\train\manual_review\CLM-0952_v1.png
CLM-0952,train,Manual Review,CLM-0952_v2.png,dataset\cards\train\manual_review\CLM-0952_v2.png
CLM-0342,train,Manual Review,CLM-0342_v1.png,dataset\cards\train\manual_review\CLM-0342_v1.png
CLM-0342,train,Manual Review,CLM-0342_v2.png,dataset\cards\train\manual_review\CLM-0342_v2.png
CLM-1402,train,Manual Review,CLM-1402_v1.png,dataset\cards\train\manual_review\CLM-1402_v1.png
CLM-1402,train,Manual Review,CLM-1402_v2.png,dataset\cards\train\manual_review\CLM-1402_v2.png
CLM-0849,train,Manual Review,CLM-0849_v1.png,dataset\cards\train\manual_review\CLM-0849_v1.png
CLM-0849,train,Manual Review,CLM-0849_v2.png,dataset\cards\train\manual_review\CLM-0849_v2.png
CLM-0475,train,Manual Review,CLM-0475_v1.png,dataset\cards\train\manual_review\CLM-0475_v1.png
CLM-0475,train,Manual Review,CLM-0475_v2.png,dataset\cards\train\manual_review\CLM-0475_v2.png
CLM-0390,train,Manual Review,CLM-0390_v1.png,dataset\cards\train\manual_review\CLM-0390_v1.png
CLM-0390,train,Manual Review,CLM-0390_v2.png,dataset\cards\train\manual_review\CLM-0390_v2.png
CLM-0438,train,Manual Review,CLM-0438_v1.png,dataset\cards\train\manual_review\CLM-0438_v1.png
CLM-0438,train,Manual Review,CLM-0438_v2.png,dataset\cards\train\manual_review\CLM-0438_v2.png
CLM-1400,train,Manual Review,CLM-1400_v1.png,dataset\cards\train\manual_review\CLM-1400_v1.png
CLM-1400,train,Manual Review,CLM-1400_v2.png,dataset\cards\train\manual_review\CLM-1400_v2.png
CLM-0444,train,Manual Review,CLM-0444_v1.png,dataset\cards\train\manual_review\CLM-0444_v1.png
CLM-0444,train,Manual Review,CLM-0444_v2.png,dataset\cards\train\manual_review\CLM-0444_v2.png
CLM-0433,train,Manual Review,CLM-0433_v1.png,dataset\cards\train\manual_review\CLM-0433_v1.png
CLM-0433,train,Manual Review,CLM-0433_v2.png,dataset\cards\train\manual_review\CLM-0433_v2.png
CLM-0937,train,Manual Review,CLM-0937_v1.png,dataset\cards\train\manual_review\CLM-0937_v1.png
CLM-0937,train,Manual Review,CLM-0937_v2.png,dataset\cards\train\manual_review\CLM-0937_v2.png
CLM-0901,train,Manual Review,CLM-0901_v1.png,dataset\cards\train\manual_review\CLM-0901_v1.png
CLM-0901,train,Manual Review,CLM-0901_v2.png,dataset\cards\train\manual_review\CLM-0901_v2.png
CLM-0883,train,Manual Review,CLM-0883_v1.png,dataset\cards\train\manual_review\CLM-0883_v1.png
CLM-0883,train,Manual Review,CLM-0883_v2.png,dataset\cards\train\manual_review\CLM-0883_v2.png
CLM-0369,train,Manual Review,CLM-0369_v1.png,dataset\cards\train\manual_review\CLM-0369_v1.png
CLM-0369,train,Manual Review,CLM-0369_v2.png,dataset\cards\train\manual_review\CLM-0369_v2.png
CLM-0493,train,Manual Review,CLM-0493_v1.png,dataset\cards\train\manual_review\CLM-0493_v1.png
CLM-0493,train,Manual Review,CLM-0493_v2.png,dataset\cards\train\manual_review\CLM-0493_v2.png
CLM-0918,train,Manual Review,CLM-0918_v1.png,dataset\cards\train\manual_review\CLM-0918_v1.png
CLM-0918,train,Manual Review,CLM-0918_v2.png,dataset\cards\train\manual_review\CLM-0918_v2.png
CLM-0954,train,Manual Review,CLM-0954_v1.png,dataset\cards\train\manual_review\CLM-0954_v1.png
CLM-0954,train,Manual Review,CLM-0954_v2.png,dataset\cards\train\manual_review\CLM-0954_v2.png
CLM-0435,train,Manual Review,CLM-0435_v1.png,dataset\cards\train\manual_review\CLM-0435_v1.png
CLM-0435,train,Manual Review,CLM-0435_v2.png,dataset\cards\train\manual_review\CLM-0435_v2.png
CLM-0978,train,Manual Review,CLM-0978_v1.png,dataset\cards\train\manual_review\CLM-0978_v1.png
CLM-0978,train,Manual Review,CLM-0978_v2.png,dataset\cards\train\manual_review\CLM-0978_v2.png
CLM-0835,train,Manual Review,CLM-0835_v1.png,dataset\cards\train\manual_review\CLM-0835_v1.png
CLM-0835,train,Manual Review,CLM-0835_v2.png,dataset\cards\train\manual_review\CLM-0835_v2.png
CLM-0876,train,Manual Review,CLM-0876_v1.png,dataset\cards\train\manual_review\CLM-0876_v1.png
CLM-0876,train,Manual Review,CLM-0876_v2.png,dataset\cards\train\manual_review\CLM-0876_v2.png
CLM-1492,train,Manual Review,CLM-1492_v1.png,dataset\cards\train\manual_review\CLM-1492_v1.png
CLM-1492,train,Manual Review,CLM-1492_v2.png,dataset\cards\train\manual_review\CLM-1492_v2.png
CLM-0888,train,Manual Review,CLM-0888_v1.png,dataset\cards\train\manual_review\CLM-0888_v1.png
CLM-0888,train,Manual Review,CLM-0888_v2.png,dataset\cards\train\manual_review\CLM-0888_v2.png
CLM-0997,train,Manual Review,CLM-0997_v1.png,dataset\cards\train\manual_review\CLM-0997_v1.png
CLM-0997,train,Manual Review,CLM-0997_v2.png,dataset\cards\train\manual_review\CLM-0997_v2.png
CLM-0965,train,Manual Review,CLM-0965_v1.png,dataset\cards\train\manual_review\CLM-0965_v1.png
CLM-0965,train,Manual Review,CLM-0965_v2.png,dataset\cards\train\manual_review\CLM-0965_v2.png
CLM-0860,train,Manual Review,CLM-0860_v1.png,dataset\cards\train\manual_review\CLM-0860_v1.png
CLM-0860,train,Manual Review,CLM-0860_v2.png,dataset\cards\train\manual_review\CLM-0860_v2.png
CLM-1500,train,Manual Review,CLM-1500_v1.png,dataset\cards\train\manual_review\CLM-1500_v1.png
CLM-1500,train,Manual Review,CLM-1500_v2.png,dataset\cards\train\manual_review\CLM-1500_v2.png
CLM-0941,train,Manual Review,CLM-0941_v1.png,dataset\cards\train\manual_review\CLM-0941_v1.png
CLM-0941,train,Manual Review,CLM-0941_v2.png,dataset\cards\train\manual_review\CLM-0941_v2.png
CLM-0340,train,Manual Review,CLM-0340_v1.png,dataset\cards\train\manual_review\CLM-0340_v1.png
CLM-0340,train,Manual Review,CLM-0340_v2.png,dataset\cards\train\manual_review\CLM-0340_v2.png
CLM-1495,train,Manual Review,CLM-1495_v1.png,dataset\cards\train\manual_review\CLM-1495_v1.png
CLM-1495,train,Manual Review,CLM-1495_v2.png,dataset\cards\train\manual_review\CLM-1495_v2.png
CLM-1333,train,Manual Review,CLM-1333_v1.png,dataset\cards\train\manual_review\CLM-1333_v1.png
CLM-1333,train,Manual Review,CLM-1333_v2.png,dataset\cards\train\manual_review\CLM-1333_v2.png
CLM-0887,train,Manual Review,CLM-0887_v1.png,dataset\cards\train\manual_review\CLM-0887_v1.png
CLM-0887,train,Manual Review,CLM-0887_v2.png,dataset\cards\train\manual_review\CLM-0887_v2.png
CLM-0881,train,Manual Review,CLM-0881_v1.png,dataset\cards\train\manual_review\CLM-0881_v1.png
CLM-0881,train,Manual Review,CLM-0881_v2.png,dataset\cards\train\manual_review\CLM-0881_v2.png
CLM-1418,train,Manual Review,CLM-1418_v1.png,dataset\cards\train\manual_review\CLM-1418_v1.png
CLM-1418,train,Manual Review,CLM-1418_v2.png,dataset\cards\train\manual_review\CLM-1418_v2.png
CLM-1375,train,Manual Review,CLM-1375_v1.png,dataset\cards\train\manual_review\CLM-1375_v1.png
CLM-1375,train,Manual Review,CLM-1375_v2.png,dataset\cards\train\manual_review\CLM-1375_v2.png
CLM-1431,train,Manual Review,CLM-1431_v1.png,dataset\cards\train\manual_review\CLM-1431_v1.png
CLM-1431,train,Manual Review,CLM-1431_v2.png,dataset\cards\train\manual_review\CLM-1431_v2.png
CLM-0923,train,Manual Review,CLM-0923_v1.png,dataset\cards\train\manual_review\CLM-0923_v1.png
CLM-0923,train,Manual Review,CLM-0923_v2.png,dataset\cards\train\manual_review\CLM-0923_v2.png
CLM-0392,train,Manual Review,CLM-0392_v1.png,dataset\cards\train\manual_review\CLM-0392_v1.png
CLM-0392,train,Manual Review,CLM-0392_v2.png,dataset\cards\train\manual_review\CLM-0392_v2.png
CLM-0460,train,Manual Review,CLM-0460_v1.png,dataset\cards\train\manual_review\CLM-0460_v1.png
CLM-0460,train,Manual Review,CLM-0460_v2.png,dataset\cards\train\manual_review\CLM-0460_v2.png
CLM-1419,train,Manual Review,CLM-1419_v1.png,dataset\cards\train\manual_review\CLM-1419_v1.png
CLM-1419,train,Manual Review,CLM-1419_v2.png,dataset\cards\train\manual_review\CLM-1419_v2.png
CLM-0344,train,Manual Review,CLM-0344_v1.png,dataset\cards\train\manual_review\CLM-0344_v1.png
CLM-0344,train,Manual Review,CLM-0344_v2.png,dataset\cards\train\manual_review\CLM-0344_v2.png
CLM-0494,train,Manual Review,CLM-0494_v1.png,dataset\cards\train\manual_review\CLM-0494_v1.png
CLM-0494,train,Manual Review,CLM-0494_v2.png,dataset\cards\train\manual_review\CLM-0494_v2.png
CLM-1363,train,Manual Review,CLM-1363_v1.png,dataset\cards\train\manual_review\CLM-1363_v1.png
CLM-1363,train,Manual Review,CLM-1363_v2.png,dataset\cards\train\manual_review\CLM-1363_v2.png
CLM-0900,train,Manual Review,CLM-0900_v1.png,dataset\cards\train\manual_review\CLM-0900_v1.png
CLM-0900,train,Manual Review,CLM-0900_v2.png,dataset\cards\train\manual_review\CLM-0900_v2.png
CLM-0341,train,Manual Review,CLM-0341_v1.png,dataset\cards\train\manual_review\CLM-0341_v1.png
CLM-0341,train,Manual Review,CLM-0341_v2.png,dataset\cards\train\manual_review\CLM-0341_v2.png
CLM-0398,train,Manual Review,CLM-0398_v1.png,dataset\cards\train\manual_review\CLM-0398_v1.png
CLM-0398,train,Manual Review,CLM-0398_v2.png,dataset\cards\train\manual_review\CLM-0398_v2.png
CLM-0903,train,Manual Review,CLM-0903_v1.png,dataset\cards\train\manual_review\CLM-0903_v1.png
CLM-0903,train,Manual Review,CLM-0903_v2.png,dataset\cards\train\manual_review\CLM-0903_v2.png
CLM-1344,train,Manual Review,CLM-1344_v1.png,dataset\cards\train\manual_review\CLM-1344_v1.png
CLM-1344,train,Manual Review,CLM-1344_v2.png,dataset\cards\train\manual_review\CLM-1344_v2.png
CLM-1340,train,Manual Review,CLM-1340_v1.png,dataset\cards\train\manual_review\CLM-1340_v1.png
CLM-1340,train,Manual Review,CLM-1340_v2.png,dataset\cards\train\manual_review\CLM-1340_v2.png
CLM-1353,train,Manual Review,CLM-1353_v1.png,dataset\cards\train\manual_review\CLM-1353_v1.png
CLM-1353,train,Manual Review,CLM-1353_v2.png,dataset\cards\train\manual_review\CLM-1353_v2.png
CLM-1497,train,Manual Review,CLM-1497_v1.png,dataset\cards\train\manual_review\CLM-1497_v1.png
CLM-1497,train,Manual Review,CLM-1497_v2.png,dataset\cards\train\manual_review\CLM-1497_v2.png
CLM-0882,train,Manual Review,CLM-0882_v1.png,dataset\cards\train\manual_review\CLM-0882_v1.png
CLM-0882,train,Manual Review,CLM-0882_v2.png,dataset\cards\train\manual_review\CLM-0882_v2.png
CLM-1000,train,Manual Review,CLM-1000_v1.png,dataset\cards\train\manual_review\CLM-1000_v1.png
CLM-1000,train,Manual Review,CLM-1000_v2.png,dataset\cards\train\manual_review\CLM-1000_v2.png
CLM-0988,train,Manual Review,CLM-0988_v1.png,dataset\cards\train\manual_review\CLM-0988_v1.png
CLM-0988,train,Manual Review,CLM-0988_v2.png,dataset\cards\train\manual_review\CLM-0988_v2.png
CLM-1391,train,Manual Review,CLM-1391_v1.png,dataset\cards\train\manual_review\CLM-1391_v1.png
CLM-1391,train,Manual Review,CLM-1391_v2.png,dataset\cards\train\manual_review\CLM-1391_v2.png
CLM-1367,train,Manual Review,CLM-1367_v1.png,dataset\cards\train\manual_review\CLM-1367_v1.png
CLM-1367,train,Manual Review,CLM-1367_v2.png,dataset\cards\train\manual_review\CLM-1367_v2.png
CLM-1364,train,Manual Review,CLM-1364_v1.png,dataset\cards\train\manual_review\CLM-1364_v1.png
CLM-1364,train,Manual Review,CLM-1364_v2.png,dataset\cards\train\manual_review\CLM-1364_v2.png
CLM-0470,train,Manual Review,CLM-0470_v1.png,dataset\cards\train\manual_review\CLM-0470_v1.png
CLM-0470,train,Manual Review,CLM-0470_v2.png,dataset\cards\train\manual_review\CLM-0470_v2.png
CLM-0412,train,Manual Review,CLM-0412_v1.png,dataset\cards\train\manual_review\CLM-0412_v1.png
CLM-0412,train,Manual Review,CLM-0412_v2.png,dataset\cards\train\manual_review\CLM-0412_v2.png
CLM-1393,train,Manual Review,CLM-1393_v1.png,dataset\cards\train\manual_review\CLM-1393_v1.png
CLM-1393,train,Manual Review,CLM-1393_v2.png,dataset\cards\train\manual_review\CLM-1393_v2.png
CLM-0439,train,Manual Review,CLM-0439_v1.png,dataset\cards\train\manual_review\CLM-0439_v1.png
CLM-0439,train,Manual Review,CLM-0439_v2.png,dataset\cards\train\manual_review\CLM-0439_v2.png
CLM-0405,train,Manual Review,CLM-0405_v1.png,dataset\cards\train\manual_review\CLM-0405_v1.png
CLM-0405,train,Manual Review,CLM-0405_v2.png,dataset\cards\train\manual_review\CLM-0405_v2.png
CLM-0976,train,Manual Review,CLM-0976_v1.png,dataset\cards\train\manual_review\CLM-0976_v1.png
CLM-0976,train,Manual Review,CLM-0976_v2.png,dataset\cards\train\manual_review\CLM-0976_v2.png
CLM-0836,train,Manual Review,CLM-0836_v1.png,dataset\cards\train\manual_review\CLM-0836_v1.png
CLM-0836,train,Manual Review,CLM-0836_v2.png,dataset\cards\train\manual_review\CLM-0836_v2.png
CLM-1403,train,Manual Review,CLM-1403_v1.png,dataset\cards\train\manual_review\CLM-1403_v1.png
CLM-1403,train,Manual Review,CLM-1403_v2.png,dataset\cards\train\manual_review\CLM-1403_v2.png
CLM-0426,train,Manual Review,CLM-0426_v1.png,dataset\cards\train\manual_review\CLM-0426_v1.png
CLM-0426,train,Manual Review,CLM-0426_v2.png,dataset\cards\train\manual_review\CLM-0426_v2.png
CLM-0974,train,Manual Review,CLM-0974_v1.png,dataset\cards\train\manual_review\CLM-0974_v1.png
CLM-0974,train,Manual Review,CLM-0974_v2.png,dataset\cards\train\manual_review\CLM-0974_v2.png
CLM-0994,train,Manual Review,CLM-0994_v1.png,dataset\cards\train\manual_review\CLM-0994_v1.png
CLM-0994,train,Manual Review,CLM-0994_v2.png,dataset\cards\train\manual_review\CLM-0994_v2.png
CLM-1438,train,Manual Review,CLM-1438_v1.png,dataset\cards\train\manual_review\CLM-1438_v1.png
CLM-1438,train,Manual Review,CLM-1438_v2.png,dataset\cards\train\manual_review\CLM-1438_v2.png
CLM-0936,train,Manual Review,CLM-0936_v1.png,dataset\cards\train\manual_review\CLM-0936_v1.png
CLM-0936,train,Manual Review,CLM-0936_v2.png,dataset\cards\train\manual_review\CLM-0936_v2.png
CLM-0346,train,Manual Review,CLM-0346_v1.png,dataset\cards\train\manual_review\CLM-0346_v1.png
CLM-0346,train,Manual Review,CLM-0346_v2.png,dataset\cards\train\manual_review\CLM-0346_v2.png
CLM-0432,train,Manual Review,CLM-0432_v1.png,dataset\cards\train\manual_review\CLM-0432_v1.png
CLM-0432,train,Manual Review,CLM-0432_v2.png,dataset\cards\train\manual_review\CLM-0432_v2.png
CLM-1374,train,Manual Review,CLM-1374_v1.png,dataset\cards\train\manual_review\CLM-1374_v1.png
CLM-1374,train,Manual Review,CLM-1374_v2.png,dataset\cards\train\manual_review\CLM-1374_v2.png
CLM-0384,train,Manual Review,CLM-0384_v1.png,dataset\cards\train\manual_review\CLM-0384_v1.png
CLM-0384,train,Manual Review,CLM-0384_v2.png,dataset\cards\train\manual_review\CLM-0384_v2.png
CLM-1463,train,Manual Review,CLM-1463_v1.png,dataset\cards\train\manual_review\CLM-1463_v1.png
CLM-1463,train,Manual Review,CLM-1463_v2.png,dataset\cards\train\manual_review\CLM-1463_v2.png
CLM-0387,train,Manual Review,CLM-0387_v1.png,dataset\cards\train\manual_review\CLM-0387_v1.png
CLM-0387,train,Manual Review,CLM-0387_v2.png,dataset\cards\train\manual_review\CLM-0387_v2.png
CLM-1485,train,Manual Review,CLM-1485_v1.png,dataset\cards\train\manual_review\CLM-1485_v1.png
CLM-1485,train,Manual Review,CLM-1485_v2.png,dataset\cards\train\manual_review\CLM-1485_v2.png
CLM-1420,train,Manual Review,CLM-1420_v1.png,dataset\cards\train\manual_review\CLM-1420_v1.png
CLM-1420,train,Manual Review,CLM-1420_v2.png,dataset\cards\train\manual_review\CLM-1420_v2.png
CLM-0455,train,Manual Review,CLM-0455_v1.png,dataset\cards\train\manual_review\CLM-0455_v1.png
CLM-0455,train,Manual Review,CLM-0455_v2.png,dataset\cards\train\manual_review\CLM-0455_v2.png
CLM-0400,train,Manual Review,CLM-0400_v1.png,dataset\cards\train\manual_review\CLM-0400_v1.png
CLM-0400,train,Manual Review,CLM-0400_v2.png,dataset\cards\train\manual_review\CLM-0400_v2.png
CLM-0453,train,Manual Review,CLM-0453_v1.png,dataset\cards\train\manual_review\CLM-0453_v1.png
CLM-0453,train,Manual Review,CLM-0453_v2.png,dataset\cards\train\manual_review\CLM-0453_v2.png
CLM-0910,train,Manual Review,CLM-0910_v1.png,dataset\cards\train\manual_review\CLM-0910_v1.png
CLM-0910,train,Manual Review,CLM-0910_v2.png,dataset\cards\train\manual_review\CLM-0910_v2.png
CLM-0968,train,Manual Review,CLM-0968_v1.png,dataset\cards\train\manual_review\CLM-0968_v1.png
CLM-0968,train,Manual Review,CLM-0968_v2.png,dataset\cards\train\manual_review\CLM-0968_v2.png
CLM-1414,train,Manual Review,CLM-1414_v1.png,dataset\cards\train\manual_review\CLM-1414_v1.png
CLM-1414,train,Manual Review,CLM-1414_v2.png,dataset\cards\train\manual_review\CLM-1414_v2.png
CLM-1378,train,Manual Review,CLM-1378_v1.png,dataset\cards\train\manual_review\CLM-1378_v1.png
CLM-1378,train,Manual Review,CLM-1378_v2.png,dataset\cards\train\manual_review\CLM-1378_v2.png
CLM-0452,train,Manual Review,CLM-0452_v1.png,dataset\cards\train\manual_review\CLM-0452_v1.png
CLM-0452,train,Manual Review,CLM-0452_v2.png,dataset\cards\train\manual_review\CLM-0452_v2.png
CLM-1440,train,Manual Review,CLM-1440_v1.png,dataset\cards\train\manual_review\CLM-1440_v1.png
CLM-1440,train,Manual Review,CLM-1440_v2.png,dataset\cards\train\manual_review\CLM-1440_v2.png
CLM-1349,train,Manual Review,CLM-1349_v1.png,dataset\cards\train\manual_review\CLM-1349_v1.png
CLM-1349,train,Manual Review,CLM-1349_v2.png,dataset\cards\train\manual_review\CLM-1349_v2.png
CLM-1362,train,Manual Review,CLM-1362_v1.png,dataset\cards\train\manual_review\CLM-1362_v1.png
CLM-1362,train,Manual Review,CLM-1362_v2.png,dataset\cards\train\manual_review\CLM-1362_v2.png
CLM-1381,train,Manual Review,CLM-1381_v1.png,dataset\cards\train\manual_review\CLM-1381_v1.png
CLM-1381,train,Manual Review,CLM-1381_v2.png,dataset\cards\train\manual_review\CLM-1381_v2.png
CLM-0862,train,Manual Review,CLM-0862_v1.png,dataset\cards\train\manual_review\CLM-0862_v1.png
CLM-0862,train,Manual Review,CLM-0862_v2.png,dataset\cards\train\manual_review\CLM-0862_v2.png
CLM-0841,train,Manual Review,CLM-0841_v1.png,dataset\cards\train\manual_review\CLM-0841_v1.png
CLM-0841,train,Manual Review,CLM-0841_v2.png,dataset\cards\train\manual_review\CLM-0841_v2.png
CLM-0483,train,Manual Review,CLM-0483_v1.png,dataset\cards\train\manual_review\CLM-0483_v1.png
CLM-0483,train,Manual Review,CLM-0483_v2.png,dataset\cards\train\manual_review\CLM-0483_v2.png
CLM-1417,train,Manual Review,CLM-1417_v1.png,dataset\cards\train\manual_review\CLM-1417_v1.png
CLM-1417,train,Manual Review,CLM-1417_v2.png,dataset\cards\train\manual_review\CLM-1417_v2.png
CLM-0966,train,Manual Review,CLM-0966_v1.png,dataset\cards\train\manual_review\CLM-0966_v1.png
CLM-0966,train,Manual Review,CLM-0966_v2.png,dataset\cards\train\manual_review\CLM-0966_v2.png
CLM-0497,train,Manual Review,CLM-0497_v1.png,dataset\cards\train\manual_review\CLM-0497_v1.png
CLM-0497,train,Manual Review,CLM-0497_v2.png,dataset\cards\train\manual_review\CLM-0497_v2.png
CLM-0476,train,Manual Review,CLM-0476_v1.png,dataset\cards\train\manual_review\CLM-0476_v1.png
CLM-0476,train,Manual Review,CLM-0476_v2.png,dataset\cards\train\manual_review\CLM-0476_v2.png
CLM-0335,train,Manual Review,CLM-0335_v1.png,dataset\cards\train\manual_review\CLM-0335_v1.png
CLM-0335,train,Manual Review,CLM-0335_v2.png,dataset\cards\train\manual_review\CLM-0335_v2.png
CLM-0407,train,Manual Review,CLM-0407_v1.png,dataset\cards\train\manual_review\CLM-0407_v1.png
CLM-0407,train,Manual Review,CLM-0407_v2.png,dataset\cards\train\manual_review\CLM-0407_v2.png
CLM-1427,train,Manual Review,CLM-1427_v1.png,dataset\cards\train\manual_review\CLM-1427_v1.png
CLM-1427,train,Manual Review,CLM-1427_v2.png,dataset\cards\train\manual_review\CLM-1427_v2.png
CLM-0409,train,Manual Review,CLM-0409_v1.png,dataset\cards\train\manual_review\CLM-0409_v1.png
CLM-0409,train,Manual Review,CLM-0409_v2.png,dataset\cards\train\manual_review\CLM-0409_v2.png
CLM-0473,train,Manual Review,CLM-0473_v1.png,dataset\cards\train\manual_review\CLM-0473_v1.png
CLM-0473,train,Manual Review,CLM-0473_v2.png,dataset\cards\train\manual_review\CLM-0473_v2.png
CLM-0474,train,Manual Review,CLM-0474_v1.png,dataset\cards\train\manual_review\CLM-0474_v1.png
CLM-0474,train,Manual Review,CLM-0474_v2.png,dataset\cards\train\manual_review\CLM-0474_v2.png
CLM-0420,train,Manual Review,CLM-0420_v1.png,dataset\cards\train\manual_review\CLM-0420_v1.png
CLM-0420,train,Manual Review,CLM-0420_v2.png,dataset\cards\train\manual_review\CLM-0420_v2.png
CLM-1461,train,Manual Review,CLM-1461_v1.png,dataset\cards\train\manual_review\CLM-1461_v1.png
CLM-1461,train,Manual Review,CLM-1461_v2.png,dataset\cards\train\manual_review\CLM-1461_v2.png
CLM-1342,train,Manual Review,CLM-1342_v1.png,dataset\cards\train\manual_review\CLM-1342_v1.png
CLM-1342,train,Manual Review,CLM-1342_v2.png,dataset\cards\train\manual_review\CLM-1342_v2.png
CLM-1460,train,Manual Review,CLM-1460_v1.png,dataset\cards\train\manual_review\CLM-1460_v1.png
CLM-1460,train,Manual Review,CLM-1460_v2.png,dataset\cards\train\manual_review\CLM-1460_v2.png
CLM-0939,train,Manual Review,CLM-0939_v1.png,dataset\cards\train\manual_review\CLM-0939_v1.png
CLM-0939,train,Manual Review,CLM-0939_v2.png,dataset\cards\train\manual_review\CLM-0939_v2.png
CLM-1382,train,Manual Review,CLM-1382_v1.png,dataset\cards\train\manual_review\CLM-1382_v1.png
CLM-1382,train,Manual Review,CLM-1382_v2.png,dataset\cards\train\manual_review\CLM-1382_v2.png
CLM-0904,train,Manual Review,CLM-0904_v1.png,dataset\cards\train\manual_review\CLM-0904_v1.png
CLM-0904,train,Manual Review,CLM-0904_v2.png,dataset\cards\train\manual_review\CLM-0904_v2.png
CLM-0892,train,Manual Review,CLM-0892_v1.png,dataset\cards\train\manual_review\CLM-0892_v1.png
CLM-0892,train,Manual Review,CLM-0892_v2.png,dataset\cards\train\manual_review\CLM-0892_v2.png
CLM-0907,train,Manual Review,CLM-0907_v1.png,dataset\cards\train\manual_review\CLM-0907_v1.png
CLM-0907,train,Manual Review,CLM-0907_v2.png,dataset\cards\train\manual_review\CLM-0907_v2.png
CLM-0969,train,Manual Review,CLM-0969_v1.png,dataset\cards\train\manual_review\CLM-0969_v1.png
CLM-0969,train,Manual Review,CLM-0969_v2.png,dataset\cards\train\manual_review\CLM-0969_v2.png
CLM-0933,train,Manual Review,CLM-0933_v1.png,dataset\cards\train\manual_review\CLM-0933_v1.png
CLM-0933,train,Manual Review,CLM-0933_v2.png,dataset\cards\train\manual_review\CLM-0933_v2.png
CLM-0394,train,Manual Review,CLM-0394_v1.png,dataset\cards\train\manual_review\CLM-0394_v1.png
CLM-0394,train,Manual Review,CLM-0394_v2.png,dataset\cards\train\manual_review\CLM-0394_v2.png
CLM-0469,train,Manual Review,CLM-0469_v1.png,dataset\cards\train\manual_review\CLM-0469_v1.png
CLM-0469,train,Manual Review,CLM-0469_v2.png,dataset\cards\train\manual_review\CLM-0469_v2.png
CLM-1448,train,Manual Review,CLM-1448_v1.png,dataset\cards\train\manual_review\CLM-1448_v1.png
CLM-1448,train,Manual Review,CLM-1448_v2.png,dataset\cards\train\manual_review\CLM-1448_v2.png
CLM-1351,train,Manual Review,CLM-1351_v1.png,dataset\cards\train\manual_review\CLM-1351_v1.png
CLM-1351,train,Manual Review,CLM-1351_v2.png,dataset\cards\train\manual_review\CLM-1351_v2.png
CLM-0851,train,Manual Review,CLM-0851_v1.png,dataset\cards\train\manual_review\CLM-0851_v1.png
CLM-0851,train,Manual Review,CLM-0851_v2.png,dataset\cards\train\manual_review\CLM-0851_v2.png
CLM-0359,train,Manual Review,CLM-0359_v1.png,dataset\cards\train\manual_review\CLM-0359_v1.png
CLM-0359,train,Manual Review,CLM-0359_v2.png,dataset\cards\train\manual_review\CLM-0359_v2.png
CLM-0948,train,Manual Review,CLM-0948_v1.png,dataset\cards\train\manual_review\CLM-0948_v1.png
CLM-0948,train,Manual Review,CLM-0948_v2.png,dataset\cards\train\manual_review\CLM-0948_v2.png
CLM-0943,train,Manual Review,CLM-0943_v1.png,dataset\cards\train\manual_review\CLM-0943_v1.png
CLM-0943,train,Manual Review,CLM-0943_v2.png,dataset\cards\train\manual_review\CLM-0943_v2.png
CLM-0913,train,Manual Review,CLM-0913_v1.png,dataset\cards\train\manual_review\CLM-0913_v1.png
CLM-0913,train,Manual Review,CLM-0913_v2.png,dataset\cards\train\manual_review\CLM-0913_v2.png
CLM-0414,train,Manual Review,CLM-0414_v1.png,dataset\cards\train\manual_review\CLM-0414_v1.png
CLM-0414,train,Manual Review,CLM-0414_v2.png,dataset\cards\train\manual_review\CLM-0414_v2.png
CLM-0940,train,Manual Review,CLM-0940_v1.png,dataset\cards\train\manual_review\CLM-0940_v1.png
CLM-0940,train,Manual Review,CLM-0940_v2.png,dataset\cards\train\manual_review\CLM-0940_v2.png
CLM-0423,train,Manual Review,CLM-0423_v1.png,dataset\cards\train\manual_review\CLM-0423_v1.png
CLM-0423,train,Manual Review,CLM-0423_v2.png,dataset\cards\train\manual_review\CLM-0423_v2.png
CLM-1358,train,Manual Review,CLM-1358_v1.png,dataset\cards\train\manual_review\CLM-1358_v1.png
CLM-1358,train,Manual Review,CLM-1358_v2.png,dataset\cards\train\manual_review\CLM-1358_v2.png
CLM-0980,train,Manual Review,CLM-0980_v1.png,dataset\cards\train\manual_review\CLM-0980_v1.png
CLM-0980,train,Manual Review,CLM-0980_v2.png,dataset\cards\train\manual_review\CLM-0980_v2.png
CLM-0857,train,Manual Review,CLM-0857_v1.png,dataset\cards\train\manual_review\CLM-0857_v1.png
CLM-0857,train,Manual Review,CLM-0857_v2.png,dataset\cards\train\manual_review\CLM-0857_v2.png
CLM-1436,train,Manual Review,CLM-1436_v1.png,dataset\cards\train\manual_review\CLM-1436_v1.png
CLM-1436,train,Manual Review,CLM-1436_v2.png,dataset\cards\train\manual_review\CLM-1436_v2.png
CLM-1369,train,Manual Review,CLM-1369_v1.png,dataset\cards\train\manual_review\CLM-1369_v1.png
CLM-1369,train,Manual Review,CLM-1369_v2.png,dataset\cards\train\manual_review\CLM-1369_v2.png
CLM-0932,train,Manual Review,CLM-0932_v1.png,dataset\cards\train\manual_review\CLM-0932_v1.png
CLM-0932,train,Manual Review,CLM-0932_v2.png,dataset\cards\train\manual_review\CLM-0932_v2.png
CLM-1376,train,Manual Review,CLM-1376_v1.png,dataset\cards\train\manual_review\CLM-1376_v1.png
CLM-1376,train,Manual Review,CLM-1376_v2.png,dataset\cards\train\manual_review\CLM-1376_v2.png
CLM-1435,train,Manual Review,CLM-1435_v1.png,dataset\cards\train\manual_review\CLM-1435_v1.png
CLM-1435,train,Manual Review,CLM-1435_v2.png,dataset\cards\train\manual_review\CLM-1435_v2.png
CLM-0422,train,Manual Review,CLM-0422_v1.png,dataset\cards\train\manual_review\CLM-0422_v1.png
CLM-0422,train,Manual Review,CLM-0422_v2.png,dataset\cards\train\manual_review\CLM-0422_v2.png
CLM-0383,train,Manual Review,CLM-0383_v1.png,dataset\cards\train\manual_review\CLM-0383_v1.png
CLM-0383,train,Manual Review,CLM-0383_v2.png,dataset\cards\train\manual_review\CLM-0383_v2.png
CLM-0364,train,Manual Review,CLM-0364_v1.png,dataset\cards\train\manual_review\CLM-0364_v1.png
CLM-0364,train,Manual Review,CLM-0364_v2.png,dataset\cards\train\manual_review\CLM-0364_v2.png
CLM-0352,train,Manual Review,CLM-0352_v1.png,dataset\cards\train\manual_review\CLM-0352_v1.png
CLM-0352,train,Manual Review,CLM-0352_v2.png,dataset\cards\train\manual_review\CLM-0352_v2.png
CLM-0925,train,Manual Review,CLM-0925_v1.png,dataset\cards\train\manual_review\CLM-0925_v1.png
CLM-0925,train,Manual Review,CLM-0925_v2.png,dataset\cards\train\manual_review\CLM-0925_v2.png
CLM-1345,train,Manual Review,CLM-1345_v1.png,dataset\cards\train\manual_review\CLM-1345_v1.png
CLM-1345,train,Manual Review,CLM-1345_v2.png,dataset\cards\train\manual_review\CLM-1345_v2.png
CLM-1066,validation,Valid Claim,CLM-1066.png,dataset\cards\validation\valid\CLM-1066.png
CLM-0610,validation,Valid Claim,CLM-0610.png,dataset\cards\validation\valid\CLM-0610.png
CLM-0590,validation,Valid Claim,CLM-0590.png,dataset\cards\validation\valid\CLM-0590.png
CLM-0081,validation,Valid Claim,CLM-0081.png,dataset\cards\validation\valid\CLM-0081.png
CLM-1006,validation,Valid Claim,CLM-1006.png,dataset\cards\validation\valid\CLM-1006.png
CLM-1094,validation,Valid Claim,CLM-1094.png,dataset\cards\validation\valid\CLM-1094.png
CLM-0506,validation,Valid Claim,CLM-0506.png,dataset\cards\validation\valid\CLM-0506.png
CLM-0132,validation,Valid Claim,CLM-0132.png,dataset\cards\validation\valid\CLM-0132.png
CLM-0016,validation,Valid Claim,CLM-0016.png,dataset\cards\validation\valid\CLM-0016.png
CLM-0565,validation,Valid Claim,CLM-0565.png,dataset\cards\validation\valid\CLM-0565.png
CLM-1030,validation,Valid Claim,CLM-1030.png,dataset\cards\validation\valid\CLM-1030.png
CLM-0636,validation,Valid Claim,CLM-0636.png,dataset\cards\validation\valid\CLM-0636.png
CLM-1096,validation,Valid Claim,CLM-1096.png,dataset\cards\validation\valid\CLM-1096.png
CLM-0635,validation,Valid Claim,CLM-0635.png,dataset\cards\validation\valid\CLM-0635.png
CLM-1079,validation,Valid Claim,CLM-1079.png,dataset\cards\validation\valid\CLM-1079.png
CLM-1101,validation,Valid Claim,CLM-1101.png,dataset\cards\validation\valid\CLM-1101.png
CLM-1090,validation,Valid Claim,CLM-1090.png,dataset\cards\validation\valid\CLM-1090.png
CLM-0023,validation,Valid Claim,CLM-0023.png,dataset\cards\validation\valid\CLM-0023.png
CLM-1062,validation,Valid Claim,CLM-1062.png,dataset\cards\validation\valid\CLM-1062.png
CLM-0144,validation,Valid Claim,CLM-0144.png,dataset\cards\validation\valid\CLM-0144.png
CLM-1074,validation,Valid Claim,CLM-1074.png,dataset\cards\validation\valid\CLM-1074.png
CLM-0143,validation,Valid Claim,CLM-0143.png,dataset\cards\validation\valid\CLM-0143.png
CLM-0055,validation,Valid Claim,CLM-0055.png,dataset\cards\validation\valid\CLM-0055.png
CLM-1001,validation,Valid Claim,CLM-1001.png,dataset\cards\validation\valid\CLM-1001.png
CLM-1108,validation,Valid Claim,CLM-1108.png,dataset\cards\validation\valid\CLM-1108.png
CLM-0624,validation,Valid Claim,CLM-0624.png,dataset\cards\validation\valid\CLM-0624.png
CLM-1095,validation,Valid Claim,CLM-1095.png,dataset\cards\validation\valid\CLM-1095.png
CLM-0131,validation,Valid Claim,CLM-0131.png,dataset\cards\validation\valid\CLM-0131.png
CLM-1104,validation,Valid Claim,CLM-1104.png,dataset\cards\validation\valid\CLM-1104.png
CLM-1123,validation,Valid Claim,CLM-1123.png,dataset\cards\validation\valid\CLM-1123.png
CLM-0066,validation,Valid Claim,CLM-0066.png,dataset\cards\validation\valid\CLM-0066.png
CLM-0048,validation,Valid Claim,CLM-0048.png,dataset\cards\validation\valid\CLM-0048.png
CLM-1153,validation,Valid Claim,CLM-1153.png,dataset\cards\validation\valid\CLM-1153.png
CLM-1102,validation,Valid Claim,CLM-1102.png,dataset\cards\validation\valid\CLM-1102.png
CLM-1024,validation,Valid Claim,CLM-1024.png,dataset\cards\validation\valid\CLM-1024.png
CLM-0020,validation,Valid Claim,CLM-0020.png,dataset\cards\validation\valid\CLM-0020.png
CLM-0626,validation,Valid Claim,CLM-0626.png,dataset\cards\validation\valid\CLM-0626.png
CLM-1141,validation,Valid Claim,CLM-1141.png,dataset\cards\validation\valid\CLM-1141.png
CLM-1132,validation,Valid Claim,CLM-1132.png,dataset\cards\validation\valid\CLM-1132.png
CLM-1057,validation,Valid Claim,CLM-1057.png,dataset\cards\validation\valid\CLM-1057.png
CLM-0025,validation,Valid Claim,CLM-0025.png,dataset\cards\validation\valid\CLM-0025.png
CLM-0578,validation,Valid Claim,CLM-0578.png,dataset\cards\validation\valid\CLM-0578.png
CLM-0018,validation,Valid Claim,CLM-0018.png,dataset\cards\validation\valid\CLM-0018.png
CLM-0535,validation,Valid Claim,CLM-0535.png,dataset\cards\validation\valid\CLM-0535.png
CLM-1113,validation,Valid Claim,CLM-1113.png,dataset\cards\validation\valid\CLM-1113.png
CLM-0563,validation,Valid Claim,CLM-0563.png,dataset\cards\validation\valid\CLM-0563.png
CLM-0620,validation,Valid Claim,CLM-0620.png,dataset\cards\validation\valid\CLM-0620.png
CLM-1119,validation,Valid Claim,CLM-1119.png,dataset\cards\validation\valid\CLM-1119.png
CLM-0079,validation,Valid Claim,CLM-0079.png,dataset\cards\validation\valid\CLM-0079.png
CLM-0147,validation,Valid Claim,CLM-0147.png,dataset\cards\validation\valid\CLM-0147.png
CLM-0567,validation,Valid Claim,CLM-0567.png,dataset\cards\validation\valid\CLM-0567.png
CLM-0161,validation,Valid Claim,CLM-0161.png,dataset\cards\validation\valid\CLM-0161.png
CLM-1120,validation,Valid Claim,CLM-1120.png,dataset\cards\validation\valid\CLM-1120.png
CLM-1028,validation,Valid Claim,CLM-1028.png,dataset\cards\validation\valid\CLM-1028.png
CLM-0156,validation,Valid Claim,CLM-0156.png,dataset\cards\validation\valid\CLM-0156.png
CLM-0544,validation,Valid Claim,CLM-0544.png,dataset\cards\validation\valid\CLM-0544.png
CLM-0051,validation,Valid Claim,CLM-0051.png,dataset\cards\validation\valid\CLM-0051.png
CLM-0560,validation,Valid Claim,CLM-0560.png,dataset\cards\validation\valid\CLM-0560.png
CLM-0650,validation,Valid Claim,CLM-0650.png,dataset\cards\validation\valid\CLM-0650.png
CLM-1019,validation,Valid Claim,CLM-1019.png,dataset\cards\validation\valid\CLM-1019.png
CLM-1050,validation,Valid Claim,CLM-1050.png,dataset\cards\validation\valid\CLM-1050.png
CLM-0085,validation,Valid Claim,CLM-0085.png,dataset\cards\validation\valid\CLM-0085.png
CLM-0605,validation,Valid Claim,CLM-0605.png,dataset\cards\validation\valid\CLM-0605.png
CLM-1128,validation,Valid Claim,CLM-1128.png,dataset\cards\validation\valid\CLM-1128.png
CLM-0522,validation,Valid Claim,CLM-0522.png,dataset\cards\validation\valid\CLM-0522.png
CLM-0627,validation,Valid Claim,CLM-0627.png,dataset\cards\validation\valid\CLM-0627.png
CLM-0075,validation,Valid Claim,CLM-0075.png,dataset\cards\validation\valid\CLM-0075.png
CLM-0550,validation,Valid Claim,CLM-0550.png,dataset\cards\validation\valid\CLM-0550.png
CLM-1014,validation,Valid Claim,CLM-1014.png,dataset\cards\validation\valid\CLM-1014.png
CLM-1077,validation,Valid Claim,CLM-1077.png,dataset\cards\validation\valid\CLM-1077.png
CLM-0660,validation,Valid Claim,CLM-0660.png,dataset\cards\validation\valid\CLM-0660.png
CLM-1063,validation,Valid Claim,CLM-1063.png,dataset\cards\validation\valid\CLM-1063.png
CLM-1022,validation,Valid Claim,CLM-1022.png,dataset\cards\validation\valid\CLM-1022.png
CLM-1042,validation,Valid Claim,CLM-1042.png,dataset\cards\validation\valid\CLM-1042.png
CLM-0133,validation,Valid Claim,CLM-0133.png,dataset\cards\validation\valid\CLM-0133.png
CLM-0187,validation,Invalid Claim,CLM-0187.png,dataset\cards\validation\invalid\CLM-0187.png
CLM-0818,validation,Invalid Claim,CLM-0818.png,dataset\cards\validation\invalid\CLM-0818.png
CLM-0293,validation,Invalid Claim,CLM-0293.png,dataset\cards\validation\invalid\CLM-0293.png
CLM-1222,validation,Invalid Claim,CLM-1222.png,dataset\cards\validation\invalid\CLM-1222.png
CLM-0326,validation,Invalid Claim,CLM-0326.png,dataset\cards\validation\invalid\CLM-0326.png
CLM-1193,validation,Invalid Claim,CLM-1193.png,dataset\cards\validation\invalid\CLM-1193.png
CLM-0267,validation,Invalid Claim,CLM-0267.png,dataset\cards\validation\invalid\CLM-0267.png
CLM-0797,validation,Invalid Claim,CLM-0797.png,dataset\cards\validation\invalid\CLM-0797.png
CLM-0265,validation,Invalid Claim,CLM-0265.png,dataset\cards\validation\invalid\CLM-0265.png
CLM-0227,validation,Invalid Claim,CLM-0227.png,dataset\cards\validation\invalid\CLM-0227.png
CLM-1213,validation,Invalid Claim,CLM-1213.png,dataset\cards\validation\invalid\CLM-1213.png
CLM-0670,validation,Invalid Claim,CLM-0670.png,dataset\cards\validation\invalid\CLM-0670.png
CLM-0755,validation,Invalid Claim,CLM-0755.png,dataset\cards\validation\invalid\CLM-0755.png
CLM-1305,validation,Invalid Claim,CLM-1305.png,dataset\cards\validation\invalid\CLM-1305.png
CLM-0791,validation,Invalid Claim,CLM-0791.png,dataset\cards\validation\invalid\CLM-0791.png
CLM-1307,validation,Invalid Claim,CLM-1307.png,dataset\cards\validation\invalid\CLM-1307.png
CLM-0214,validation,Invalid Claim,CLM-0214.png,dataset\cards\validation\invalid\CLM-0214.png
CLM-0191,validation,Invalid Claim,CLM-0191.png,dataset\cards\validation\invalid\CLM-0191.png
CLM-0223,validation,Invalid Claim,CLM-0223.png,dataset\cards\validation\invalid\CLM-0223.png
CLM-0792,validation,Invalid Claim,CLM-0792.png,dataset\cards\validation\invalid\CLM-0792.png
CLM-0781,validation,Invalid Claim,CLM-0781.png,dataset\cards\validation\invalid\CLM-0781.png
CLM-0801,validation,Invalid Claim,CLM-0801.png,dataset\cards\validation\invalid\CLM-0801.png
CLM-0677,validation,Invalid Claim,CLM-0677.png,dataset\cards\validation\invalid\CLM-0677.png
CLM-0315,validation,Invalid Claim,CLM-0315.png,dataset\cards\validation\invalid\CLM-0315.png
CLM-0668,validation,Invalid Claim,CLM-0668.png,dataset\cards\validation\invalid\CLM-0668.png
CLM-0827,validation,Invalid Claim,CLM-0827.png,dataset\cards\validation\invalid\CLM-0827.png
CLM-1300,validation,Invalid Claim,CLM-1300.png,dataset\cards\validation\invalid\CLM-1300.png
CLM-0727,validation,Invalid Claim,CLM-0727.png,dataset\cards\validation\invalid\CLM-0727.png
CLM-0263,validation,Invalid Claim,CLM-0263.png,dataset\cards\validation\invalid\CLM-0263.png
CLM-0285,validation,Invalid Claim,CLM-0285.png,dataset\cards\validation\invalid\CLM-0285.png
CLM-0768,validation,Invalid Claim,CLM-0768.png,dataset\cards\validation\invalid\CLM-0768.png
CLM-1319,validation,Invalid Claim,CLM-1319.png,dataset\cards\validation\invalid\CLM-1319.png
CLM-1183,validation,Invalid Claim,CLM-1183.png,dataset\cards\validation\invalid\CLM-1183.png
CLM-1172,validation,Invalid Claim,CLM-1172.png,dataset\cards\validation\invalid\CLM-1172.png
CLM-0815,validation,Invalid Claim,CLM-0815.png,dataset\cards\validation\invalid\CLM-0815.png
CLM-0306,validation,Invalid Claim,CLM-0306.png,dataset\cards\validation\invalid\CLM-0306.png
CLM-0831,validation,Invalid Claim,CLM-0831.png,dataset\cards\validation\invalid\CLM-0831.png
CLM-0828,validation,Invalid Claim,CLM-0828.png,dataset\cards\validation\invalid\CLM-0828.png
CLM-0710,validation,Invalid Claim,CLM-0710.png,dataset\cards\validation\invalid\CLM-0710.png
CLM-0283,validation,Invalid Claim,CLM-0283.png,dataset\cards\validation\invalid\CLM-0283.png
CLM-1310,validation,Invalid Claim,CLM-1310.png,dataset\cards\validation\invalid\CLM-1310.png
CLM-1275,validation,Invalid Claim,CLM-1275.png,dataset\cards\validation\invalid\CLM-1275.png
CLM-0202,validation,Invalid Claim,CLM-0202.png,dataset\cards\validation\invalid\CLM-0202.png
CLM-0169,validation,Invalid Claim,CLM-0169.png,dataset\cards\validation\invalid\CLM-0169.png
CLM-0736,validation,Invalid Claim,CLM-0736.png,dataset\cards\validation\invalid\CLM-0736.png
CLM-0784,validation,Invalid Claim,CLM-0784.png,dataset\cards\validation\invalid\CLM-0784.png
CLM-0753,validation,Invalid Claim,CLM-0753.png,dataset\cards\validation\invalid\CLM-0753.png
CLM-0689,validation,Invalid Claim,CLM-0689.png,dataset\cards\validation\invalid\CLM-0689.png
CLM-1226,validation,Invalid Claim,CLM-1226.png,dataset\cards\validation\invalid\CLM-1226.png
CLM-0721,validation,Invalid Claim,CLM-0721.png,dataset\cards\validation\invalid\CLM-0721.png
CLM-1238,validation,Invalid Claim,CLM-1238.png,dataset\cards\validation\invalid\CLM-1238.png
CLM-0173,validation,Invalid Claim,CLM-0173.png,dataset\cards\validation\invalid\CLM-0173.png
CLM-0276,validation,Invalid Claim,CLM-0276.png,dataset\cards\validation\invalid\CLM-0276.png
CLM-0174,validation,Invalid Claim,CLM-0174.png,dataset\cards\validation\invalid\CLM-0174.png
CLM-1240,validation,Invalid Claim,CLM-1240.png,dataset\cards\validation\invalid\CLM-1240.png
CLM-0322,validation,Invalid Claim,CLM-0322.png,dataset\cards\validation\invalid\CLM-0322.png
CLM-1171,validation,Invalid Claim,CLM-1171.png,dataset\cards\validation\invalid\CLM-1171.png
CLM-0811,validation,Invalid Claim,CLM-0811.png,dataset\cards\validation\invalid\CLM-0811.png
CLM-0822,validation,Invalid Claim,CLM-0822.png,dataset\cards\validation\invalid\CLM-0822.png
CLM-1191,validation,Invalid Claim,CLM-1191.png,dataset\cards\validation\invalid\CLM-1191.png
CLM-0766,validation,Invalid Claim,CLM-0766.png,dataset\cards\validation\invalid\CLM-0766.png
CLM-1268,validation,Invalid Claim,CLM-1268.png,dataset\cards\validation\invalid\CLM-1268.png
CLM-0795,validation,Invalid Claim,CLM-0795.png,dataset\cards\validation\invalid\CLM-0795.png
CLM-1197,validation,Invalid Claim,CLM-1197.png,dataset\cards\validation\invalid\CLM-1197.png
CLM-0672,validation,Invalid Claim,CLM-0672.png,dataset\cards\validation\invalid\CLM-0672.png
CLM-0305,validation,Invalid Claim,CLM-0305.png,dataset\cards\validation\invalid\CLM-0305.png
CLM-1203,validation,Invalid Claim,CLM-1203.png,dataset\cards\validation\invalid\CLM-1203.png
CLM-0767,validation,Invalid Claim,CLM-0767.png,dataset\cards\validation\invalid\CLM-0767.png
CLM-0775,validation,Invalid Claim,CLM-0775.png,dataset\cards\validation\invalid\CLM-0775.png
CLM-0268,validation,Invalid Claim,CLM-0268.png,dataset\cards\validation\invalid\CLM-0268.png
CLM-0296,validation,Invalid Claim,CLM-0296.png,dataset\cards\validation\invalid\CLM-0296.png
CLM-0243,validation,Invalid Claim,CLM-0243.png,dataset\cards\validation\invalid\CLM-0243.png
CLM-1277,validation,Invalid Claim,CLM-1277.png,dataset\cards\validation\invalid\CLM-1277.png
CLM-0763,validation,Invalid Claim,CLM-0763.png,dataset\cards\validation\invalid\CLM-0763.png
CLM-0758,validation,Invalid Claim,CLM-0758.png,dataset\cards\validation\invalid\CLM-0758.png
CLM-0973,validation,Manual Review,CLM-0973.png,dataset\cards\validation\manual_review\CLM-0973.png
CLM-0386,validation,Manual Review,CLM-0386.png,dataset\cards\validation\manual_review\CLM-0386.png
CLM-0419,validation,Manual Review,CLM-0419.png,dataset\cards\validation\manual_review\CLM-0419.png
CLM-0872,validation,Manual Review,CLM-0872.png,dataset\cards\validation\manual_review\CLM-0872.png
CLM-0859,validation,Manual Review,CLM-0859.png,dataset\cards\validation\manual_review\CLM-0859.png
CLM-0462,validation,Manual Review,CLM-0462.png,dataset\cards\validation\manual_review\CLM-0462.png
CLM-0922,validation,Manual Review,CLM-0922.png,dataset\cards\validation\manual_review\CLM-0922.png
CLM-1468,validation,Manual Review,CLM-1468.png,dataset\cards\validation\manual_review\CLM-1468.png
CLM-0856,validation,Manual Review,CLM-0856.png,dataset\cards\validation\manual_review\CLM-0856.png
CLM-0879,validation,Manual Review,CLM-0879.png,dataset\cards\validation\manual_review\CLM-0879.png
CLM-0385,validation,Manual Review,CLM-0385.png,dataset\cards\validation\manual_review\CLM-0385.png
CLM-1458,validation,Manual Review,CLM-1458.png,dataset\cards\validation\manual_review\CLM-1458.png
CLM-1462,validation,Manual Review,CLM-1462.png,dataset\cards\validation\manual_review\CLM-1462.png
CLM-1476,validation,Manual Review,CLM-1476.png,dataset\cards\validation\manual_review\CLM-1476.png
CLM-0945,validation,Manual Review,CLM-0945.png,dataset\cards\validation\manual_review\CLM-0945.png
CLM-0960,validation,Manual Review,CLM-0960.png,dataset\cards\validation\manual_review\CLM-0960.png
CLM-0972,validation,Manual Review,CLM-0972.png,dataset\cards\validation\manual_review\CLM-0972.png
CLM-0430,validation,Manual Review,CLM-0430.png,dataset\cards\validation\manual_review\CLM-0430.png
CLM-0465,validation,Manual Review,CLM-0465.png,dataset\cards\validation\manual_review\CLM-0465.png
CLM-1390,validation,Manual Review,CLM-1390.png,dataset\cards\validation\manual_review\CLM-1390.png
CLM-0967,validation,Manual Review,CLM-0967.png,dataset\cards\validation\manual_review\CLM-0967.png
CLM-1371,validation,Manual Review,CLM-1371.png,dataset\cards\validation\manual_review\CLM-1371.png
CLM-0391,validation,Manual Review,CLM-0391.png,dataset\cards\validation\manual_review\CLM-0391.png
CLM-1481,validation,Manual Review,CLM-1481.png,dataset\cards\validation\manual_review\CLM-1481.png
CLM-1494,validation,Manual Review,CLM-1494.png,dataset\cards\validation\manual_review\CLM-1494.png
CLM-0403,validation,Manual Review,CLM-0403.png,dataset\cards\validation\manual_review\CLM-0403.png
CLM-1474,validation,Manual Review,CLM-1474.png,dataset\cards\validation\manual_review\CLM-1474.png
CLM-1361,validation,Manual Review,CLM-1361.png,dataset\cards\validation\manual_review\CLM-1361.png
CLM-0467,validation,Manual Review,CLM-0467.png,dataset\cards\validation\manual_review\CLM-0467.png
CLM-1445,validation,Manual Review,CLM-1445.png,dataset\cards\validation\manual_review\CLM-1445.png
CLM-1441,validation,Manual Review,CLM-1441.png,dataset\cards\validation\manual_review\CLM-1441.png
CLM-0479,validation,Manual Review,CLM-0479.png,dataset\cards\validation\manual_review\CLM-0479.png
CLM-0905,validation,Manual Review,CLM-0905.png,dataset\cards\validation\manual_review\CLM-0905.png
CLM-0368,validation,Manual Review,CLM-0368.png,dataset\cards\validation\manual_review\CLM-0368.png
CLM-0838,validation,Manual Review,CLM-0838.png,dataset\cards\validation\manual_review\CLM-0838.png
CLM-0886,validation,Manual Review,CLM-0886.png,dataset\cards\validation\manual_review\CLM-0886.png
CLM-1354,validation,Manual Review,CLM-1354.png,dataset\cards\validation\manual_review\CLM-1354.png
CLM-0924,validation,Manual Review,CLM-0924.png,dataset\cards\validation\manual_review\CLM-0924.png
CLM-0873,validation,Manual Review,CLM-0873.png,dataset\cards\validation\manual_review\CLM-0873.png
CLM-0953,validation,Manual Review,CLM-0953.png,dataset\cards\validation\manual_review\CLM-0953.png
CLM-1387,validation,Manual Review,CLM-1387.png,dataset\cards\validation\manual_review\CLM-1387.png
CLM-1398,validation,Manual Review,CLM-1398.png,dataset\cards\validation\manual_review\CLM-1398.png
CLM-1459,validation,Manual Review,CLM-1459.png,dataset\cards\validation\manual_review\CLM-1459.png
CLM-0871,validation,Manual Review,CLM-0871.png,dataset\cards\validation\manual_review\CLM-0871.png
CLM-0448,validation,Manual Review,CLM-0448.png,dataset\cards\validation\manual_review\CLM-0448.png
CLM-0481,validation,Manual Review,CLM-0481.png,dataset\cards\validation\manual_review\CLM-0481.png
CLM-0926,validation,Manual Review,CLM-0926.png,dataset\cards\validation\manual_review\CLM-0926.png
CLM-0416,validation,Manual Review,CLM-0416.png,dataset\cards\validation\manual_review\CLM-0416.png
CLM-1339,validation,Manual Review,CLM-1339.png,dataset\cards\validation\manual_review\CLM-1339.png
CLM-0425,validation,Manual Review,CLM-0425.png,dataset\cards\validation\manual_review\CLM-0425.png
CLM-1457,validation,Manual Review,CLM-1457.png,dataset\cards\validation\manual_review\CLM-1457.png
CLM-0971,validation,Manual Review,CLM-0971.png,dataset\cards\validation\manual_review\CLM-0971.png
CLM-0990,validation,Manual Review,CLM-0990.png,dataset\cards\validation\manual_review\CLM-0990.png
CLM-0367,validation,Manual Review,CLM-0367.png,dataset\cards\validation\manual_review\CLM-0367.png
CLM-1428,validation,Manual Review,CLM-1428.png,dataset\cards\validation\manual_review\CLM-1428.png
CLM-1404,validation,Manual Review,CLM-1404.png,dataset\cards\validation\manual_review\CLM-1404.png
CLM-0343,validation,Manual Review,CLM-0343.png,dataset\cards\validation\manual_review\CLM-0343.png
CLM-0964,validation,Manual Review,CLM-0964.png,dataset\cards\validation\manual_review\CLM-0964.png
CLM-0429,validation,Manual Review,CLM-0429.png,dataset\cards\validation\manual_review\CLM-0429.png
CLM-1406,validation,Manual Review,CLM-1406.png,dataset\cards\validation\manual_review\CLM-1406.png
CLM-1480,validation,Manual Review,CLM-1480.png,dataset\cards\validation\manual_review\CLM-1480.png
CLM-1356,validation,Manual Review,CLM-1356.png,dataset\cards\validation\manual_review\CLM-1356.png
CLM-1348,validation,Manual Review,CLM-1348.png,dataset\cards\validation\manual_review\CLM-1348.png
CLM-0880,validation,Manual Review,CLM-0880.png,dataset\cards\validation\manual_review\CLM-0880.png
CLM-1434,validation,Manual Review,CLM-1434.png,dataset\cards\validation\manual_review\CLM-1434.png
CLM-0393,validation,Manual Review,CLM-0393.png,dataset\cards\validation\manual_review\CLM-0393.png
CLM-0389,validation,Manual Review,CLM-0389.png,dataset\cards\validation\manual_review\CLM-0389.png
CLM-1456,validation,Manual Review,CLM-1456.png,dataset\cards\validation\manual_review\CLM-1456.png
CLM-0889,validation,Manual Review,CLM-0889.png,dataset\cards\validation\manual_review\CLM-0889.png
CLM-0351,validation,Manual Review,CLM-0351.png,dataset\cards\validation\manual_review\CLM-0351.png
CLM-0492,validation,Manual Review,CLM-0492.png,dataset\cards\validation\manual_review\CLM-0492.png
CLM-0935,validation,Manual Review,CLM-0935.png,dataset\cards\validation\manual_review\CLM-0935.png
CLM-0431,validation,Manual Review,CLM-0431.png,dataset\cards\validation\manual_review\CLM-0431.png
CLM-1395,validation,Manual Review,CLM-1395.png,dataset\cards\validation\manual_review\CLM-1395.png
CLM-1424,validation,Manual Review,CLM-1424.png,dataset\cards\validation\manual_review\CLM-1424.png
CLM-0167,test,Valid Claim,CLM-0167.png,dataset\cards\test\valid\CLM-0167.png
CLM-1002,test,Valid Claim,CLM-1002.png,dataset\cards\test\valid\CLM-1002.png
CLM-1041,test,Valid Claim,CLM-1041.png,dataset\cards\test\valid\CLM-1041.png
CLM-0574,test,Valid Claim,CLM-0574.png,dataset\cards\test\valid\CLM-0574.png
CLM-0110,test,Valid Claim,CLM-0110.png,dataset\cards\test\valid\CLM-0110.png
CLM-0603,test,Valid Claim,CLM-0603.png,dataset\cards\test\valid\CLM-0603.png
CLM-1097,test,Valid Claim,CLM-1097.png,dataset\cards\test\valid\CLM-1097.png
CLM-0095,test,Valid Claim,CLM-0095.png,dataset\cards\test\valid\CLM-0095.png
CLM-0501,test,Valid Claim,CLM-0501.png,dataset\cards\test\valid\CLM-0501.png
CLM-0652,test,Valid Claim,CLM-0652.png,dataset\cards\test\valid\CLM-0652.png
CLM-1091,test,Valid Claim,CLM-1091.png,dataset\cards\test\valid\CLM-1091.png
CLM-1080,test,Valid Claim,CLM-1080.png,dataset\cards\test\valid\CLM-1080.png
CLM-0625,test,Valid Claim,CLM-0625.png,dataset\cards\test\valid\CLM-0625.png
CLM-0043,test,Valid Claim,CLM-0043.png,dataset\cards\test\valid\CLM-0043.png
CLM-0045,test,Valid Claim,CLM-0045.png,dataset\cards\test\valid\CLM-0045.png
CLM-0504,test,Valid Claim,CLM-0504.png,dataset\cards\test\valid\CLM-0504.png
CLM-1136,test,Valid Claim,CLM-1136.png,dataset\cards\test\valid\CLM-1136.png
CLM-0537,test,Valid Claim,CLM-0537.png,dataset\cards\test\valid\CLM-0537.png
CLM-0582,test,Valid Claim,CLM-0582.png,dataset\cards\test\valid\CLM-0582.png
CLM-0061,test,Valid Claim,CLM-0061.png,dataset\cards\test\valid\CLM-0061.png
CLM-0090,test,Valid Claim,CLM-0090.png,dataset\cards\test\valid\CLM-0090.png
CLM-0596,test,Valid Claim,CLM-0596.png,dataset\cards\test\valid\CLM-0596.png
CLM-1137,test,Valid Claim,CLM-1137.png,dataset\cards\test\valid\CLM-1137.png
CLM-0062,test,Valid Claim,CLM-0062.png,dataset\cards\test\valid\CLM-0062.png
CLM-0152,test,Valid Claim,CLM-0152.png,dataset\cards\test\valid\CLM-0152.png
CLM-0021,test,Valid Claim,CLM-0021.png,dataset\cards\test\valid\CLM-0021.png
CLM-0014,test,Valid Claim,CLM-0014.png,dataset\cards\test\valid\CLM-0014.png
CLM-0008,test,Valid Claim,CLM-0008.png,dataset\cards\test\valid\CLM-0008.png
CLM-1016,test,Valid Claim,CLM-1016.png,dataset\cards\test\valid\CLM-1016.png
CLM-0087,test,Valid Claim,CLM-0087.png,dataset\cards\test\valid\CLM-0087.png
CLM-0614,test,Valid Claim,CLM-0614.png,dataset\cards\test\valid\CLM-0614.png
CLM-1160,test,Valid Claim,CLM-1160.png,dataset\cards\test\valid\CLM-1160.png
CLM-0141,test,Valid Claim,CLM-0141.png,dataset\cards\test\valid\CLM-0141.png
CLM-1039,test,Valid Claim,CLM-1039.png,dataset\cards\test\valid\CLM-1039.png
CLM-0118,test,Valid Claim,CLM-0118.png,dataset\cards\test\valid\CLM-0118.png
CLM-1061,test,Valid Claim,CLM-1061.png,dataset\cards\test\valid\CLM-1061.png
CLM-0017,test,Valid Claim,CLM-0017.png,dataset\cards\test\valid\CLM-0017.png
CLM-0597,test,Valid Claim,CLM-0597.png,dataset\cards\test\valid\CLM-0597.png
CLM-0633,test,Valid Claim,CLM-0633.png,dataset\cards\test\valid\CLM-0633.png
CLM-1109,test,Valid Claim,CLM-1109.png,dataset\cards\test\valid\CLM-1109.png
CLM-0638,test,Valid Claim,CLM-0638.png,dataset\cards\test\valid\CLM-0638.png
CLM-1051,test,Valid Claim,CLM-1051.png,dataset\cards\test\valid\CLM-1051.png
CLM-0639,test,Valid Claim,CLM-0639.png,dataset\cards\test\valid\CLM-0639.png
CLM-0124,test,Valid Claim,CLM-0124.png,dataset\cards\test\valid\CLM-0124.png
CLM-0091,test,Valid Claim,CLM-0091.png,dataset\cards\test\valid\CLM-0091.png
CLM-0525,test,Valid Claim,CLM-0525.png,dataset\cards\test\valid\CLM-0525.png
CLM-1043,test,Valid Claim,CLM-1043.png,dataset\cards\test\valid\CLM-1043.png
CLM-0139,test,Valid Claim,CLM-0139.png,dataset\cards\test\valid\CLM-0139.png
CLM-0026,test,Valid Claim,CLM-0026.png,dataset\cards\test\valid\CLM-0026.png
CLM-1060,test,Valid Claim,CLM-1060.png,dataset\cards\test\valid\CLM-1060.png
CLM-0054,test,Valid Claim,CLM-0054.png,dataset\cards\test\valid\CLM-0054.png
CLM-0022,test,Valid Claim,CLM-0022.png,dataset\cards\test\valid\CLM-0022.png
CLM-0604,test,Valid Claim,CLM-0604.png,dataset\cards\test\valid\CLM-0604.png
CLM-0107,test,Valid Claim,CLM-0107.png,dataset\cards\test\valid\CLM-0107.png
CLM-1146,test,Valid Claim,CLM-1146.png,dataset\cards\test\valid\CLM-1146.png
CLM-0115,test,Valid Claim,CLM-0115.png,dataset\cards\test\valid\CLM-0115.png
CLM-0135,test,Valid Claim,CLM-0135.png,dataset\cards\test\valid\CLM-0135.png
CLM-0618,test,Valid Claim,CLM-0618.png,dataset\cards\test\valid\CLM-0618.png
CLM-0113,test,Valid Claim,CLM-0113.png,dataset\cards\test\valid\CLM-0113.png
CLM-0127,test,Valid Claim,CLM-0127.png,dataset\cards\test\valid\CLM-0127.png
CLM-0134,test,Valid Claim,CLM-0134.png,dataset\cards\test\valid\CLM-0134.png
CLM-0642,test,Valid Claim,CLM-0642.png,dataset\cards\test\valid\CLM-0642.png
CLM-0069,test,Valid Claim,CLM-0069.png,dataset\cards\test\valid\CLM-0069.png
CLM-0125,test,Valid Claim,CLM-0125.png,dataset\cards\test\valid\CLM-0125.png
CLM-0150,test,Valid Claim,CLM-0150.png,dataset\cards\test\valid\CLM-0150.png
CLM-1065,test,Valid Claim,CLM-1065.png,dataset\cards\test\valid\CLM-1065.png
CLM-0112,test,Valid Claim,CLM-0112.png,dataset\cards\test\valid\CLM-0112.png
CLM-0507,test,Valid Claim,CLM-0507.png,dataset\cards\test\valid\CLM-0507.png
CLM-0513,test,Valid Claim,CLM-0513.png,dataset\cards\test\valid\CLM-0513.png
CLM-0050,test,Valid Claim,CLM-0050.png,dataset\cards\test\valid\CLM-0050.png
CLM-0058,test,Valid Claim,CLM-0058.png,dataset\cards\test\valid\CLM-0058.png
CLM-0129,test,Valid Claim,CLM-0129.png,dataset\cards\test\valid\CLM-0129.png
CLM-0637,test,Valid Claim,CLM-0637.png,dataset\cards\test\valid\CLM-0637.png
CLM-0512,test,Valid Claim,CLM-0512.png,dataset\cards\test\valid\CLM-0512.png
CLM-0153,test,Valid Claim,CLM-0153.png,dataset\cards\test\valid\CLM-0153.png
CLM-0694,test,Invalid Claim,CLM-0694.png,dataset\cards\test\invalid\CLM-0694.png
CLM-0228,test,Invalid Claim,CLM-0228.png,dataset\cards\test\invalid\CLM-0228.png
CLM-0777,test,Invalid Claim,CLM-0777.png,dataset\cards\test\invalid\CLM-0777.png
CLM-1302,test,Invalid Claim,CLM-1302.png,dataset\cards\test\invalid\CLM-1302.png
CLM-1304,test,Invalid Claim,CLM-1304.png,dataset\cards\test\invalid\CLM-1304.png
CLM-0738,test,Invalid Claim,CLM-0738.png,dataset\cards\test\invalid\CLM-0738.png
CLM-1200,test,Invalid Claim,CLM-1200.png,dataset\cards\test\invalid\CLM-1200.png
CLM-1293,test,Invalid Claim,CLM-1293.png,dataset\cards\test\invalid\CLM-1293.png
CLM-0292,test,Invalid Claim,CLM-0292.png,dataset\cards\test\invalid\CLM-0292.png
CLM-0236,test,Invalid Claim,CLM-0236.png,dataset\cards\test\invalid\CLM-0236.png
CLM-0744,test,Invalid Claim,CLM-0744.png,dataset\cards\test\invalid\CLM-0744.png
CLM-0820,test,Invalid Claim,CLM-0820.png,dataset\cards\test\invalid\CLM-0820.png
CLM-0770,test,Invalid Claim,CLM-0770.png,dataset\cards\test\invalid\CLM-0770.png
CLM-1309,test,Invalid Claim,CLM-1309.png,dataset\cards\test\invalid\CLM-1309.png
CLM-0215,test,Invalid Claim,CLM-0215.png,dataset\cards\test\invalid\CLM-0215.png
CLM-0333,test,Invalid Claim,CLM-0333.png,dataset\cards\test\invalid\CLM-0333.png
CLM-0674,test,Invalid Claim,CLM-0674.png,dataset\cards\test\invalid\CLM-0674.png
CLM-1262,test,Invalid Claim,CLM-1262.png,dataset\cards\test\invalid\CLM-1262.png
CLM-0688,test,Invalid Claim,CLM-0688.png,dataset\cards\test\invalid\CLM-0688.png
CLM-1185,test,Invalid Claim,CLM-1185.png,dataset\cards\test\invalid\CLM-1185.png
CLM-0679,test,Invalid Claim,CLM-0679.png,dataset\cards\test\invalid\CLM-0679.png
CLM-0700,test,Invalid Claim,CLM-0700.png,dataset\cards\test\invalid\CLM-0700.png
CLM-1312,test,Invalid Claim,CLM-1312.png,dataset\cards\test\invalid\CLM-1312.png
CLM-0705,test,Invalid Claim,CLM-0705.png,dataset\cards\test\invalid\CLM-0705.png
CLM-0297,test,Invalid Claim,CLM-0297.png,dataset\cards\test\invalid\CLM-0297.png
CLM-1202,test,Invalid Claim,CLM-1202.png,dataset\cards\test\invalid\CLM-1202.png
CLM-0756,test,Invalid Claim,CLM-0756.png,dataset\cards\test\invalid\CLM-0756.png
CLM-0703,test,Invalid Claim,CLM-0703.png,dataset\cards\test\invalid\CLM-0703.png
CLM-1236,test,Invalid Claim,CLM-1236.png,dataset\cards\test\invalid\CLM-1236.png
CLM-0302,test,Invalid Claim,CLM-0302.png,dataset\cards\test\invalid\CLM-0302.png
CLM-0299,test,Invalid Claim,CLM-0299.png,dataset\cards\test\invalid\CLM-0299.png
CLM-1196,test,Invalid Claim,CLM-1196.png,dataset\cards\test\invalid\CLM-1196.png
CLM-0733,test,Invalid Claim,CLM-0733.png,dataset\cards\test\invalid\CLM-0733.png
CLM-1198,test,Invalid Claim,CLM-1198.png,dataset\cards\test\invalid\CLM-1198.png
CLM-0282,test,Invalid Claim,CLM-0282.png,dataset\cards\test\invalid\CLM-0282.png
CLM-1272,test,Invalid Claim,CLM-1272.png,dataset\cards\test\invalid\CLM-1272.png
CLM-0728,test,Invalid Claim,CLM-0728.png,dataset\cards\test\invalid\CLM-0728.png
CLM-1306,test,Invalid Claim,CLM-1306.png,dataset\cards\test\invalid\CLM-1306.png
CLM-0259,test,Invalid Claim,CLM-0259.png,dataset\cards\test\invalid\CLM-0259.png
CLM-1174,test,Invalid Claim,CLM-1174.png,dataset\cards\test\invalid\CLM-1174.png
CLM-1215,test,Invalid Claim,CLM-1215.png,dataset\cards\test\invalid\CLM-1215.png
CLM-1219,test,Invalid Claim,CLM-1219.png,dataset\cards\test\invalid\CLM-1219.png
CLM-0211,test,Invalid Claim,CLM-0211.png,dataset\cards\test\invalid\CLM-0211.png
CLM-0222,test,Invalid Claim,CLM-0222.png,dataset\cards\test\invalid\CLM-0222.png
CLM-1204,test,Invalid Claim,CLM-1204.png,dataset\cards\test\invalid\CLM-1204.png
CLM-0673,test,Invalid Claim,CLM-0673.png,dataset\cards\test\invalid\CLM-0673.png
CLM-0696,test,Invalid Claim,CLM-0696.png,dataset\cards\test\invalid\CLM-0696.png
CLM-0208,test,Invalid Claim,CLM-0208.png,dataset\cards\test\invalid\CLM-0208.png
CLM-1271,test,Invalid Claim,CLM-1271.png,dataset\cards\test\invalid\CLM-1271.png
CLM-0787,test,Invalid Claim,CLM-0787.png,dataset\cards\test\invalid\CLM-0787.png
CLM-1278,test,Invalid Claim,CLM-1278.png,dataset\cards\test\invalid\CLM-1278.png
CLM-1228,test,Invalid Claim,CLM-1228.png,dataset\cards\test\invalid\CLM-1228.png
CLM-1265,test,Invalid Claim,CLM-1265.png,dataset\cards\test\invalid\CLM-1265.png
CLM-0197,test,Invalid Claim,CLM-0197.png,dataset\cards\test\invalid\CLM-0197.png
CLM-0823,test,Invalid Claim,CLM-0823.png,dataset\cards\test\invalid\CLM-0823.png
CLM-0782,test,Invalid Claim,CLM-0782.png,dataset\cards\test\invalid\CLM-0782.png
CLM-0209,test,Invalid Claim,CLM-0209.png,dataset\cards\test\invalid\CLM-0209.png
CLM-1251,test,Invalid Claim,CLM-1251.png,dataset\cards\test\invalid\CLM-1251.png
CLM-0262,test,Invalid Claim,CLM-0262.png,dataset\cards\test\invalid\CLM-0262.png
CLM-0773,test,Invalid Claim,CLM-0773.png,dataset\cards\test\invalid\CLM-0773.png
CLM-0176,test,Invalid Claim,CLM-0176.png,dataset\cards\test\invalid\CLM-0176.png
CLM-0256,test,Invalid Claim,CLM-0256.png,dataset\cards\test\invalid\CLM-0256.png
CLM-1186,test,Invalid Claim,CLM-1186.png,dataset\cards\test\invalid\CLM-1186.png
CLM-0196,test,Invalid Claim,CLM-0196.png,dataset\cards\test\invalid\CLM-0196.png
CLM-1269,test,Invalid Claim,CLM-1269.png,dataset\cards\test\invalid\CLM-1269.png
CLM-1229,test,Invalid Claim,CLM-1229.png,dataset\cards\test\invalid\CLM-1229.png
CLM-0684,test,Invalid Claim,CLM-0684.png,dataset\cards\test\invalid\CLM-0684.png
CLM-0698,test,Invalid Claim,CLM-0698.png,dataset\cards\test\invalid\CLM-0698.png
CLM-0221,test,Invalid Claim,CLM-0221.png,dataset\cards\test\invalid\CLM-0221.png
CLM-0685,test,Invalid Claim,CLM-0685.png,dataset\cards\test\invalid\CLM-0685.png
CLM-1214,test,Invalid Claim,CLM-1214.png,dataset\cards\test\invalid\CLM-1214.png
CLM-0199,test,Invalid Claim,CLM-0199.png,dataset\cards\test\invalid\CLM-0199.png
CLM-1281,test,Invalid Claim,CLM-1281.png,dataset\cards\test\invalid\CLM-1281.png
CLM-1283,test,Invalid Claim,CLM-1283.png,dataset\cards\test\invalid\CLM-1283.png
CLM-0675,test,Invalid Claim,CLM-0675.png,dataset\cards\test\invalid\CLM-0675.png
CLM-0361,test,Manual Review,CLM-0361.png,dataset\cards\test\manual_review\CLM-0361.png
CLM-0402,test,Manual Review,CLM-0402.png,dataset\cards\test\manual_review\CLM-0402.png
CLM-0366,test,Manual Review,CLM-0366.png,dataset\cards\test\manual_review\CLM-0366.png
CLM-1423,test,Manual Review,CLM-1423.png,dataset\cards\test\manual_review\CLM-1423.png
CLM-0449,test,Manual Review,CLM-0449.png,dataset\cards\test\manual_review\CLM-0449.png
CLM-0357,test,Manual Review,CLM-0357.png,dataset\cards\test\manual_review\CLM-0357.png
CLM-0406,test,Manual Review,CLM-0406.png,dataset\cards\test\manual_review\CLM-0406.png
CLM-0408,test,Manual Review,CLM-0408.png,dataset\cards\test\manual_review\CLM-0408.png
CLM-0399,test,Manual Review,CLM-0399.png,dataset\cards\test\manual_review\CLM-0399.png
CLM-0902,test,Manual Review,CLM-0902.png,dataset\cards\test\manual_review\CLM-0902.png
CLM-1386,test,Manual Review,CLM-1386.png,dataset\cards\test\manual_review\CLM-1386.png
CLM-0378,test,Manual Review,CLM-0378.png,dataset\cards\test\manual_review\CLM-0378.png
CLM-0421,test,Manual Review,CLM-0421.png,dataset\cards\test\manual_review\CLM-0421.png
CLM-1433,test,Manual Review,CLM-1433.png,dataset\cards\test\manual_review\CLM-1433.png
CLM-0985,test,Manual Review,CLM-0985.png,dataset\cards\test\manual_review\CLM-0985.png
CLM-0490,test,Manual Review,CLM-0490.png,dataset\cards\test\manual_review\CLM-0490.png
CLM-0437,test,Manual Review,CLM-0437.png,dataset\cards\test\manual_review\CLM-0437.png
CLM-1432,test,Manual Review,CLM-1432.png,dataset\cards\test\manual_review\CLM-1432.png
CLM-0956,test,Manual Review,CLM-0956.png,dataset\cards\test\manual_review\CLM-0956.png
CLM-0472,test,Manual Review,CLM-0472.png,dataset\cards\test\manual_review\CLM-0472.png
CLM-0457,test,Manual Review,CLM-0457.png,dataset\cards\test\manual_review\CLM-0457.png
CLM-0450,test,Manual Review,CLM-0450.png,dataset\cards\test\manual_review\CLM-0450.png
CLM-0931,test,Manual Review,CLM-0931.png,dataset\cards\test\manual_review\CLM-0931.png
CLM-0858,test,Manual Review,CLM-0858.png,dataset\cards\test\manual_review\CLM-0858.png
CLM-1470,test,Manual Review,CLM-1470.png,dataset\cards\test\manual_review\CLM-1470.png
CLM-0958,test,Manual Review,CLM-0958.png,dataset\cards\test\manual_review\CLM-0958.png
CLM-0975,test,Manual Review,CLM-0975.png,dataset\cards\test\manual_review\CLM-0975.png
CLM-0388,test,Manual Review,CLM-0388.png,dataset\cards\test\manual_review\CLM-0388.png
CLM-0413,test,Manual Review,CLM-0413.png,dataset\cards\test\manual_review\CLM-0413.png
CLM-0411,test,Manual Review,CLM-0411.png,dataset\cards\test\manual_review\CLM-0411.png
CLM-0401,test,Manual Review,CLM-0401.png,dataset\cards\test\manual_review\CLM-0401.png
CLM-0865,test,Manual Review,CLM-0865.png,dataset\cards\test\manual_review\CLM-0865.png
CLM-1475,test,Manual Review,CLM-1475.png,dataset\cards\test\manual_review\CLM-1475.png
CLM-1443,test,Manual Review,CLM-1443.png,dataset\cards\test\manual_review\CLM-1443.png
CLM-0487,test,Manual Review,CLM-0487.png,dataset\cards\test\manual_review\CLM-0487.png
CLM-1347,test,Manual Review,CLM-1347.png,dataset\cards\test\manual_review\CLM-1347.png
CLM-0962,test,Manual Review,CLM-0962.png,dataset\cards\test\manual_review\CLM-0962.png
CLM-1335,test,Manual Review,CLM-1335.png,dataset\cards\test\manual_review\CLM-1335.png
CLM-0893,test,Manual Review,CLM-0893.png,dataset\cards\test\manual_review\CLM-0893.png
CLM-1455,test,Manual Review,CLM-1455.png,dataset\cards\test\manual_review\CLM-1455.png
CLM-0498,test,Manual Review,CLM-0498.png,dataset\cards\test\manual_review\CLM-0498.png
CLM-0381,test,Manual Review,CLM-0381.png,dataset\cards\test\manual_review\CLM-0381.png
CLM-0911,test,Manual Review,CLM-0911.png,dataset\cards\test\manual_review\CLM-0911.png
CLM-0986,test,Manual Review,CLM-0986.png,dataset\cards\test\manual_review\CLM-0986.png
CLM-0863,test,Manual Review,CLM-0863.png,dataset\cards\test\manual_review\CLM-0863.png
CLM-0397,test,Manual Review,CLM-0397.png,dataset\cards\test\manual_review\CLM-0397.png
CLM-0395,test,Manual Review,CLM-0395.png,dataset\cards\test\manual_review\CLM-0395.png
CLM-0930,test,Manual Review,CLM-0930.png,dataset\cards\test\manual_review\CLM-0930.png
CLM-1384,test,Manual Review,CLM-1384.png,dataset\cards\test\manual_review\CLM-1384.png
CLM-1334,test,Manual Review,CLM-1334.png,dataset\cards\test\manual_review\CLM-1334.png
CLM-1469,test,Manual Review,CLM-1469.png,dataset\cards\test\manual_review\CLM-1469.png
CLM-0877,test,Manual Review,CLM-0877.png,dataset\cards\test\manual_review\CLM-0877.png
CLM-0951,test,Manual Review,CLM-0951.png,dataset\cards\test\manual_review\CLM-0951.png
CLM-0929,test,Manual Review,CLM-0929.png,dataset\cards\test\manual_review\CLM-0929.png
CLM-1352,test,Manual Review,CLM-1352.png,dataset\cards\test\manual_review\CLM-1352.png
CLM-0478,test,Manual Review,CLM-0478.png,dataset\cards\test\manual_review\CLM-0478.png
CLM-0842,test,Manual Review,CLM-0842.png,dataset\cards\test\manual_review\CLM-0842.png
CLM-1388,test,Manual Review,CLM-1388.png,dataset\cards\test\manual_review\CLM-1388.png
CLM-1486,test,Manual Review,CLM-1486.png,dataset\cards\test\manual_review\CLM-1486.png
CLM-1483,test,Manual Review,CLM-1483.png,dataset\cards\test\manual_review\CLM-1483.png
CLM-0906,test,Manual Review,CLM-0906.png,dataset\cards\test\manual_review\CLM-0906.png
CLM-1421,test,Manual Review,CLM-1421.png,dataset\cards\test\manual_review\CLM-1421.png
CLM-0915,test,Manual Review,CLM-0915.png,dataset\cards\test\manual_review\CLM-0915.png
CLM-1490,test,Manual Review,CLM-1490.png,dataset\cards\test\manual_review\CLM-1490.png
CLM-0899,test,Manual Review,CLM-0899.png,dataset\cards\test\manual_review\CLM-0899.png
CLM-0485,test,Manual Review,CLM-0485.png,dataset\cards\test\manual_review\CLM-0485.png
CLM-0489,test,Manual Review,CLM-0489.png,dataset\cards\test\manual_review\CLM-0489.png
CLM-0970,test,Manual Review,CLM-0970.png,dataset\cards\test\manual_review\CLM-0970.png
CLM-1491,test,Manual Review,CLM-1491.png,dataset\cards\test\manual_review\CLM-1491.png
CLM-0885,test,Manual Review,CLM-0885.png,dataset\cards\test\manual_review\CLM-0885.png
CLM-0983,test,Manual Review,CLM-0983.png,dataset\cards\test\manual_review\CLM-0983.png
CLM-0337,test,Manual Review,CLM-0337.png,dataset\cards\test\manual_review\CLM-0337.png
CLM-0404,test,Manual Review,CLM-0404.png,dataset\cards\test\manual_review\CLM-0404.png
CLM-0868,test,Manual Review,CLM-0868.png,dataset\cards\test\manual_review\CLM-0868.png
CLM-1413,test,Manual Review,CLM-1413.png,dataset\cards\test\manual_review\CLM-1413.png
