claim_id,claimant_id,product_id,invoice_number,duplicate_group_id,scenario,split,claim_class,product_category,brand,model,retailer,purchase_date,purchase_price,purchase_information_consistent,serial_number,receipt_serial_number,warranty_card_serial_number,product_image_serial_number,repair_record_serial_number,serial_number_status,receipt_model,warranty_card_model,product_image_model,repair_record_model,warranty_provider,warranty_start_date,warranty_expiry_date,warranty_duration_months,warranty_remaining_days,warranty_status,warranty_status_at_fault,extended_warranty,fault_date,claim_date,last_repair_date,previous_replacement_date,product_age_days,reporting_days,fault_category,fault_description,damage_type,physical_damage,liquid_damage,unauthorized_repair,authorized_service_center,repair_history,previous_repair_count,previous_replacement,previous_replacement_count,replacement_requested,receipt_available,receipt_valid,warranty_card_available,product_image_available,serial_evidence_available,fault_evidence_available,repair_report_available,missing_documents,missing_documents_count,supporting_evidence_available,evidence_consistency,claim_reporting_within_period,duplicate_claim,contradiction_detected,contradiction_details,replacement_eligible,hard_fail_detected,warning_detected,manual_review_trigger
CLM-100694,CUST-9081,PRD-140307,INV-45306850,,missing_mandatory_document,train,Manual Review,Smartphone,MobileX,SP-100,Mobile Hub,2023-05-03,440.99,True,SN-S-840632,SN-S-840632,SN-S-840632,SN-S-840632,SN-S-840632,Matched,SP-100,SP-100,SP-100,SP-100,MobileX Warranty Services,2023-05-03,2024-05-03,12,120,Active,Active,False,2023-12-30,2024-01-04,,,246,5,Charging Port Failure,Charging connector failure under normal usage.,None,False,False,False,True,No previous repairs,0,False,0,False,True,True,False,True,True,True,True,Warranty Card,1,False,False,True,False,False,,False,False,False,True
CLM-101351,CUST-6929,PRD-184046,INV-20695820,,missing_mandatory_document,train,Manual Review,Television,CineDisplay,TV-43U,Electro Store,2024-03-31,1329.15,True,SN-T-352755,SN-T-352755,SN-T-352755,SN-T-352755,SN-T-352755,Matched,TV-43U,TV-43U,TV-43U,TV-43U,CineDisplay Warranty Services,2024-03-31,2025-09-30,18,302,Active,Active,False,2024-11-15,2024-12-02,,,246,17,Main Board Defect,Smart hub system failure.,None,False,False,False,True,No previous repairs,0,False,0,False,False,True,True,True,True,True,True,Purchase Receipt,1,False,False,True,False,False,,False,False,False,True
CLM-102114,CUST-3113,PRD-773138,INV-69166889,,late_reporting,train,Invalid Claim,Smartphone,ApexPhone,SP-200,TechMart,2023-10-21,1378.55,True,SN-S-481128,SN-S-481128,SN-S-481128,SN-S-481128,SN-S-481128,Matched,SP-200,SP-200,SP-200,SP-200,ApexPhone Warranty Services,2023-10-21,2024-10-21,12,303,Active,Active,False,2023-11-10,2023-12-23,,,63,43,Charging Port Failure,Charging connector failure under normal usage.,None,False,False,False,True,No previous repairs,0,False,0,False,True,True,True,True,True,True,True,,0,True,True,False,False,False,,False,True,False,False
CLM-102411,CUST-8759,PRD-517495,INV-61506760,,borderline_reporting,train,Manual Review,Laptop,UltraTech,LP-500,PC World,2023-12-26,2672.28,True,SN-L-435158,SN-L-435158,SN-L-435158,SN-L-435158,SN-L-435158,Matched,LP-500,LP-500,LP-500,LP-500,UltraTech Warranty Services,2023-12-26,2025-12-26,24,0,Active,Active,False,2025-12-18,2025-12-26,,,731,8,Motherboard Defect,Component failure on main board.,None,False,False,False,True,Claim submitted on warranty expiry boundary,0,False,0,False,True,True,True,True,True,True,True,,0,True,True,True,False,False,,False,False,True,True
CLM-102600,CUST-7113,PRD-622623,INV-22816494,,contradictory_information,train,Manual Review,Laptop,ProBook,LP-Pro,PC World,2024-09-12,714.52,True,SN-L-121391,SN-L-121391,SN-L-121391,SN-L-121391,SN-L-121391,Matched,LP-Pro,LP-Pro,LP-Pro,LP-Pro,ProBook Warranty Services,2024-09-12,2026-09-12,24,717,Active,Active,False,2024-08-18,2024-09-25,,,13,38,Motherboard Defect,Reported fault date predates the purchase date.,None,False,False,False,True,No previous repairs,0,False,0,False,True,True,True,True,True,True,True,,0,False,False,True,False,True,Fault date before purchase date,False,False,False,True
CLM-103597,CUST-2814,PRD-669273,INV-27332564,,unauthorized_repair,train,Invalid Claim,Television,CineDisplay,TV-43U,Home Screen,2024-02-25,1947.12,True,SN-T-442645,SN-T-442645,SN-T-442645,SN-T-442645,SN-T-442645,Matched,TV-43U,TV-43U,TV-43U,TV-43U,CineDisplay Warranty Services,2024-02-25,2025-08-25,18,497,Active,Active,False,2024-04-02,2024-04-15,,,50,13,Power Supply Failure,Internal power board failure.,Unauthorized Modification,False,False,True,False,Unauthorized repair reported,0,False,0,False,True,True,True,True,True,True,True,,0,True,True,True,False,False,,False,True,False,True
CLM-104264,CUST-9266,PRD-404145,INV-93169072,,excluded_damage,train,Invalid Claim,Television,CineDisplay,TV-65Q,Electro Store,2023-02-16,1426.14,True,SN-T-844033,SN-T-844033,SN-T-844033,SN-T-844033,SN-T-844033,Matched,TV-65Q,TV-65Q,TV-65Q,TV-65Q,CineDisplay Warranty Services,2023-02-16,2024-08-16,18,428,Active,Active,False,2023-06-10,2023-06-15,,,119,5,Liquid Damage,Liquid intrusion.,Liquid Contact,False,True,False,True,No previous repairs,0,False,0,False,True,True,True,True,True,True,True,,0,True,True,True,False,False,,False,True,False,False
CLM-104517,CUST-5999,PRD-401437,INV-48048350,,unauthorized_repair,train,Invalid Claim,Smartphone,MobileX,SP-100,TechMart,2024-08-26,872.2,True,SN-S-249044,SN-S-249044,SN-S-249044,SN-S-249044,SN-S-249044,Matched,SP-100,SP-100,SP-100,SP-100,MobileX Warranty Services,2024-08-26,2025-08-26,12,219,Active,Active,False,2025-01-18,2025-01-19,,,146,1,Charging Port Failure,Charging connector failure under normal usage.,Unauthorized Modification,False,False,True,False,Unauthorized repair reported,0,False,0,False,True,True,True,True,True,True,True,,0,True,True,True,False,False,,False,True,False,True
CLM-104999,CUST-3416,PRD-576496,INV-36898109,,serial_mismatch,train,Manual Review,Laptop,ProBook,LP-900,PC World,2023-06-19,3107.9,True,SN-L-515229,SN-L-422465,SN-L-515229,SN-L-515229,SN-L-515229,Mismatch,LP-900,LP-900,LP-900,LP-900,ProBook Warranty Services,2023-06-19,2025-06-19,24,691,Active,Active,False,2023-07-09,2023-07-29,,,40,20,Factory SSD Failure,Primary storage failure.,None,False,False,False,True,No previous repairs,0,False,0,False,True,True,True,True,True,True,True,,0,False,False,True,False,True,Conflicting serial numbers,False,False,False,True
CLM-105194,CUST-9853,PRD-616568,INV-57925684,,contradictory_information,train,Manual Review,Laptop,UltraTech,LP-900,PC World,2024-01-09,408.09,True,SN-L-488212,SN-L-488212,SN-L-488212,SN-L-488212,SN-L-488212,Matched,LP-900,LP-900,LP-900,LP-900,UltraTech Warranty Services,2024-01-09,2026-01-09,24,713,Active,Active,False,2023-12-20,2024-01-27,,,18,38,Keyboard Failure,Reported fault date predates the purchase date.,None,False,False,False,True,No previous repairs,0,False,0,False,True,True,True,True,True,True,True,,0,False,False,True,False,True,Fault date before purchase date,False,False,False,True
CLM-105341,CUST-9821,PRD-664771,INV-36445607,,standard_covered,train,Valid Claim,Television,VisionMax,TV-55OLED,Home Screen,2024-03-22,1370.14,True,SN-T-843215,SN-T-843215,SN-T-843215,SN-T-843215,SN-T-843215,Matched,TV-55OLED,TV-55OLED,TV-55OLED,TV-55OLED,VisionMax Warranty Services,2024-03-22,2025-09-22,18,260,Active,Active,False,2025-01-02,2025-01-05,,,289,3,Display Panel Defect,Internal panel line defect.,None,False,False,False,True,No previous repairs,0,False,0,False,True,True,True,True,True,True,True,,0,True,True,True,False,False,,False,False,False,False
CLM-107958,CUST-8359,PRD-733674,INV-89089901,,standard_covered,train,Valid Claim,Television,CineDisplay,TV-43U,Electro Store,2024-07-12,1081.94,True,SN-T-781453,SN-T-781453,SN-T-781453,SN-T-781453,SN-T-781453,Matched,TV-43U,TV-43U,TV-43U,TV-43U,CineDisplay Warranty Services,2024-07-12,2026-01-12,18,389,Active,Active,False,2024-11-21,2024-12-19,,,160,28,Power Supply Failure,Internal power board failure.,None,False,False,False,True,No previous repairs,0,False,0,False,True,True,True,True,True,True,True,,0,True,True,True,False,False,,False,False,False,False
CLM-108383,CUST-6523,PRD-758450,INV-49597485,,near_expiry_boundary,train,Valid Claim,Laptop,ProBook,LP-Pro,PC World,2023-09-21,2052.07,True,SN-L-779776,SN-L-779776,SN-L-779776,SN-L-779776,SN-L-779776,Matched,LP-Pro,LP-Pro,LP-Pro,LP-Pro,ProBook Warranty Services,2023-09-21,2025-09-21,24,3,Active,Active,False,2025-09-13,2025-09-18,,,728,5,Keyboard Failure,Multiple keys non-functional.,None,False,False,False,True,No previous repairs,0,False,0,False,True,True,True,True,True,True,True,,0,True,True,True,False,False,,False,False,True,False
CLM-108469,CUST-7997,PRD-288050,INV-23972387,,expired_warranty,train,Invalid Claim,Laptop,OmniLap,LP-Pro,PC World,2023-04-19,708.81,True,SN-L-882351,SN-L-882351,SN-L-882351,SN-L-882351,SN-L-882351,Matched,LP-Pro,LP-Pro,LP-Pro,LP-Pro,OmniLap Warranty Services,2023-04-19,2025-04-19,24,-171,Expired,Expired,False,2025-09-11,2025-10-07,,,902,26,Display Failure,Backlight failure without screen crack.,None,False,False,False,True,No previous repairs,0,False,0,False,True,True,True,True,True,True,True,,0,True,True,True,False,False,,False,True,False,False
CLM-109594,CUST-4320,PRD-152326,INV-67205134,,expired_warranty,train,Invalid Claim,Television,VisionMax,TV-55OLED,Electro Store,2024-09-22,1280.1,True,SN-T-937995,SN-T-937995,SN-T-937995,SN-T-937995,SN-T-937995,Matched,TV-55OLED,TV-55OLED,TV-55OLED,TV-55OLED,VisionMax Warranty Services,2024-09-22,2026-03-22,18,-118,Expired,Expired,False,2026-07-07,2026-07-18,,,664,11,Display Panel Defect,Internal panel line defect.,None,False,False,False,True,No previous repairs,0,False,0,False,True,True,True,True,True,True,True,,0,True,True,True,False,False,,False,True,False,False
CLM-110928,CUST-4596,PRD-471183,INV-37246265,,unauthorized_repair,train,Invalid Claim,Smartphone,ApexPhone,SP-200,Mobile Hub,2024-08-20,1664.47,True,SN-S-929029,SN-S-929029,SN-S-929029,SN-S-929029,SN-S-929029,Matched,SP-200,SP-200,SP-200,SP-200,ApexPhone Warranty Services,2024-08-20,2025-08-20,12,237,Active,Active,False,2024-12-19,2024-12-26,,,128,7,Manufacturing Defect,Internal motherboard defect causing bootloop.,Unauthorized Modification,False,False,True,False,Unauthorized repair reported,0,False,0,False,True,True,True,True,True,True,True,,0,True,True,True,False,False,,False,True,False,True
CLM-111899,CUST-3534,PRD-331079,INV-22655004,,expired_warranty,train,Invalid Claim,Television,VisionMax,TV-43U,Vision Retail,2023-10-10,276.42,True,SN-T-122755,SN-T-122755,SN-T-122755,SN-T-122755,SN-T-122755,Matched,TV-43U,TV-43U,TV-43U,TV-43U,VisionMax Warranty Services,2023-10-10,2025-04-10,18,-49,Expired,Expired,False,2025-05-24,2025-05-29,,,597,5,Main Board Defect,Smart hub system failure.,None,False,False,False,True,No previous repairs,0,False,0,False,True,True,True,True,True,True,True,,0,True,True,True,False,False,,False,True,False,False
CLM-113810,CUST-5569,PRD-357954,INV-52869611,,serial_mismatch,train,Manual Review,Smartphone,ApexPhone,SP-200,Mobile Hub,2023-12-27,2731.17,True,SN-S-528360,SN-S-210770,SN-S-528360,SN-S-528360,SN-S-528360,Mismatch,SP-200,SP-200,SP-200,SP-200,ApexPhone Warranty Services,2023-12-27,2024-12-27,12,111,Active,Active,False,2024-08-17,2024-09-07,,,255,21,Screen Defect (Non-Impact),Touch failure or dead pixels with no physical drop.,None,False,False,False,True,No previous repairs,0,False,0,False,True,True,True,True,True,True,True,,0,False,False,True,False,True,Conflicting serial numbers,False,False,False,True
CLM-115490,CUST-2388,PRD-227316,INV-28029509,,unauthorized_repair,train,Invalid Claim,Laptop,UltraTech,LP-900,PC World,2023-06-10,2667.94,True,SN-L-699125,SN-L-699125,SN-L-699125,SN-L-699125,SN-L-699125,Matched,LP-900,LP-900,LP-900,LP-900,UltraTech Warranty Services,2023-06-10,2025-06-10,24,564,Active,Active,False,2023-10-21,2023-11-24,,,167,34,Display Failure,Backlight failure without screen crack.,Unauthorized Modification,False,False,True,False,Unauthorized repair reported,0,False,0,False,True,True,True,True,True,True,True,,0,True,True,True,False,False,,False,True,False,True
CLM-115500,CUST-2996,PRD-546285,INV-90411964,,contradictory_information,train,Manual Review,Laptop,UltraTech,LP-Pro,OfficeDirect,2024-10-07,583.58,True,SN-L-455027,SN-L-455027,SN-L-455027,SN-L-455027,SN-L-455027,Matched,LP-Pro,LP-Pro,LP-Pro,LP-Pro,UltraTech Warranty Services,2024-10-07,2026-10-07,24,725,Active,Active,False,2024-09-09,2024-10-12,,,5,33,Display Failure,Reported fault date predates the purchase date.,None,False,False,False,True,No previous repairs,0,False,0,False,True,True,True,True,True,True,True,,0,False,False,True,False,True,Fault date before purchase date,False,False,False,True
CLM-116929,CUST-5090,PRD-498053,INV-29628462,,near_expiry_boundary,train,Valid Claim,Laptop,ProBook,LP-900,OfficeDirect,2024-11-02,2533.17,True,SN-L-390794,SN-L-390794,SN-L-390794,SN-L-390794,SN-L-390794,Matched,LP-900,LP-900,LP-900,LP-900,ProBook Warranty Services,2024-11-02,2026-11-02,24,11,Active,Active,False,2026-10-09,2026-10-22,,,719,13,Keyboard Failure,Multiple keys non-functional.,None,False,False,False,True,No previous repairs,0,False,0,False,True,True,True,True,True,True,True,,0,True,True,True,False,False,,False,False,True,False
CLM-118028,CUST-2545,PRD-550885,INV-23009833,,standard_covered,train,Valid Claim,Smartphone,ApexPhone,SP-X,City Electronics,2024-04-29,2357.59,True,SN-S-354801,SN-S-354801,SN-S-354801,SN-S-354801,SN-S-354801,Matched,SP-X,SP-X,SP-X,SP-X,ApexPhone Warranty Services,2024-04-29,2025-04-29,12,236,Active,Active,False,2024-08-24,2024-09-05,,,129,12,Charging Port Failure,Charging connector failure under normal usage.,None,False,False,False,True,No previous repairs,0,False,0,False,True,True,True,True,True,True,True,,0,True,True,True,False,False,,False,False,False,False
CLM-119783,CUST-6895,PRD-923903,INV-74153249,DUP-475799,duplicate_claim,train,Manual Review,Television,CineDisplay,TV-55OLED,Vision Retail,2023-08-04,1005.2,True,SN-T-300258,SN-T-300258,SN-T-300258,SN-T-300258,SN-T-300258,Matched,TV-55OLED,TV-55OLED,TV-55OLED,TV-55OLED,CineDisplay Warranty Services,2023-08-04,2025-02-04,18,267,Active,Active,False,2024-05-09,2024-05-13,,,283,4,Display Panel Defect,Internal panel line defect.,None,False,False,False,True,No previous repairs,0,False,0,False,True,True,True,True,True,True,True,,0,True,True,True,True,False,,False,False,False,True
CLM-120026,CUST-6272,PRD-739917,INV-94917104,,contradictory_information,train,Manual Review,Smartphone,MobileX,SP-X,City Electronics,2023-12-06,2067.12,True,SN-S-705258,SN-S-705258,SN-S-705258,SN-S-705258,SN-S-705258,Matched,SP-X,SP-X,SP-X,SP-X,MobileX Warranty Services,2023-12-06,2024-12-06,12,358,Active,Active,False,2023-11-16,2023-12-14,,,8,28,Screen Defect (Non-Impact),Reported fault date predates the purchase date.,None,False,False,False,True,No previous repairs,0,False,0,False,True,True,True,True,True,True,True,,0,False,False,True,False,True,Fault date before purchase date,False,False,False,True
CLM-121239,CUST-6964,PRD-827436,INV-21866994,,borderline_reporting,train,Manual Review,Laptop,UltraTech,LP-Pro,Digital Bazaar,2023-08-26,2153.46,True,SN-L-612258,SN-L-612258,SN-L-612258,SN-L-612258,SN-L-612258,Matched,LP-Pro,LP-Pro,LP-Pro,LP-Pro,UltraTech Warranty Services,2023-08-26,2025-08-26,24,0,Active,Active,False,2025-08-17,2025-08-26,,,731,9,Motherboard Defect,Component failure on main board.,None,False,False,False,True,Claim submitted on warranty expiry boundary,0,False,0,False,True,True,True,True,True,True,True,,0,True,True,True,False,False,,False,False,True,True
CLM-121491,CUST-7271,PRD-131657,INV-62155724,,expired_warranty,train,Invalid Claim,Television,CineDisplay,TV-55OLED,Vision Retail,2023-03-17,1264.39,True,SN-T-269833,SN-T-269833,SN-T-269833,SN-T-269833,SN-T-269833,Matched,TV-55OLED,TV-55OLED,TV-55OLED,TV-55OLED,CineDisplay Warranty Services,2023-03-17,2024-09-17,18,-98,Expired,Expired,False,2024-11-27,2024-12-24,,,648,27,Power Supply Failure,Internal power board failure.,None,False,False,False,True,No previous repairs,0,False,0,False,True,True,True,True,True,True,True,,0,True,True,True,False,False,,False,True,False,False
CLM-121868,CUST-2320,PRD-934471,INV-97742922,,near_expiry_boundary,train,Valid Claim,Laptop,UltraTech,LP-900,PC World,2023-09-07,3472.11,True,SN-L-692447,SN-L-692447,SN-L-692447,SN-L-692447,SN-L-692447,Matched,LP-900,LP-900,LP-900,LP-900,UltraTech Warranty Services,2023-09-07,2025-09-07,24,3,Active,Active,False,2025-09-03,2025-09-04,,,728,1,Keyboard Failure,Multiple keys non-functional.,None,False,False,False,True,No previous repairs,0,False,0,False,True,True,True,True,True,True,True,,0,True,True,True,False,False,,False,False,True,False
CLM-123650,CUST-6543,PRD-866602,INV-43047380,,contradictory_information,train,Manual Review,Television,CineDisplay,TV-65Q,Vision Retail,2024-04-03,1375.07,True,SN-T-922149,SN-T-922149,SN-T-922149,SN-T-922149,SN-T-922149,Matched,TV-65Q,TV-65Q,TV-65Q,TV-65Q,CineDisplay Warranty Services,2024-04-03,2025-10-03,18,439,Active,Active,False,2024-07-14,2024-07-21,2024-03-04,,109,7,Display Panel Defect,Internal panel line defect.,None,False,False,False,True,Conflicting repair record predates purchase,1,False,0,False,True,True,True,True,True,True,True,,0,False,False,True,False,True,Repair date before purchase date,False,False,False,True
CLM-123669,CUST-2854,PRD-388292,INV-87882357,,expired_warranty,train,Invalid Claim,Laptop,OmniLap,LP-Pro,PC World,2023-02-08,1763.14,True,SN-L-135087,SN-L-135087,SN-L-135087,SN-L-135087,SN-L-135087,Matched,LP-Pro,LP-Pro,LP-Pro,LP-Pro,OmniLap Warranty Services,2023-02-08,2025-02-08,24,-35,Expired,Expired,False,2025-03-05,2025-03-15,,,766,10,Factory SSD Failure,Primary storage failure.,None,False,False,False,True,No previous repairs,0,False,0,False,True,True,True,True,True,True,True,,0,True,True,True,False,False,,False,True,False,False
CLM-124244,CUST-5370,PRD-443120,INV-27677427,DUP-415734,duplicate_claim,train,Manual Review,Television,ViewOptics,TV-65Q,Vision Retail,2024-08-27,1248.61,True,SN-T-800822,SN-T-800822,SN-T-800822,SN-T-800822,SN-T-800822,Matched,TV-65Q,TV-65Q,TV-65Q,TV-65Q,ViewOptics Warranty Services,2024-08-27,2026-02-27,18,253,Active,Active,False,2025-06-07,2025-06-19,,,296,12,Main Board Defect,Smart hub system failure.,None,False,False,False,True,No previous repairs,0,False,0,False,True,True,True,True,True,True,True,,0,True,True,True,True,False,,False,False,False,True
CLM-126125,CUST-1915,PRD-898034,INV-27698856,,borderline_reporting,train,Manual Review,Laptop,OmniLap,LP-900,PC World,2024-08-05,1813.87,True,SN-L-693092,SN-L-693092,SN-L-693092,SN-L-693092,SN-L-693092,Matched,LP-900,LP-900,LP-900,LP-900,OmniLap Warranty Services,2024-08-05,2026-08-05,24,0,Active,Active,False,2026-08-01,2026-08-05,,,730,4,Motherboard Defect,Component failure on main board.,None,False,False,False,True,Claim submitted on warranty expiry boundary,0,False,0,False,True,True,True,True,True,True,True,,0,True,True,True,False,False,,False,False,True,True
CLM-127147,CUST-2505,PRD-648781,INV-86569490,,expired_warranty,train,Invalid Claim,Smartphone,MobileX,SP-200,Mobile Hub,2023-08-27,1489.32,True,SN-S-361993,SN-S-361993,SN-S-361993,SN-S-361993,SN-S-361993,Matched,SP-200,SP-200,SP-200,SP-200,MobileX Warranty Services,2023-08-27,2024-08-27,12,-84,Expired,Expired,False,2024-10-26,2024-11-19,,,450,24,Battery Manufacturing Defect,Battery swelling or sudden degradation.,None,False,False,False,True,No previous repairs,0,False,0,False,True,True,True,True,True,True,True,,0,True,True,True,False,False,,False,True,False,False
CLM-127604,CUST-1633,PRD-168776,INV-75424216,,borderline_reporting,train,Manual Review,Television,CineDisplay,TV-65Q,Electro Store,2024-05-17,2692.82,True,SN-T-468107,SN-T-468107,SN-T-468107,SN-T-468107,SN-T-468107,Matched,TV-65Q,TV-65Q,TV-65Q,TV-65Q,CineDisplay Warranty Services,2024-05-17,2025-11-17,18,0,Active,Active,False,2025-11-08,2025-11-17,,,549,9,Display Panel Defect,Internal panel line defect.,None,False,False,False,True,Claim submitted on warranty expiry boundary,0,False,0,False,True,True,True,True,True,True,True,,0,True,True,True,False,False,,False,False,True,True
CLM-127727,CUST-4656,PRD-237669,INV-79226031,,previous_authorized_repair,train,Valid Claim,Smartphone,TechCorp,SP-X,City Electronics,2024-05-29,3437.74,True,SN-S-225200,SN-S-225200,SN-S-225200,SN-S-225200,SN-S-225200,Matched,SP-X,SP-X,SP-X,SP-X,TechCorp Warranty Services,2024-05-29,2025-05-29,12,241,Active,Active,False,2024-09-17,2024-09-30,2024-08-29,,124,13,Manufacturing Defect,Internal motherboard defect causing bootloop.,None,False,False,False,True,One or more authorized repairs,1,False,0,False,True,True,True,True,True,True,True,,0,True,True,True,False,False,,False,False,False,False
CLM-128635,CUST-7936,PRD-976426,INV-20518444,,previous_authorized_repair,train,Valid Claim,Smartphone,MobileX,SP-100,TechMart,2023-07-17,3460.74,True,SN-S-322182,SN-S-322182,SN-S-322182,SN-S-322182,SN-S-322182,Matched,SP-100,SP-100,SP-100,SP-100,MobileX Warranty Services,2023-07-17,2024-07-17,12,311,Active,Active,False,2023-08-27,2023-09-10,2023-08-02,,55,14,Screen Defect (Non-Impact),Touch failure or dead pixels with no physical drop.,None,False,False,False,True,One or more authorized repairs,1,False,0,False,True,True,True,True,True,True,True,,0,True,True,True,False,False,,False,False,False,False
CLM-128877,CUST-9012,PRD-344876,INV-83836349,,invalid_receipt,train,Invalid Claim,Laptop,OmniLap,LP-500,PC World,2023-09-30,1810.15,False,SN-L-797557,SN-L-797557,SN-L-797557,SN-L-797557,SN-L-797557,Matched,LP-500,LP-500,LP-500,LP-500,OmniLap Warranty Services,2023-09-30,2025-09-30,24,658,Active,Active,False,2023-11-21,2023-12-12,,,73,21,Motherboard Defect,Component failure on main board.,None,False,False,False,True,No previous repairs,0,False,0,False,True,False,True,True,True,True,True,,0,False,False,True,False,False,,False,True,False,False
CLM-130629,CUST-5262,PRD-790447,INV-33336132,,previous_authorized_repair,train,Valid Claim,Smartphone,ApexPhone,SP-100,City Electronics,2024-06-09,254.13,True,SN-S-515492,SN-S-515492,SN-S-515492,SN-S-515492,SN-S-515492,Matched,SP-100,SP-100,SP-100,SP-100,ApexPhone Warranty Services,2024-06-09,2025-06-09,12,179,Active,Active,False,2024-11-29,2024-12-12,2024-11-07,,186,13,Manufacturing Defect,Internal motherboard defect causing bootloop.,None,False,False,False,True,One or more authorized repairs,1,False,0,False,True,True,True,True,True,True,True,,0,True,True,True,False,False,,False,False,False,False
CLM-131144,CUST-6362,PRD-543430,INV-68283876,,expired_warranty,train,Invalid Claim,Laptop,UltraTech,LP-900,OfficeDirect,2024-03-14,2091.21,True,SN-L-865479,SN-L-865479,SN-L-865479,SN-L-865479,SN-L-865479,Matched,LP-900,LP-900,LP-900,LP-900,UltraTech Warranty Services,2024-03-14,2026-03-14,24,-80,Expired,Expired,False,2026-04-26,2026-06-02,,,810,37,Keyboard Failure,Multiple keys non-functional.,None,False,False,False,True,No previous repairs,0,False,0,False,True,True,True,True,True,True,True,,0,True,True,True,False,False,,False,True,False,False
CLM-133629,CUST-7254,PRD-436962,INV-48851088,,excluded_damage,train,Invalid Claim,Smartphone,ApexPhone,SP-200,Mobile Hub,2023-05-21,2005.45,True,SN-S-695503,SN-S-695503,SN-S-695503,SN-S-695503,SN-S-695503,Matched,SP-200,SP-200,SP-200,SP-200,ApexPhone Warranty Services,2023-05-21,2024-05-21,12,253,Active,Active,False,2023-08-26,2023-09-11,,,113,16,Liquid Damage,Liquid contact indicator triggered.,Liquid Contact,False,True,False,True,No previous repairs,0,False,0,False,True,True,True,True,True,True,True,,0,True,True,True,False,False,,False,True,False,False
CLM-134582,CUST-3947,PRD-694487,INV-91793056,,expired_warranty,train,Invalid Claim,Laptop,ProBook,LP-Pro,Digital Bazaar,2024-06-16,929.62,True,SN-L-620509,SN-L-620509,SN-L-620509,SN-L-620509,SN-L-620509,Matched,LP-Pro,LP-Pro,LP-Pro,LP-Pro,ProBook Warranty Services,2024-06-16,2026-06-16,24,-55,Expired,Expired,False,2026-08-09,2026-08-10,,,785,1,Factory SSD Failure,Primary storage failure.,None,False,False,False,True,No previous repairs,0,False,0,False,True,True,True,True,True,True,True,,0,True,True,True,False,False,,False,True,False,False
CLM-134855,CUST-1510,PRD-980883,INV-18163847,,standard_covered,train,Valid Claim,Laptop,ProBook,LP-Pro,OfficeDirect,2024-11-05,3495.27,True,SN-L-862569,SN-L-862569,SN-L-862569,SN-L-862569,SN-L-862569,Matched,LP-Pro,LP-Pro,LP-Pro,LP-Pro,ProBook Warranty Services,2024-11-05,2026-11-05,24,450,Active,Active,False,2025-07-17,2025-08-12,,,280,26,Display Failure,Backlight failure without screen crack.,None,False,False,False,True,No previous repairs,0,False,0,False,True,True,True,True,True,True,True,,0,True,True,True,False,False,,False,False,False,False
CLM-138181,CUST-5009,PRD-374569,INV-30688043,,serial_mismatch,train,Manual Review,Television,VisionMax,TV-43U,Home Screen,2023-07-28,2443.79,True,SN-T-999428,SN-T-913284,SN-T-999428,SN-T-999428,SN-T-999428,Mismatch,TV-43U,TV-43U,TV-43U,TV-43U,VisionMax Warranty Services,2023-07-28,2025-01-28,18,456,Active,Active,False,2023-10-02,2023-10-30,,,94,28,Power Supply Failure,Internal power board failure.,None,False,False,False,True,No previous repairs,0,False,0,False,True,True,True,True,True,True,True,,0,False,False,True,False,True,Conflicting serial numbers,False,False,False,True
CLM-138449,CUST-6350,PRD-892309,INV-48242277,,service_center_unclear,train,Manual Review,Television,ViewOptics,TV-55OLED,Vision Retail,2024-09-19,1382.69,True,SN-T-937299,SN-T-937299,SN-T-937299,SN-T-937299,SN-T-937299,Matched,TV-55OLED,TV-55OLED,TV-55OLED,TV-55OLED,ViewOptics Warranty Services,2024-09-19,2026-03-19,18,431,Active,Active,False,2024-12-24,2025-01-12,2024-12-04,,115,19,Power Supply Failure,Internal power board failure.,None,False,False,False,False,Service-center authorization is unclear,1,False,0,False,True,True,True,True,True,True,True,,0,True,True,True,False,False,,False,False,False,True
CLM-139172,CUST-3126,PRD-994783,INV-46878825,,serial_mismatch,train,Manual Review,Laptop,UltraTech,LP-900,OfficeDirect,2023-08-01,1044.63,True,SN-L-526962,SN-L-928645,SN-L-526962,SN-L-526962,SN-L-526962,Mismatch,LP-900,LP-900,LP-900,LP-900,UltraTech Warranty Services,2023-08-01,2025-08-01,24,460,Active,Active,False,2024-03-20,2024-04-28,,,271,39,Motherboard Defect,Component failure on main board.,None,False,False,False,True,No previous repairs,0,False,0,False,True,True,True,True,True,True,True,,0,False,False,True,False,True,Conflicting serial numbers,False,False,False,True
CLM-139331,CUST-8389,PRD-455340,INV-93135800,,near_expiry_boundary,train,Valid Claim,Smartphone,ApexPhone,SP-100,City Electronics,2023-05-24,329.6,True,SN-S-402865,SN-S-402865,SN-S-402865,SN-S-402865,SN-S-402865,Matched,SP-100,SP-100,SP-100,SP-100,ApexPhone Warranty Services,2023-05-24,2024-05-24,12,1,Active,Active,False,2024-05-21,2024-05-23,,,365,2,Screen Defect (Non-Impact),Touch failure or dead pixels with no physical drop.,None,False,False,False,True,No previous repairs,0,False,0,False,True,True,True,True,True,True,True,,0,True,True,True,False,False,,False,False,True,False
CLM-139528,CUST-9303,PRD-238106,INV-64141437,,previous_authorized_repair,train,Valid Claim,Laptop,UltraTech,LP-500,Digital Bazaar,2023-06-12,604.43,True,SN-L-929937,SN-L-929937,SN-L-929937,SN-L-929937,SN-L-929937,Matched,LP-500,LP-500,LP-500,LP-500,UltraTech Warranty Services,2023-06-12,2025-06-12,24,518,Active,Active,False,2023-12-08,2024-01-11,2023-11-28,,213,34,Motherboard Defect,Component failure on main board.,None,False,False,False,True,One or more authorized repairs,1,False,0,False,True,True,True,True,True,True,True,,0,True,True,True,False,False,,False,False,False,False
CLM-140530,CUST-5405,PRD-604970,INV-50417154,,near_expiry_boundary,train,Valid Claim,Television,CineDisplay,TV-65Q,Home Screen,2024-01-25,1049.16,True,SN-T-818605,SN-T-818605,SN-T-818605,SN-T-818605,SN-T-818605,Matched,TV-65Q,TV-65Q,TV-65Q,TV-65Q,CineDisplay Warranty Services,2024-01-25,2025-07-25,18,3,Active,Active,False,2025-07-20,2025-07-22,,,544,2,Display Panel Defect,Internal panel line defect.,None,False,False,False,True,No previous repairs,0,False,0,False,True,True,True,True,True,True,True,,0,True,True,True,False,False,,False,False,True,False
CLM-140908,CUST-6317,PRD-183004,INV-65536259,DUP-664024,duplicate_claim,train,Manual Review,Laptop,UltraTech,LP-900,PC World,2024-04-28,2911.44,True,SN-L-216424,SN-L-216424,SN-L-216424,SN-L-216424,SN-L-216424,Matched,LP-900,LP-900,LP-900,LP-900,UltraTech Warranty Services,2024-04-28,2026-04-28,24,663,Active,Active,False,2024-06-24,2024-07-04,,,67,10,Keyboard Failure,Multiple keys non-functional.,None,False,False,False,True,No previous repairs,0,False,0,False,True,True,True,True,True,True,True,,0,True,True,True,True,False,,False,False,False,True
CLM-141476,CUST-2085,PRD-233350,INV-31930027,,service_center_unclear,train,Manual Review,Smartphone,TechCorp,SP-200,Mobile Hub,2023-09-19,3027.12,True,SN-S-695787,SN-S-695787,SN-S-695787,SN-S-695787,SN-S-695787,Matched,SP-200,SP-200,SP-200,SP-200,TechCorp Warranty Services,2023-09-19,2024-09-19,12,227,Active,Active,False,2024-01-20,2024-02-05,2023-12-31,,139,16,Screen Defect (Non-Impact),Touch failure or dead pixels with no physical drop.,None,False,False,False,False,Service-center authorization is unclear,1,False,0,False,True,True,True,True,True,True,True,,0,True,True,True,False,False,,False,False,False,True
CLM-141542,CUST-4217,PRD-961007,INV-24471004,,excluded_damage,train,Invalid Claim,Laptop,OmniLap,LP-500,OfficeDirect,2024-05-10,259.86,True,SN-L-119719,SN-L-119719,SN-L-119719,SN-L-119719,SN-L-119719,Matched,LP-500,LP-500,LP-500,LP-500,OmniLap Warranty Services,2024-05-10,2026-05-10,24,664,Active,Active,False,2024-06-14,2024-07-15,,,66,31,Unauthorized Modification,RAM/SSD force modification damage.,Unauthorized Modification,False,False,True,True,No previous repairs,0,False,0,False,True,True,True,True,True,True,True,,0,True,True,True,False,False,,False,True,False,False
CLM-142493,CUST-6301,PRD-981223,INV-17993466,,previous_authorized_repair,train,Valid Claim,Television,ViewOptics,TV-65Q,Home Screen,2023-05-14,223.41,True,SN-T-945619,SN-T-945619,SN-T-945619,SN-T-945619,SN-T-945619,Matched,TV-65Q,TV-65Q,TV-65Q,TV-65Q,ViewOptics Warranty Services,2023-05-14,2024-11-14,18,421,Active,Active,False,2023-09-01,2023-09-20,2023-08-24,,129,19,Power Supply Failure,Internal power board failure.,None,False,False,False,True,One or more authorized repairs,1,False,0,False,True,True,True,True,True,True,True,,0,True,True,True,False,False,,False,False,False,False
CLM-144914,CUST-4643,PRD-441902,INV-81757508,,previous_authorized_repair,train,Valid Claim,Laptop,UltraTech,LP-900,Digital Bazaar,2024-08-20,2288.35,True,SN-L-137034,SN-L-137034,SN-L-137034,SN-L-137034,SN-L-137034,Matched,LP-900,LP-900,LP-900,LP-900,UltraTech Warranty Services,2024-08-20,2026-08-20,24,504,Active,Active,False,2025-03-03,2025-04-03,2025-02-10,,226,31,Keyboard Failure,Multiple keys non-functional.,None,False,False,False,True,One or more authorized repairs,2,False,0,False,True,True,True,True,True,True,True,,0,True,True,True,False,False,,False,False,False,False
CLM-147166,CUST-3616,PRD-596376,INV-64414096,,near_expiry_boundary,train,Valid Claim,Laptop,OmniLap,LP-500,OfficeDirect,2023-05-02,2448.35,True,SN-L-800224,SN-L-800224,SN-L-800224,SN-L-800224,SN-L-800224,Matched,LP-500,LP-500,LP-500,LP-500,OmniLap Warranty Services,2023-05-02,2025-05-02,24,21,Active,Active,False,2025-04-07,2025-04-11,,,710,4,Factory SSD Failure,Primary storage failure.,None,False,False,False,True,No previous repairs,0,False,0,False,True,True,True,True,True,True,True,,0,True,True,True,False,False,,False,False,False,False
CLM-147273,CUST-7904,PRD-154321,INV-73819982,,serial_mismatch,train,Manual Review,Television,ViewOptics,TV-65Q,Home Screen,2024-01-03,1271.29,True,SN-T-760049,SN-T-205075,SN-T-760049,SN-T-760049,SN-T-760049,Mismatch,TV-65Q,TV-65Q,TV-65Q,TV-65Q,ViewOptics Warranty Services,2024-01-03,2025-07-03,18,425,Active,Active,False,2024-04-13,2024-05-04,,,122,21,Display Panel Defect,Internal panel line defect.,None,False,False,False,True,No previous repairs,0,False,0,False,True,True,True,True,True,True,True,,0,False,False,True,False,True,Conflicting serial numbers,False,False,False,True
CLM-147539,CUST-4368,PRD-983370,INV-36862689,,borderline_reporting,train,Manual Review,Television,ViewOptics,TV-43U,Home Screen,2023-02-12,2695.19,True,SN-T-218167,SN-T-218167,SN-T-218167,SN-T-218167,SN-T-218167,Matched,TV-43U,TV-43U,TV-43U,TV-43U,ViewOptics Warranty Services,2023-02-12,2024-08-12,18,0,Active,Active,False,2024-08-06,2024-08-12,,,547,6,Power Supply Failure,Internal power board failure.,None,False,False,False,True,Claim submitted on warranty expiry boundary,0,False,0,False,True,True,True,True,True,True,True,,0,True,True,True,False,False,,False,False,True,True
CLM-147805,CUST-7456,PRD-809011,INV-38520176,,serial_mismatch,train,Manual Review,Smartphone,MobileX,SP-100,City Electronics,2023-12-19,3207.99,True,SN-S-267069,SN-S-494570,SN-S-267069,SN-S-267069,SN-S-267069,Mismatch,SP-100,SP-100,SP-100,SP-100,MobileX Warranty Services,2023-12-19,2024-12-19,12,83,Active,Active,False,2024-09-05,2024-09-27,,,283,22,Manufacturing Defect,Internal motherboard defect causing bootloop.,None,False,False,False,True,No previous repairs,0,False,0,False,True,True,True,True,True,True,True,,0,False,False,True,False,True,Conflicting serial numbers,False,False,False,True
CLM-148608,CUST-8458,PRD-619955,INV-87816352,,borderline_reporting,train,Manual Review,Smartphone,TechCorp,SP-200,TechMart,2023-04-26,2477.98,True,SN-S-115040,SN-S-115040,SN-S-115040,SN-S-115040,SN-S-115040,Matched,SP-200,SP-200,SP-200,SP-200,TechCorp Warranty Services,2023-04-26,2024-04-26,12,0,Active,Active,False,2024-04-20,2024-04-26,,,366,6,Manufacturing Defect,Internal motherboard defect causing bootloop.,None,False,False,False,True,Claim submitted on warranty expiry boundary,0,False,0,False,True,True,True,True,True,True,True,,0,True,True,True,False,False,,False,False,True,True
CLM-149483,CUST-7438,PRD-276894,INV-44297151,,excluded_damage,train,Invalid Claim,Television,VisionMax,TV-65Q,Home Screen,2024-03-29,1157.98,True,SN-T-999308,SN-T-999308,SN-T-999308,SN-T-999308,SN-T-999308,Matched,TV-65Q,TV-65Q,TV-65Q,TV-65Q,VisionMax Warranty Services,2024-03-29,2025-09-29,18,446,Active,Active,False,2024-07-03,2024-07-10,,,103,7,Cracked Screen,External screen crack from impact.,Physical Impact,True,False,False,True,No previous repairs,0,False,0,False,True,True,True,True,True,True,True,,0,True,True,True,False,False,,False,True,False,False
CLM-149870,CUST-3126,PRD-104523,INV-92134318,,standard_covered,train,Valid Claim,Smartphone,TechCorp,SP-100,City Electronics,2024-01-05,3112.23,True,SN-S-127560,SN-S-127560,SN-S-127560,SN-S-127560,SN-S-127560,Matched,SP-100,SP-100,SP-100,SP-100,TechCorp Warranty Services,2024-01-05,2025-01-05,12,104,Active,Active,False,2024-09-20,2024-09-23,,,262,3,Battery Manufacturing Defect,Battery swelling or sudden degradation.,None,False,False,False,True,No previous repairs,0,False,0,False,True,True,True,True,True,True,True,,0,True,True,True,False,False,,False,False,False,False
CLM-150825,CUST-5703,PRD-730003,INV-33891297,,serial_mismatch,train,Manual Review,Television,VisionMax,TV-65Q,Electro Store,2023-11-14,1084.53,True,SN-T-239182,SN-T-430868,SN-T-239182,SN-T-239182,SN-T-239182,Mismatch,TV-65Q,TV-65Q,TV-65Q,TV-65Q,VisionMax Warranty Services,2023-11-14,2025-05-14,18,314,Active,Active,False,2024-06-15,2024-07-04,,,233,19,Display Panel Defect,Internal panel line defect.,None,False,False,False,True,No previous repairs,0,False,0,False,True,True,True,True,True,True,True,,0,False,False,True,False,True,Conflicting serial numbers,False,False,False,True
CLM-151116,CUST-6143,PRD-642921,INV-84300459,,extended_warranty,train,Valid Claim,Laptop,ProBook,LP-500,PC World,2024-06-08,2269.15,True,SN-L-731792,SN-L-731792,SN-L-731792,SN-L-731792,SN-L-731792,Matched,LP-500,LP-500,LP-500,LP-500,ProBook Warranty Services,2024-06-08,2027-06-08,36,782,Active,Active,True,2025-04-04,2025-04-17,,,313,13,Display Failure,Backlight failure without screen crack.,None,False,False,False,True,No previous repairs,0,False,0,False,True,True,True,True,True,True,True,,0,True,True,True,False,False,,False,False,False,False
CLM-153895,CUST-8414,PRD-696845,INV-25303956,,extended_warranty,train,Valid Claim,Smartphone,TechCorp,SP-200,City Electronics,2024-09-26,476.41,True,SN-S-687360,SN-S-687360,SN-S-687360,SN-S-687360,SN-S-687360,Matched,SP-200,SP-200,SP-200,SP-200,TechCorp Warranty Services,2024-09-26,2026-09-26,24,502,Active,Active,True,2025-04-20,2025-05-12,,,228,22,Charging Port Failure,Charging connector failure under normal usage.,None,False,False,False,True,No previous repairs,0,False,0,False,True,True,True,True,True,True,True,,0,True,True,True,False,False,,False,False,False,False
CLM-154104,CUST-8101,PRD-712188,INV-25626356,,serial_mismatch,train,Manual Review,Laptop,UltraTech,LP-900,PC World,2023-07-08,2808.71,True,SN-L-123470,SN-L-373652,SN-L-123470,SN-L-123470,SN-L-123470,Mismatch,LP-900,LP-900,LP-900,LP-900,UltraTech Warranty Services,2023-07-08,2025-07-08,24,634,Active,Active,False,2023-09-06,2023-10-13,,,97,37,Display Failure,Backlight failure without screen crack.,None,False,False,False,True,No previous repairs,0,False,0,False,True,True,True,True,True,True,True,,0,False,False,True,False,True,Conflicting serial numbers,False,False,False,True
CLM-154282,CUST-3654,PRD-719394,INV-21593395,,borderline_reporting,train,Manual Review,Smartphone,MobileX,SP-200,Mobile Hub,2023-05-21,2060.91,True,SN-S-355047,SN-S-355047,SN-S-355047,SN-S-355047,SN-S-355047,Matched,SP-200,SP-200,SP-200,SP-200,MobileX Warranty Services,2023-05-21,2024-05-21,12,0,Active,Active,False,2024-05-16,2024-05-21,,,366,5,Manufacturing Defect,Internal motherboard defect causing bootloop.,None,False,False,False,True,Claim submitted on warranty expiry boundary,0,False,0,False,True,True,True,True,True,True,True,,0,True,True,True,False,False,,False,False,True,True
CLM-155099,CUST-6528,PRD-111908,INV-49747835,,serial_mismatch,train,Manual Review,Television,ViewOptics,TV-55OLED,Home Screen,2024-01-14,2718.89,True,SN-T-728441,SN-T-669113,SN-T-728441,SN-T-728441,SN-T-728441,Mismatch,TV-55OLED,TV-55OLED,TV-55OLED,TV-55OLED,ViewOptics Warranty Services,2024-01-14,2025-07-14,18,309,Active,Active,False,2024-09-07,2024-09-08,,,238,1,Power Supply Failure,Internal power board failure.,None,False,False,False,True,No previous repairs,0,False,0,False,True,True,True,True,True,True,True,,0,False,False,True,False,True,Conflicting serial numbers,False,False,False,True
CLM-155447,CUST-7664,PRD-321239,INV-69858725,,unauthorized_repair,train,Invalid Claim,Smartphone,ApexPhone,SP-X,Mobile Hub,2023-09-10,431.09,True,SN-S-206440,SN-S-206440,SN-S-206440,SN-S-206440,SN-S-206440,Matched,SP-X,SP-X,SP-X,SP-X,ApexPhone Warranty Services,2023-09-10,2024-09-10,12,211,Active,Active,False,2024-02-05,2024-02-12,,,155,7,Screen Defect (Non-Impact),Touch failure or dead pixels with no physical drop.,Unauthorized Modification,False,False,True,False,Unauthorized repair reported,0,False,0,False,True,True,True,True,True,True,True,,0,True,True,True,False,False,,False,True,False,True
CLM-157156,CUST-5536,PRD-540636,INV-72507231,DUP-701804,duplicate_claim,train,Manual Review,Television,ViewOptics,TV-65Q,Electro Store,2023-03-16,1661.82,True,SN-T-300160,SN-T-300160,SN-T-300160,SN-T-300160,SN-T-300160,Matched,TV-65Q,TV-65Q,TV-65Q,TV-65Q,ViewOptics Warranty Services,2023-03-16,2024-09-16,18,281,Active,Active,False,2023-11-11,2023-12-10,,,269,29,Main Board Defect,Smart hub system failure.,None,False,False,False,True,No previous repairs,0,False,0,False,True,True,True,True,True,True,True,,0,True,True,True,True,False,,False,False,False,True
CLM-161188,CUST-4125,PRD-524909,INV-12541730,,near_expiry_boundary,train,Valid Claim,Television,VisionMax,TV-65Q,Home Screen,2024-08-09,1627.48,True,SN-T-133104,SN-T-133104,SN-T-133104,SN-T-133104,SN-T-133104,Matched,TV-65Q,TV-65Q,TV-65Q,TV-65Q,VisionMax Warranty Services,2024-08-09,2026-02-09,18,3,Active,Active,False,2026-02-02,2026-02-06,,,546,4,Main Board Defect,Smart hub system failure.,None,False,False,False,True,No previous repairs,0,False,0,False,True,True,True,True,True,True,True,,0,True,True,True,False,False,,False,False,True,False
CLM-161860,CUST-8005,PRD-132485,INV-64340297,,expired_warranty,train,Invalid Claim,Smartphone,MobileX,SP-X,City Electronics,2023-11-29,2750.32,True,SN-S-821276,SN-S-821276,SN-S-821276,SN-S-821276,SN-S-821276,Matched,SP-X,SP-X,SP-X,SP-X,MobileX Warranty Services,2023-11-29,2024-11-29,12,-126,Expired,Expired,False,2025-03-11,2025-04-04,,,492,24,Charging Port Failure,Charging connector failure under normal usage.,None,False,False,False,True,No previous repairs,0,False,0,False,True,True,True,True,True,True,True,,0,True,True,True,False,False,,False,True,False,False
CLM-162678,CUST-3992,PRD-131184,INV-39987280,,borderline_reporting,train,Manual Review,Television,ViewOptics,TV-65Q,Electro Store,2024-01-21,1289.24,True,SN-T-285211,SN-T-285211,SN-T-285211,SN-T-285211,SN-T-285211,Matched,TV-65Q,TV-65Q,TV-65Q,TV-65Q,ViewOptics Warranty Services,2024-01-21,2025-07-21,18,0,Active,Active,False,2025-07-10,2025-07-21,,,547,11,Display Panel Defect,Internal panel line defect.,None,False,False,False,True,Claim submitted on warranty expiry boundary,0,False,0,False,True,True,True,True,True,True,True,,0,True,True,True,False,False,,False,False,True,True
CLM-162824,CUST-6179,PRD-659188,INV-30261159,,standard_covered,train,Valid Claim,Television,ViewOptics,TV-65Q,Electro Store,2024-10-12,1623.21,True,SN-T-774225,SN-T-774225,SN-T-774225,SN-T-774225,SN-T-774225,Matched,TV-65Q,TV-65Q,TV-65Q,TV-65Q,ViewOptics Warranty Services,2024-10-12,2026-04-12,18,346,Active,Active,False,2025-04-15,2025-05-01,,,201,16,Main Board Defect,Smart hub system failure.,None,False,False,False,True,No previous repairs,0,False,0,False,True,True,True,True,True,True,True,,0,True,True,True,False,False,,False,False,False,False
CLM-163521,CUST-1549,PRD-755285,INV-96868145,,serial_mismatch,train,Manual Review,Laptop,UltraTech,LP-500,PC World,2024-05-29,1071.09,True,SN-L-366086,SN-L-517641,SN-L-366086,SN-L-366086,SN-L-366086,Mismatch,LP-500,LP-500,LP-500,LP-500,UltraTech Warranty Services,2024-05-29,2026-05-29,24,540,Active,Active,False,2024-11-04,2024-12-05,,,190,31,Motherboard Defect,Component failure on main board.,None,False,False,False,True,No previous repairs,0,False,0,False,True,True,True,True,True,True,True,,0,False,False,True,False,True,Conflicting serial numbers,False,False,False,True
CLM-165091,CUST-9379,PRD-538878,INV-75469731,,service_center_unclear,train,Manual Review,Laptop,UltraTech,LP-900,Digital Bazaar,2023-12-01,1443.41,True,SN-L-734698,SN-L-734698,SN-L-734698,SN-L-734698,SN-L-734698,Matched,LP-900,LP-900,LP-900,LP-900,UltraTech Warranty Services,2023-12-01,2025-12-01,24,581,Active,Active,False,2024-03-15,2024-04-29,2024-02-24,,150,45,Display Failure,Backlight failure without screen crack.,None,False,False,False,False,Service-center authorization is unclear,1,False,0,False,True,True,True,True,True,True,True,,0,True,True,True,False,False,,False,False,True,True
CLM-165711,CUST-8126,PRD-726833,INV-80257585,,complex_covered,train,Valid Claim,Television,ViewOptics,TV-43U,Electro Store,2023-07-01,2293.28,True,SN-T-665484,SN-T-665484,SN-T-665484,SN-T-665484,SN-T-665484,Matched,TV-43U,TV-43U,TV-43U,TV-43U,ViewOptics Warranty Services,2023-07-01,2025-01-01,18,279,Active,Active,False,2024-03-10,2024-03-28,2024-02-18,,271,18,Main Board Defect,Smart hub system failure. Additional diagnostic evidence supplied.,None,False,False,False,True,Complex repair history with supporting diagnostics,1,False,0,False,True,True,True,True,True,True,True,,0,True,True,True,False,False,,False,False,False,False
CLM-166613,CUST-9608,PRD-109041,INV-39522801,,extended_warranty,train,Valid Claim,Smartphone,MobileX,SP-200,Mobile Hub,2024-01-02,3355.91,True,SN-S-676884,SN-S-676884,SN-S-676884,SN-S-676884,SN-S-676884,Matched,SP-200,SP-200,SP-200,SP-200,MobileX Warranty Services,2024-01-02,2026-01-02,24,532,Active,Active,True,2024-07-02,2024-07-19,,,199,17,Manufacturing Defect,Internal motherboard defect causing bootloop.,None,False,False,False,True,No previous repairs,0,False,0,False,True,True,True,True,True,True,True,,0,True,True,True,False,False,,False,False,False,False
CLM-166632,CUST-2385,PRD-593594,INV-48366253,,invalid_receipt,train,Invalid Claim,Smartphone,TechCorp,SP-100,Mobile Hub,2023-04-06,2006.44,False,SN-S-351696,SN-S-351696,SN-S-351696,SN-S-351696,SN-S-351696,Matched,SP-100,SP-100,SP-100,SP-100,TechCorp Warranty Services,2023-04-06,2024-04-06,12,330,Active,Active,False,2023-04-28,2023-05-12,,,36,14,Screen Defect (Non-Impact),Touch failure or dead pixels with no physical drop.,None,False,False,False,True,No previous repairs,0,False,0,False,True,False,True,True,True,True,True,,0,False,False,True,False,False,,False,True,False,False
CLM-168076,CUST-2460,PRD-248758,INV-55665951,,invalid_receipt,train,Invalid Claim,Laptop,ProBook,LP-500,PC World,2023-10-25,2630.95,False,SN-L-221309,SN-L-221309,SN-L-221309,SN-L-221309,SN-L-221309,Matched,LP-500,LP-500,LP-500,LP-500,ProBook Warranty Services,2023-10-25,2025-10-25,24,645,Active,Active,False,2023-12-13,2024-01-19,,,86,37,Motherboard Defect,Component failure on main board.,None,False,False,False,True,No previous repairs,0,False,0,False,True,False,True,True,True,True,True,,0,False,False,True,False,False,,False,True,False,False
CLM-169315,CUST-1867,PRD-640055,INV-58096857,,contradictory_information,train,Manual Review,Smartphone,TechCorp,SP-X,Mobile Hub,2023-05-28,2117.95,True,SN-S-526919,SN-S-526919,SN-S-526919,SN-S-526919,SN-S-526919,Matched,SP-X,SP-X,SP-X,SP-X,TechCorp Warranty Services,2023-05-28,2024-05-28,12,245,Active,Active,False,2023-09-23,2023-09-26,2023-05-07,,121,3,Battery Manufacturing Defect,Battery swelling or sudden degradation.,None,False,False,False,True,Conflicting repair record predates purchase,1,False,0,False,True,True,True,True,True,True,True,,0,False,False,True,False,True,Repair date before purchase date,False,False,False,True
CLM-169558,CUST-7358,PRD-382406,INV-73038607,,extended_warranty,train,Valid Claim,Television,ViewOptics,TV-43U,Home Screen,2023-07-31,3224.97,True,SN-T-801062,SN-T-801062,SN-T-801062,SN-T-801062,SN-T-801062,Matched,TV-43U,TV-43U,TV-43U,TV-43U,ViewOptics Warranty Services,2023-07-31,2026-01-31,30,682,Active,Active,True,2024-02-20,2024-03-20,,,233,29,Main Board Defect,Smart hub system failure.,None,False,False,False,True,No previous repairs,0,False,0,False,True,True,True,True,True,True,True,,0,True,True,True,False,False,,False,False,False,False
CLM-169656,CUST-1491,PRD-179918,INV-76780754,DUP-643791,duplicate_claim,train,Manual Review,Laptop,ProBook,LP-Pro,Digital Bazaar,2024-01-09,833.66,True,SN-L-290436,SN-L-290436,SN-L-290436,SN-L-290436,SN-L-290436,Matched,LP-Pro,LP-Pro,LP-Pro,LP-Pro,ProBook Warranty Services,2024-01-09,2026-01-09,24,602,Active,Active,False,2024-04-21,2024-05-17,,,129,26,Motherboard Defect,Component failure on main board.,None,False,False,False,True,No previous repairs,0,False,0,False,True,True,True,True,True,True,True,,0,True,True,True,True,False,,False,False,False,True
CLM-169713,CUST-7563,PRD-445512,INV-17408103,,expired_warranty,train,Invalid Claim,Laptop,UltraTech,LP-500,Digital Bazaar,2024-01-03,2268.11,True,SN-L-661307,SN-L-661307,SN-L-661307,SN-L-661307,SN-L-661307,Matched,LP-500,LP-500,LP-500,LP-500,UltraTech Warranty Services,2024-01-03,2026-01-03,24,-52,Expired,Expired,False,2026-01-31,2026-02-24,,,783,24,Display Failure,Backlight failure without screen crack.,None,False,False,False,True,No previous repairs,0,False,0,False,True,True,True,True,True,True,True,,0,True,True,True,False,False,,False,True,False,False
CLM-169916,CUST-9797,PRD-449727,INV-45812670,,standard_covered,train,Valid Claim,Smartphone,MobileX,SP-X,City Electronics,2023-09-15,2724.81,True,SN-S-654816,SN-S-654816,SN-S-654816,SN-S-654816,SN-S-654816,Matched,SP-X,SP-X,SP-X,SP-X,MobileX Warranty Services,2023-09-15,2024-09-15,12,277,Active,Active,False,2023-12-02,2023-12-13,,,89,11,Manufacturing Defect,Internal motherboard defect causing bootloop.,None,False,False,False,True,No previous repairs,0,False,0,False,True,True,True,True,True,True,True,,0,True,True,True,False,False,,False,False,False,False
CLM-172469,CUST-4534,PRD-520142,INV-76441201,,invalid_receipt,train,Invalid Claim,Television,ViewOptics,TV-55OLED,Electro Store,2023-05-07,1126.51,False,SN-T-822049,SN-T-822049,SN-T-822049,SN-T-822049,SN-T-822049,Matched,TV-55OLED,TV-55OLED,TV-55OLED,TV-55OLED,ViewOptics Warranty Services,2023-05-07,2024-11-07,18,489,Active,Active,False,2023-06-11,2023-07-07,,,61,26,Power Supply Failure,Internal power board failure.,None,False,False,False,True,No previous repairs,0,False,0,False,True,False,True,True,True,True,True,,0,False,False,True,False,False,,False,True,False,False
CLM-174615,CUST-5992,PRD-438326,INV-73791651,,serial_mismatch,train,Manual Review,Smartphone,MobileX,SP-X,City Electronics,2023-10-26,2538.81,True,SN-S-848476,SN-S-409203,SN-S-848476,SN-S-848476,SN-S-848476,Mismatch,SP-X,SP-X,SP-X,SP-X,MobileX Warranty Services,2023-10-26,2024-10-26,12,243,Active,Active,False,2024-02-04,2024-02-26,,,123,22,Battery Manufacturing Defect,Battery swelling or sudden degradation.,None,False,False,False,True,No previous repairs,0,False,0,False,True,True,True,True,True,True,True,,0,False,False,True,False,True,Conflicting serial numbers,False,False,False,True
CLM-175604,CUST-6989,PRD-780562,INV-92357282,DUP-100756,duplicate_claim,train,Manual Review,Television,ViewOptics,TV-55OLED,Vision Retail,2023-05-12,2389.25,True,SN-T-369338,SN-T-369338,SN-T-369338,SN-T-369338,SN-T-369338,Matched,TV-55OLED,TV-55OLED,TV-55OLED,TV-55OLED,ViewOptics Warranty Services,2023-05-12,2024-11-12,18,250,Active,Active,False,2024-03-03,2024-03-07,,,300,4,Power Supply Failure,Internal power board failure.,None,False,False,False,True,No previous repairs,0,False,0,False,True,True,True,True,True,True,True,,0,True,True,True,True,False,,False,False,False,True
CLM-175672,CUST-5998,PRD-106070,INV-71230621,,unauthorized_repair,train,Invalid Claim,Laptop,OmniLap,LP-500,PC World,2023-04-24,954.5,True,SN-L-786680,SN-L-786680,SN-L-786680,SN-L-786680,SN-L-786680,Matched,LP-500,LP-500,LP-500,LP-500,OmniLap Warranty Services,2023-04-24,2025-04-24,24,634,Active,Active,False,2023-06-26,2023-07-30,,,97,34,Display Failure,Backlight failure without screen crack.,Unauthorized Modification,False,False,True,False,Unauthorized repair reported,0,False,0,False,True,True,True,True,True,True,True,,0,True,True,True,False,False,,False,True,False,True
CLM-175868,CUST-8175,PRD-744149,INV-35429494,,expired_warranty,train,Invalid Claim,Smartphone,ApexPhone,SP-200,TechMart,2024-01-03,618.81,True,SN-S-761249,SN-S-761249,SN-S-761249,SN-S-761249,SN-S-761249,Matched,SP-200,SP-200,SP-200,SP-200,ApexPhone Warranty Services,2024-01-03,2025-01-03,12,-35,Expired,Expired,False,2025-01-14,2025-02-07,,,401,24,Charging Port Failure,Charging connector failure under normal usage.,None,False,False,False,True,No previous repairs,0,False,0,False,True,True,True,True,True,True,True,,0,True,True,True,False,False,,False,True,False,False
CLM-175885,CUST-9008,PRD-100089,INV-89731181,,previous_authorized_repair,train,Valid Claim,Smartphone,MobileX,SP-X,TechMart,2023-02-01,1644.45,True,SN-S-814263,SN-S-814263,SN-S-814263,SN-S-814263,SN-S-814263,Matched,SP-X,SP-X,SP-X,SP-X,MobileX Warranty Services,2023-02-01,2024-02-01,12,127,Active,Active,False,2023-08-30,2023-09-27,2023-08-07,,238,28,Screen Defect (Non-Impact),Touch failure or dead pixels with no physical drop.,None,False,False,False,True,One or more authorized repairs,1,False,0,False,True,True,True,True,True,True,True,,0,True,True,True,False,False,,False,False,False,False
CLM-177503,CUST-2298,PRD-434372,INV-12550658,,standard_covered,train,Valid Claim,Smartphone,MobileX,SP-X,TechMart,2024-04-25,1007.35,True,SN-S-895702,SN-S-895702,SN-S-895702,SN-S-895702,SN-S-895702,Matched,SP-X,SP-X,SP-X,SP-X,MobileX Warranty Services,2024-04-25,2025-04-25,12,316,Active,Active,False,2024-05-17,2024-06-13,,,49,27,Charging Port Failure,Charging connector failure under normal usage.,None,False,False,False,True,No previous repairs,0,False,0,False,True,True,True,True,True,True,True,,0,True,True,True,False,False,,False,False,False,False
CLM-178315,CUST-6966,PRD-396866,INV-48260712,,expired_warranty,train,Invalid Claim,Smartphone,MobileX,SP-200,TechMart,2024-11-17,852.13,True,SN-S-267520,SN-S-267520,SN-S-267520,SN-S-267520,SN-S-267520,Matched,SP-200,SP-200,SP-200,SP-200,MobileX Warranty Services,2024-11-17,2025-11-17,12,-110,Expired,Expired,False,2026-02-15,2026-03-07,,,475,20,Manufacturing Defect,Internal motherboard defect causing bootloop.,None,False,False,False,True,No previous repairs,0,False,0,False,True,True,True,True,True,True,True,,0,True,True,True,False,False,,False,True,False,False
CLM-178697,CUST-3455,PRD-400533,INV-32083803,,near_expiry_boundary,train,Valid Claim,Laptop,OmniLap,LP-500,OfficeDirect,2024-07-14,1249.19,True,SN-L-969032,SN-L-969032,SN-L-969032,SN-L-969032,SN-L-969032,Matched,LP-500,LP-500,LP-500,LP-500,OmniLap Warranty Services,2024-07-14,2026-07-14,24,13,Active,Active,False,2026-06-27,2026-07-01,,,717,4,Keyboard Failure,Multiple keys non-functional.,None,False,False,False,True,No previous repairs,0,False,0,False,True,True,True,True,True,True,True,,0,True,True,True,False,False,,False,False,True,False
CLM-179049,CUST-6891,PRD-408200,INV-64764506,,missing_mandatory_document,train,Manual Review,Laptop,OmniLap,LP-Pro,OfficeDirect,2023-02-04,2053.79,True,SN-L-313426,SN-L-313426,SN-L-313426,SN-L-313426,SN-L-313426,Matched,LP-Pro,LP-Pro,LP-Pro,LP-Pro,OmniLap Warranty Services,2023-02-04,2025-02-04,24,704,Active,Active,False,2023-02-26,2023-03-03,,,27,5,Keyboard Failure,Multiple keys non-functional.,None,False,False,False,True,No previous repairs,0,False,0,False,True,True,True,True,False,True,False,Serial Number Photo|Technical Diagnostic Report,2,False,False,True,False,False,,False,False,False,True
CLM-179194,CUST-6004,PRD-625580,INV-96267144,,previous_authorized_repair,train,Valid Claim,Smartphone,TechCorp,SP-X,TechMart,2023-01-09,1072.52,True,SN-S-730343,SN-S-730343,SN-S-730343,SN-S-730343,SN-S-730343,Matched,SP-X,SP-X,SP-X,SP-X,TechCorp Warranty Services,2023-01-09,2024-01-09,12,187,Active,Active,False,2023-06-07,2023-07-06,2023-05-22,,178,29,Screen Defect (Non-Impact),Touch failure or dead pixels with no physical drop.,None,False,False,False,True,One or more authorized repairs,1,False,0,False,True,True,True,True,True,True,True,,0,True,True,True,False,False,,False,False,False,False
CLM-179833,CUST-5300,PRD-984078,INV-64544939,,borderline_reporting,train,Manual Review,Smartphone,TechCorp,SP-100,Mobile Hub,2024-02-28,349.9,True,SN-S-890011,SN-S-890011,SN-S-890011,SN-S-890011,SN-S-890011,Matched,SP-100,SP-100,SP-100,SP-100,TechCorp Warranty Services,2024-02-28,2025-02-28,12,0,Active,Active,False,2025-02-26,2025-02-28,,,366,2,Battery Manufacturing Defect,Battery swelling or sudden degradation.,None,False,False,False,True,Claim submitted on warranty expiry boundary,0,False,0,False,True,True,True,True,True,True,True,,0,True,True,True,False,False,,False,False,True,True
CLM-180912,CUST-2956,PRD-249531,INV-17522634,,serial_mismatch,train,Manual Review,Laptop,OmniLap,LP-Pro,OfficeDirect,2023-05-15,1635.32,True,SN-L-992278,SN-L-429500,SN-L-992278,SN-L-992278,SN-L-992278,Mismatch,LP-Pro,LP-Pro,LP-Pro,LP-Pro,OmniLap Warranty Services,2023-05-15,2025-05-15,24,493,Active,Active,False,2024-01-04,2024-01-08,,,238,4,Motherboard Defect,Component failure on main board.,None,False,False,False,True,No previous repairs,0,False,0,False,True,True,True,True,True,True,True,,0,False,False,True,False,True,Conflicting serial numbers,False,False,False,True
CLM-181386,CUST-7337,PRD-207883,INV-74512027,,serial_mismatch,train,Manual Review,Television,ViewOptics,TV-65Q,Home Screen,2023-06-04,266.67,True,SN-T-546390,SN-T-288238,SN-T-546390,SN-T-546390,SN-T-546390,Mismatch,TV-65Q,TV-65Q,TV-65Q,TV-65Q,ViewOptics Warranty Services,2023-06-04,2024-12-04,18,356,Active,Active,False,2023-11-30,2023-12-14,,,193,14,Power Supply Failure,Internal power board failure.,None,False,False,False,True,No previous repairs,0,False,0,False,True,True,True,True,True,True,True,,0,False,False,True,False,True,Conflicting serial numbers,False,False,False,True
CLM-183562,CUST-4681,PRD-415734,INV-18593410,,standard_covered,train,Valid Claim,Smartphone,ApexPhone,SP-200,City Electronics,2024-04-07,1282.59,True,SN-S-642717,SN-S-642717,SN-S-642717,SN-S-642717,SN-S-642717,Matched,SP-200,SP-200,SP-200,SP-200,ApexPhone Warranty Services,2024-04-07,2025-04-07,12,200,Active,Active,False,2024-08-31,2024-09-19,,,165,19,Manufacturing Defect,Internal motherboard defect causing bootloop.,None,False,False,False,True,No previous repairs,0,False,0,False,True,True,True,True,True,True,True,,0,True,True,True,False,False,,False,False,False,False
CLM-183715,CUST-1476,PRD-893701,INV-75103838,,expired_warranty,train,Invalid Claim,Laptop,UltraTech,LP-500,OfficeDirect,2023-02-23,1874.93,True,SN-L-876383,SN-L-876383,SN-L-876383,SN-L-876383,SN-L-876383,Matched,LP-500,LP-500,LP-500,LP-500,UltraTech Warranty Services,2023-02-23,2025-02-23,24,-94,Expired,Expired,False,2025-04-29,2025-05-28,,,825,29,Keyboard Failure,Multiple keys non-functional.,None,False,False,False,True,No previous repairs,0,False,0,False,True,True,True,True,True,True,True,,0,True,True,True,False,False,,False,True,False,False
CLM-185253,CUST-9528,PRD-721901,INV-18962912,,service_center_unclear,train,Manual Review,Smartphone,MobileX,SP-200,TechMart,2024-02-24,926.58,True,SN-S-340216,SN-S-340216,SN-S-340216,SN-S-340216,SN-S-340216,Matched,SP-200,SP-200,SP-200,SP-200,MobileX Warranty Services,2024-02-24,2025-02-24,12,255,Active,Active,False,2024-06-12,2024-06-14,2024-05-23,,111,2,Battery Manufacturing Defect,Battery swelling or sudden degradation.,None,False,False,False,False,Service-center authorization is unclear,1,False,0,False,True,True,True,True,True,True,True,,0,True,True,True,False,False,,False,False,False,True
CLM-186403,CUST-2676,PRD-143001,INV-27005934,,serial_mismatch,train,Manual Review,Television,VisionMax,TV-43U,Electro Store,2023-10-14,2819.56,True,SN-T-326955,SN-T-776153,SN-T-326955,SN-T-326955,SN-T-326955,Mismatch,TV-43U,TV-43U,TV-43U,TV-43U,VisionMax Warranty Services,2023-10-14,2025-04-14,18,375,Active,Active,False,2024-03-16,2024-04-04,,,173,19,Display Panel Defect,Internal panel line defect.,None,False,False,False,True,No previous repairs,0,False,0,False,True,True,True,True,True,True,True,,0,False,False,True,False,True,Conflicting serial numbers,False,False,False,True
CLM-187035,CUST-9185,PRD-999281,INV-28048483,,complex_covered,train,Valid Claim,Laptop,ProBook,LP-Pro,OfficeDirect,2023-01-10,3485.13,True,SN-L-595962,SN-L-595962,SN-L-595962,SN-L-595962,SN-L-595962,Matched,LP-Pro,LP-Pro,LP-Pro,LP-Pro,ProBook Warranty Services,2023-01-10,2025-01-10,24,455,Active,Active,False,2023-09-02,2023-10-13,2023-08-08,,276,41,Keyboard Failure,Multiple keys non-functional. Additional diagnostic evidence supplied.,None,False,False,False,True,Complex repair history with supporting diagnostics,2,False,0,False,True,True,True,True,True,True,True,,0,True,True,True,False,False,,False,False,False,False
CLM-187071,CUST-7522,PRD-929904,INV-28531242,,complex_covered,train,Valid Claim,Smartphone,MobileX,SP-X,Mobile Hub,2023-09-17,3014.25,True,SN-S-607259,SN-S-607259,SN-S-607259,SN-S-607259,SN-S-607259,Matched,SP-X,SP-X,SP-X,SP-X,MobileX Warranty Services,2023-09-17,2024-09-17,12,148,Active,Active,False,2024-03-31,2024-04-22,,,218,22,Battery Manufacturing Defect,Battery swelling or sudden degradation. Additional diagnostic evidence supplied.,None,False,False,False,True,Complex repair history with supporting diagnostics,0,False,0,False,True,True,True,True,True,True,True,,0,True,True,True,False,False,,False,False,False,False
CLM-187757,CUST-6487,PRD-605583,INV-42028739,,excluded_damage,train,Invalid Claim,Laptop,ProBook,LP-Pro,Digital Bazaar,2023-03-10,1957.77,True,SN-L-839113,SN-L-839113,SN-L-839113,SN-L-839113,SN-L-839113,Matched,LP-Pro,LP-Pro,LP-Pro,LP-Pro,ProBook Warranty Services,2023-03-10,2025-03-10,24,643,Active,Active,False,2023-05-22,2023-06-06,,,88,15,Liquid Damage,Liquid spill marks internal.,Liquid Contact,False,True,False,True,No previous repairs,0,False,0,False,True,True,True,True,True,True,True,,0,True,True,True,False,False,,False,True,False,False
CLM-188403,CUST-8483,PRD-749264,INV-83989546,,standard_covered,train,Valid Claim,Laptop,OmniLap,LP-Pro,PC World,2024-05-09,634.55,True,SN-L-535673,SN-L-535673,SN-L-535673,SN-L-535673,SN-L-535673,Matched,LP-Pro,LP-Pro,LP-Pro,LP-Pro,OmniLap Warranty Services,2024-05-09,2026-05-09,24,573,Active,Active,False,2024-09-30,2024-10-13,,,157,13,Factory SSD Failure,Primary storage failure.,None,False,False,False,True,No previous repairs,0,False,0,False,True,True,True,True,True,True,True,,0,True,True,True,False,False,,False,False,False,False
CLM-189131,CUST-8662,PRD-901616,INV-45010146,,serial_mismatch,train,Manual Review,Smartphone,ApexPhone,SP-200,TechMart,2023-08-04,255.35,True,SN-S-638205,SN-S-642145,SN-S-638205,SN-S-638205,SN-S-638205,Mismatch,SP-200,SP-200,SP-200,SP-200,ApexPhone Warranty Services,2023-08-04,2024-08-04,12,231,Active,Active,False,2023-12-13,2023-12-17,,,135,4,Battery Manufacturing Defect,Battery swelling or sudden degradation.,None,False,False,False,True,No previous repairs,0,False,0,False,True,True,True,True,True,True,True,,0,False,False,True,False,True,Conflicting serial numbers,False,False,False,True
CLM-190620,CUST-3229,PRD-488744,INV-10412827,,excluded_damage,train,Invalid Claim,Television,CineDisplay,TV-43U,Home Screen,2024-10-18,1492.22,True,SN-T-772528,SN-T-772528,SN-T-772528,SN-T-772528,SN-T-772528,Matched,TV-43U,TV-43U,TV-43U,TV-43U,CineDisplay Warranty Services,2024-10-18,2026-04-18,18,428,Active,Active,False,2025-01-26,2025-02-14,,,119,19,Electrical Surge,High voltage power surge damage.,Electrical Surge,False,False,False,True,No previous repairs,0,False,0,False,True,True,True,True,True,True,True,,0,True,True,True,False,False,,False,True,False,False
CLM-191239,CUST-6371,PRD-348937,INV-86870944,DUP-718458,duplicate_claim,train,Manual Review,Television,ViewOptics,TV-65Q,Home Screen,2023-04-01,1981.06,True,SN-T-689128,SN-T-689128,SN-T-689128,SN-T-689128,SN-T-689128,Matched,TV-65Q,TV-65Q,TV-65Q,TV-65Q,ViewOptics Warranty Services,2023-04-01,2024-10-01,18,382,Active,Active,False,2023-08-24,2023-09-15,,,167,22,Power Supply Failure,Internal power board failure.,None,False,False,False,True,No previous repairs,0,False,0,False,True,True,True,True,True,True,True,,0,True,True,True,True,False,,False,False,False,True
CLM-192726,CUST-7834,PRD-567944,INV-10761353,DUP-969512,duplicate_claim,train,Manual Review,Television,CineDisplay,TV-55OLED,Vision Retail,2024-03-11,2703.45,True,SN-T-422979,SN-T-422979,SN-T-422979,SN-T-422979,SN-T-422979,Matched,TV-55OLED,TV-55OLED,TV-55OLED,TV-55OLED,CineDisplay Warranty Services,2024-03-11,2025-09-11,18,315,Active,Active,False,2024-10-18,2024-10-31,,,234,13,Main Board Defect,Smart hub system failure.,None,False,False,False,True,No previous repairs,0,False,0,False,True,True,True,True,True,True,True,,0,True,True,True,True,False,,False,False,False,True
CLM-192915,CUST-2111,PRD-253734,INV-84804948,,expired_warranty,train,Invalid Claim,Laptop,ProBook,LP-900,OfficeDirect,2024-08-01,1935.42,True,SN-L-788108,SN-L-788108,SN-L-788108,SN-L-788108,SN-L-788108,Matched,LP-900,LP-900,LP-900,LP-900,ProBook Warranty Services,2024-08-01,2026-08-01,24,-73,Expired,Expired,False,2026-09-22,2026-10-13,,,803,21,Keyboard Failure,Multiple keys non-functional.,None,False,False,False,True,No previous repairs,0,False,0,False,True,True,True,True,True,True,True,,0,True,True,True,False,False,,False,True,False,False
CLM-195049,CUST-1043,PRD-999038,INV-64830300,,standard_covered,train,Valid Claim,Smartphone,TechCorp,SP-100,TechMart,2024-07-19,1659.19,True,SN-S-282256,SN-S-282256,SN-S-282256,SN-S-282256,SN-S-282256,Matched,SP-100,SP-100,SP-100,SP-100,TechCorp Warranty Services,2024-07-19,2025-07-19,12,245,Active,Active,False,2024-10-27,2024-11-16,,,120,20,Manufacturing Defect,Internal motherboard defect causing bootloop.,None,False,False,False,True,No previous repairs,0,False,0,False,True,True,True,True,True,True,True,,0,True,True,True,False,False,,False,False,False,False
CLM-196485,CUST-1230,PRD-991207,INV-53246714,,previous_authorized_repair,train,Valid Claim,Television,ViewOptics,TV-55OLED,Home Screen,2024-06-30,2685.44,True,SN-T-139557,SN-T-139557,SN-T-139557,SN-T-139557,SN-T-139557,Matched,TV-55OLED,TV-55OLED,TV-55OLED,TV-55OLED,ViewOptics Warranty Services,2024-06-30,2025-12-30,18,320,Active,Active,False,2025-01-27,2025-02-13,2025-01-22,,228,17,Display Panel Defect,Internal panel line defect.,None,False,False,False,True,One or more authorized repairs,1,False,0,False,True,True,True,True,True,True,True,,0,True,True,True,False,False,,False,False,False,False
CLM-196573,CUST-8215,PRD-942078,INV-28039586,DUP-196598,duplicate_claim,train,Manual Review,Laptop,UltraTech,LP-500,OfficeDirect,2024-04-20,3020.67,True,SN-L-598796,SN-L-598796,SN-L-598796,SN-L-598796,SN-L-598796,Matched,LP-500,LP-500,LP-500,LP-500,UltraTech Warranty Services,2024-04-20,2026-04-20,24,395,Active,Active,False,2025-02-08,2025-03-21,,,335,41,Factory SSD Failure,Primary storage failure.,None,False,False,False,True,No previous repairs,0,False,0,False,True,True,True,True,True,True,True,,0,True,True,True,True,False,,False,False,False,True
CLM-196589,CUST-4429,PRD-880361,INV-32561918,,serial_mismatch,train,Manual Review,Smartphone,MobileX,SP-200,Mobile Hub,2024-08-29,158.95,True,SN-S-909478,SN-S-326957,SN-S-909478,SN-S-909478,SN-S-909478,Mismatch,SP-200,SP-200,SP-200,SP-200,MobileX Warranty Services,2024-08-29,2025-08-29,12,95,Active,Active,False,2025-05-18,2025-05-26,,,270,8,Battery Manufacturing Defect,Battery swelling or sudden degradation.,None,False,False,False,True,No previous repairs,0,False,0,False,True,True,True,True,True,True,True,,0,False,False,True,False,True,Conflicting serial numbers,False,False,False,True
CLM-196751,CUST-1054,PRD-586530,INV-81493180,,serial_mismatch,train,Manual Review,Television,ViewOptics,TV-55OLED,Vision Retail,2023-07-01,2930.05,True,SN-T-264592,SN-T-586561,SN-T-264592,SN-T-264592,SN-T-264592,Mismatch,TV-55OLED,TV-55OLED,TV-55OLED,TV-55OLED,ViewOptics Warranty Services,2023-07-01,2025-01-01,18,358,Active,Active,False,2023-12-15,2024-01-09,,,192,25,Power Supply Failure,Internal power board failure.,None,False,False,False,True,No previous repairs,0,False,0,False,True,True,True,True,True,True,True,,0,False,False,True,False,True,Conflicting serial numbers,False,False,False,True
CLM-197183,CUST-5634,PRD-538327,INV-61998170,,standard_covered,train,Valid Claim,Laptop,UltraTech,LP-Pro,Digital Bazaar,2023-06-12,1519.38,True,SN-L-739427,SN-L-739427,SN-L-739427,SN-L-739427,SN-L-739427,Matched,LP-Pro,LP-Pro,LP-Pro,LP-Pro,UltraTech Warranty Services,2023-06-12,2025-06-12,24,499,Active,Active,False,2024-01-08,2024-01-30,,,232,22,Display Failure,Backlight failure without screen crack.,None,False,False,False,True,No previous repairs,0,False,0,False,True,True,True,True,True,True,True,,0,True,True,True,False,False,,False,False,False,False
CLM-197762,CUST-1324,PRD-719484,INV-61193233,,invalid_receipt,train,Invalid Claim,Laptop,UltraTech,LP-Pro,Digital Bazaar,2024-03-19,1581.78,False,SN-L-870627,SN-L-870627,SN-L-870627,SN-L-870627,SN-L-870627,Matched,LP-Pro,LP-Pro,LP-Pro,LP-Pro,UltraTech Warranty Services,2024-03-19,2026-03-19,24,595,Active,Active,False,2024-06-23,2024-08-01,,,135,39,Keyboard Failure,Multiple keys non-functional.,None,False,False,False,True,No previous repairs,0,False,0,False,True,False,True,True,True,True,True,,0,False,False,True,False,False,,False,True,False,False
CLM-199361,CUST-1865,PRD-394635,INV-19157497,,excluded_damage,train,Invalid Claim,Smartphone,MobileX,SP-200,TechMart,2023-05-18,1818.75,True,SN-S-758894,SN-S-758894,SN-S-758894,SN-S-758894,SN-S-758894,Matched,SP-200,SP-200,SP-200,SP-200,MobileX Warranty Services,2023-05-18,2024-05-18,12,229,Active,Active,False,2023-09-12,2023-10-02,,,137,20,Physical Damage,Cracked screen or casing from impact.,Physical Impact,True,False,False,True,No previous repairs,0,False,0,False,True,True,True,True,True,True,True,,0,True,True,True,False,False,,False,True,False,False
CLM-199845,CUST-6143,PRD-436214,INV-58483417,DUP-373383,duplicate_claim,train,Manual Review,Smartphone,ApexPhone,SP-X,City Electronics,2023-01-23,3182.1,True,SN-S-823066,SN-S-823066,SN-S-823066,SN-S-823066,SN-S-823066,Matched,SP-X,SP-X,SP-X,SP-X,ApexPhone Warranty Services,2023-01-23,2024-01-23,12,296,Active,Active,False,2023-03-18,2023-04-02,,,69,15,Screen Defect (Non-Impact),Touch failure or dead pixels with no physical drop.,None,False,False,False,True,No previous repairs,0,False,0,False,True,True,True,True,True,True,True,,0,True,True,True,True,False,,False,False,False,True
CLM-200249,CUST-3384,PRD-701251,INV-95928388,,late_reporting,train,Invalid Claim,Television,VisionMax,TV-55OLED,Vision Retail,2024-07-12,865.12,True,SN-T-140141,SN-T-140141,SN-T-140141,SN-T-140141,SN-T-140141,Matched,TV-55OLED,TV-55OLED,TV-55OLED,TV-55OLED,VisionMax Warranty Services,2024-07-12,2026-01-12,18,495,Active,Active,False,2024-08-01,2024-09-04,,,54,34,Display Panel Defect,Internal panel line defect.,None,False,False,False,True,No previous repairs,0,False,0,False,True,True,True,True,True,True,True,,0,True,True,False,False,False,,False,True,False,False
CLM-200493,CUST-9074,PRD-733764,INV-55523530,,excluded_damage,train,Invalid Claim,Smartphone,ApexPhone,SP-100,Mobile Hub,2023-09-24,3090.95,True,SN-S-288085,SN-S-288085,SN-S-288085,SN-S-288085,SN-S-288085,Matched,SP-100,SP-100,SP-100,SP-100,ApexPhone Warranty Services,2023-09-24,2024-09-24,12,242,Active,Active,False,2024-01-03,2024-01-26,,,124,23,Physical Damage,Cracked screen or casing from impact.,Physical Impact,True,False,False,True,No previous repairs,0,False,0,False,True,True,True,True,True,True,True,,0,True,True,True,False,False,,False,True,False,False
CLM-200839,CUST-2594,PRD-673344,INV-71228059,,expired_warranty,train,Invalid Claim,Laptop,OmniLap,LP-Pro,OfficeDirect,2023-06-26,2197.61,True,SN-L-115063,SN-L-115063,SN-L-115063,SN-L-115063,SN-L-115063,Matched,LP-Pro,LP-Pro,LP-Pro,LP-Pro,OmniLap Warranty Services,2023-06-26,2025-06-26,24,-28,Expired,Expired,False,2025-07-17,2025-07-24,,,759,7,Motherboard Defect,Component failure on main board.,None,False,False,False,True,No previous repairs,0,False,0,False,True,True,True,True,True,True,True,,0,True,True,True,False,False,,False,True,False,False
CLM-202045,CUST-8657,PRD-445495,INV-13968089,,serial_mismatch,train,Manual Review,Smartphone,ApexPhone,SP-X,City Electronics,2023-10-26,672.27,True,SN-S-418801,SN-S-274833,SN-S-418801,SN-S-418801,SN-S-418801,Mismatch,SP-X,SP-X,SP-X,SP-X,ApexPhone Warranty Services,2023-10-26,2024-10-26,12,96,Active,Active,False,2024-07-03,2024-07-22,,,270,19,Battery Manufacturing Defect,Battery swelling or sudden degradation.,None,False,False,False,True,No previous repairs,0,False,0,False,True,True,True,True,True,True,True,,0,False,False,True,False,True,Conflicting serial numbers,False,False,False,True
CLM-202075,CUST-1259,PRD-918950,INV-46871774,DUP-168477,duplicate_claim,train,Manual Review,Laptop,UltraTech,LP-Pro,PC World,2023-03-28,2594.26,True,SN-L-340500,SN-L-340500,SN-L-340500,SN-L-340500,SN-L-340500,Matched,LP-Pro,LP-Pro,LP-Pro,LP-Pro,UltraTech Warranty Services,2023-03-28,2025-03-28,24,449,Active,Active,False,2023-12-14,2024-01-04,,,282,21,Factory SSD Failure,Primary storage failure.,None,False,False,False,True,No previous repairs,0,False,0,False,True,True,True,True,True,True,True,,0,True,True,True,True,False,,False,False,False,True
CLM-203685,CUST-9972,PRD-790141,INV-11419753,,expired_warranty,train,Invalid Claim,Laptop,OmniLap,LP-Pro,OfficeDirect,2023-12-12,2403.89,True,SN-L-645209,SN-L-645209,SN-L-645209,SN-L-645209,SN-L-645209,Matched,LP-Pro,LP-Pro,LP-Pro,LP-Pro,OmniLap Warranty Services,2023-12-12,2025-12-12,24,-35,Expired,Expired,False,2025-12-20,2026-01-16,,,766,27,Keyboard Failure,Multiple keys non-functional.,None,False,False,False,True,No previous repairs,0,False,0,False,True,True,True,True,True,True,True,,0,True,True,True,False,False,,False,True,False,False
CLM-204531,CUST-9292,PRD-238264,INV-50074450,,invalid_receipt,train,Invalid Claim,Television,VisionMax,TV-43U,Electro Store,2023-02-05,1367.92,False,SN-T-369232,SN-T-369232,SN-T-369232,SN-T-369232,SN-T-369232,Matched,TV-43U,TV-43U,TV-43U,TV-43U,VisionMax Warranty Services,2023-02-05,2024-08-05,18,470,Active,Active,False,2023-04-09,2023-04-23,,,77,14,Display Panel Defect,Internal panel line defect.,None,False,False,False,True,No previous repairs,0,False,0,False,True,False,True,True,True,True,True,,0,False,False,True,False,False,,False,True,False,False
CLM-205936,CUST-6724,PRD-307905,INV-39688703,,extended_warranty,train,Valid Claim,Laptop,ProBook,LP-Pro,OfficeDirect,2024-07-10,3109.38,True,SN-L-536135,SN-L-536135,SN-L-536135,SN-L-536135,SN-L-536135,Matched,LP-Pro,LP-Pro,LP-Pro,LP-Pro,ProBook Warranty Services,2024-07-10,2027-07-10,36,985,Active,Active,True,2024-09-15,2024-10-28,,,110,43,Factory SSD Failure,Primary storage failure.,None,False,False,False,True,No previous repairs,0,False,0,False,True,True,True,True,True,True,True,,0,True,True,True,False,False,,False,False,False,False
CLM-206187,CUST-4750,PRD-939279,INV-19046318,,standard_covered,train,Valid Claim,Laptop,OmniLap,LP-500,Digital Bazaar,2023-01-08,3183.16,True,SN-L-330914,SN-L-330914,SN-L-330914,SN-L-330914,SN-L-330914,Matched,LP-500,LP-500,LP-500,LP-500,OmniLap Warranty Services,2023-01-08,2025-01-08,24,659,Active,Active,False,2023-02-27,2023-03-21,,,72,22,Motherboard Defect,Component failure on main board.,None,False,False,False,True,No previous repairs,0,False,0,False,True,True,True,True,True,True,True,,0,True,True,True,False,False,,False,False,False,False
CLM-206723,CUST-8734,PRD-193131,INV-47602351,,invalid_receipt,train,Invalid Claim,Smartphone,TechCorp,SP-100,Mobile Hub,2023-11-26,3193.41,False,SN-S-880931,SN-S-880931,SN-S-880931,SN-S-880931,SN-S-880931,Matched,SP-100,SP-100,SP-100,SP-100,TechCorp Warranty Services,2023-11-26,2024-11-26,12,230,Active,Active,False,2024-04-04,2024-04-10,,,136,6,Screen Defect (Non-Impact),Touch failure or dead pixels with no physical drop.,None,False,False,False,True,No previous repairs,0,False,0,False,True,False,True,True,True,True,True,,0,False,False,True,False,False,,False,True,False,False
CLM-207297,CUST-5842,PRD-870955,INV-73607213,,excluded_damage,train,Invalid Claim,Television,ViewOptics,TV-43U,Home Screen,2024-07-13,3151.52,True,SN-T-874368,SN-T-874368,SN-T-874368,SN-T-874368,SN-T-874368,Matched,TV-43U,TV-43U,TV-43U,TV-43U,ViewOptics Warranty Services,2024-07-13,2026-01-13,18,466,Active,Active,False,2024-09-08,2024-10-04,,,83,26,Liquid Damage,Liquid intrusion.,Liquid Contact,False,True,False,True,No previous repairs,0,False,0,False,True,True,True,True,True,True,True,,0,True,True,True,False,False,,False,True,False,False
CLM-207591,CUST-5143,PRD-770928,INV-85177493,,unauthorized_repair,train,Invalid Claim,Smartphone,ApexPhone,SP-X,City Electronics,2024-11-25,3108.39,True,SN-S-301170,SN-S-301170,SN-S-301170,SN-S-301170,SN-S-301170,Matched,SP-X,SP-X,SP-X,SP-X,ApexPhone Warranty Services,2024-11-25,2025-11-25,12,215,Active,Active,False,2025-04-03,2025-04-24,,,150,21,Manufacturing Defect,Internal motherboard defect causing bootloop.,Unauthorized Modification,False,False,True,False,Unauthorized repair reported,0,False,0,False,True,True,True,True,True,True,True,,0,True,True,True,False,False,,False,True,False,True
CLM-208104,CUST-2276,PRD-991730,INV-27810664,,near_expiry_boundary,train,Valid Claim,Television,CineDisplay,TV-43U,Electro Store,2023-01-02,2138.83,True,SN-T-199807,SN-T-199807,SN-T-199807,SN-T-199807,SN-T-199807,Matched,TV-43U,TV-43U,TV-43U,TV-43U,CineDisplay Warranty Services,2023-01-02,2024-07-02,18,9,Active,Active,False,2024-06-08,2024-06-23,,,538,15,Display Panel Defect,Internal panel line defect.,None,False,False,False,True,No previous repairs,0,False,0,False,True,True,True,True,True,True,True,,0,True,True,True,False,False,,False,False,True,False
CLM-208273,CUST-1871,PRD-270190,INV-71772215,,contradictory_information,train,Manual Review,Smartphone,ApexPhone,SP-X,Mobile Hub,2023-08-18,2223.0,True,SN-S-960962,SN-S-960962,SN-S-960962,SN-S-960962,SN-S-960962,Matched,SP-X,SP-X,SP-X,SP-X,ApexPhone Warranty Services,2023-08-18,2024-08-18,12,312,Active,Active,False,2023-10-05,2023-10-11,2023-08-13,,54,6,Charging Port Failure,Charging connector failure under normal usage.,None,False,False,False,True,Conflicting repair record predates purchase,1,False,0,False,True,True,True,True,True,True,True,,0,False,False,True,False,True,Repair date before purchase date,False,False,False,True
CLM-208768,CUST-2094,PRD-908538,INV-98082088,,borderline_reporting,train,Manual Review,Laptop,UltraTech,LP-Pro,Digital Bazaar,2024-07-24,771.46,True,SN-L-491451,SN-L-491451,SN-L-491451,SN-L-491451,SN-L-491451,Matched,LP-Pro,LP-Pro,LP-Pro,LP-Pro,UltraTech Warranty Services,2024-07-24,2026-07-24,24,0,Active,Active,False,2026-07-21,2026-07-24,,,730,3,Display Failure,Backlight failure without screen crack.,None,False,False,False,True,Claim submitted on warranty expiry boundary,0,False,0,False,True,True,True,True,True,True,True,,0,True,True,True,False,False,,False,False,True,True
CLM-208931,CUST-2106,PRD-388423,INV-89575878,,unauthorized_repair,train,Invalid Claim,Smartphone,ApexPhone,SP-200,Mobile Hub,2023-04-21,2794.55,True,SN-S-301831,SN-S-301831,SN-S-301831,SN-S-301831,SN-S-301831,Matched,SP-200,SP-200,SP-200,SP-200,ApexPhone Warranty Services,2023-04-21,2024-04-21,12,195,Active,Active,False,2023-10-04,2023-10-09,,,171,5,Manufacturing Defect,Internal motherboard defect causing bootloop.,Unauthorized Modification,False,False,True,False,Unauthorized repair reported,0,False,0,False,True,True,True,True,True,True,True,,0,True,True,True,False,False,,False,True,False,True
CLM-210337,CUST-7824,PRD-436893,INV-84797762,,near_expiry_boundary,train,Valid Claim,Laptop,UltraTech,LP-Pro,OfficeDirect,2024-04-19,1925.47,True,SN-L-944917,SN-L-944917,SN-L-944917,SN-L-944917,SN-L-944917,Matched,LP-Pro,LP-Pro,LP-Pro,LP-Pro,UltraTech Warranty Services,2024-04-19,2026-04-19,24,5,Active,Active,False,2026-04-09,2026-04-14,,,725,5,Motherboard Defect,Component failure on main board.,None,False,False,False,True,No previous repairs,0,False,0,False,True,True,True,True,True,True,True,,0,True,True,True,False,False,,False,False,True,False
CLM-212654,CUST-9747,PRD-279820,INV-48376603,,extended_warranty,train,Valid Claim,Smartphone,MobileX,SP-X,TechMart,2023-12-27,3089.55,True,SN-S-897730,SN-S-897730,SN-S-897730,SN-S-897730,SN-S-897730,Matched,SP-X,SP-X,SP-X,SP-X,MobileX Warranty Services,2023-12-27,2025-12-27,24,484,Active,Active,True,2024-08-16,2024-08-30,,,247,14,Charging Port Failure,Charging connector failure under normal usage.,None,False,False,False,True,No previous repairs,0,False,0,False,True,True,True,True,True,True,True,,0,True,True,True,False,False,,False,False,False,False
CLM-213259,CUST-4706,PRD-519403,INV-43644452,DUP-879286,duplicate_claim,train,Manual Review,Laptop,ProBook,LP-Pro,PC World,2024-09-21,768.5,True,SN-L-396012,SN-L-396012,SN-L-396012,SN-L-396012,SN-L-396012,Matched,LP-Pro,LP-Pro,LP-Pro,LP-Pro,ProBook Warranty Services,2024-09-21,2026-09-21,24,540,Active,Active,False,2025-02-15,2025-03-30,,,190,43,Motherboard Defect,Component failure on main board.,None,False,False,False,True,No previous repairs,0,False,0,False,True,True,True,True,True,True,True,,0,True,True,True,True,False,,False,False,False,True
CLM-214173,CUST-3003,PRD-629728,INV-52065222,,excluded_damage,train,Invalid Claim,Laptop,OmniLap,LP-Pro,Digital Bazaar,2024-05-23,1253.11,True,SN-L-364039,SN-L-364039,SN-L-364039,SN-L-364039,SN-L-364039,Matched,LP-Pro,LP-Pro,LP-Pro,LP-Pro,OmniLap Warranty Services,2024-05-23,2026-05-23,24,595,Active,Active,False,2024-09-19,2024-10-05,,,135,16,Unauthorized Modification,RAM/SSD force modification damage.,Unauthorized Modification,False,False,True,True,No previous repairs,0,False,0,False,True,True,True,True,True,True,True,,0,True,True,True,False,False,,False,True,False,False
CLM-215389,CUST-2113,PRD-972049,INV-31188015,,missing_mandatory_document,train,Manual Review,Laptop,ProBook,LP-500,PC World,2023-09-15,3393.18,True,SN-L-968376,SN-L-968376,SN-L-968376,SN-L-968376,SN-L-968376,Matched,LP-500,LP-500,LP-500,LP-500,ProBook Warranty Services,2023-09-15,2025-09-15,24,523,Active,Active,False,2024-04-05,2024-04-10,,,208,5,Factory SSD Failure,Primary storage failure.,None,False,False,False,True,No previous repairs,0,False,0,False,True,True,True,True,True,True,False,Technical Diagnostic Report,1,False,False,True,False,False,,False,False,False,True
CLM-215983,CUST-2612,PRD-412758,INV-25916596,,unauthorized_repair,train,Invalid Claim,Laptop,OmniLap,LP-Pro,Digital Bazaar,2023-03-22,389.02,True,SN-L-774920,SN-L-774920,SN-L-774920,SN-L-774920,SN-L-774920,Matched,LP-Pro,LP-Pro,LP-Pro,LP-Pro,OmniLap Warranty Services,2023-03-22,2025-03-22,24,559,Active,Active,False,2023-08-28,2023-09-10,,,172,13,Display Failure,Backlight failure without screen crack.,Unauthorized Modification,False,False,True,False,Unauthorized repair reported,0,False,0,False,True,True,True,True,True,True,True,,0,True,True,True,False,False,,False,True,False,True
CLM-216326,CUST-7133,PRD-642723,INV-60731447,,serial_mismatch,train,Manual Review,Smartphone,MobileX,SP-X,TechMart,2024-05-28,3049.12,True,SN-S-715656,SN-S-779872,SN-S-715656,SN-S-715656,SN-S-715656,Mismatch,SP-X,SP-X,SP-X,SP-X,MobileX Warranty Services,2024-05-28,2025-05-28,12,62,Active,Active,False,2025-03-11,2025-03-27,,,303,16,Battery Manufacturing Defect,Battery swelling or sudden degradation.,None,False,False,False,True,No previous repairs,0,False,0,False,True,True,True,True,True,True,True,,0,False,False,True,False,True,Conflicting serial numbers,False,False,False,True
CLM-216728,CUST-6028,PRD-442096,INV-38657321,,contradictory_information,train,Manual Review,Laptop,OmniLap,LP-Pro,PC World,2024-07-15,1465.98,True,SN-L-585884,SN-L-585884,SN-L-585884,SN-L-585884,SN-L-585884,Matched,LP-Pro,LP-Pro,LP-Pro,LP-Pro,OmniLap Warranty Services,2024-07-15,2026-07-15,24,720,Active,Active,False,2024-06-12,2024-07-25,,,10,43,Factory SSD Failure,Reported fault date predates the purchase date.,None,False,False,False,True,No previous repairs,0,False,0,False,True,True,True,True,True,True,True,,0,False,False,True,False,True,Fault date before purchase date,False,False,False,True
CLM-219106,CUST-5536,PRD-540636,INV-72507231,DUP-701804,duplicate_claim,train,Manual Review,Television,ViewOptics,TV-65Q,Electro Store,2023-03-16,1661.82,True,SN-T-300160,SN-T-300160,SN-T-300160,SN-T-300160,SN-T-300160,Matched,TV-65Q,TV-65Q,TV-65Q,TV-65Q,ViewOptics Warranty Services,2023-03-16,2024-09-16,18,281,Active,Active,False,2023-11-11,2023-12-10,,,269,29,Main Board Defect,Smart hub system failure.,None,False,False,False,True,No previous repairs,0,False,0,False,True,True,True,True,True,True,True,,0,True,True,True,True,False,,False,False,False,True
CLM-219403,CUST-6318,PRD-952595,INV-49954382,,serial_mismatch,train,Manual Review,Smartphone,MobileX,SP-100,City Electronics,2024-03-03,2280.54,True,SN-S-474221,SN-S-217108,SN-S-474221,SN-S-474221,SN-S-474221,Mismatch,SP-100,SP-100,SP-100,SP-100,MobileX Warranty Services,2024-03-03,2025-03-03,12,97,Active,Active,False,2024-11-06,2024-11-26,,,268,20,Manufacturing Defect,Internal motherboard defect causing bootloop.,None,False,False,False,True,No previous repairs,0,False,0,False,True,True,True,True,True,True,True,,0,False,False,True,False,True,Conflicting serial numbers,False,False,False,True
CLM-220016,CUST-8971,PRD-732503,INV-85339864,,serial_mismatch,train,Manual Review,Television,ViewOptics,TV-55OLED,Vision Retail,2024-11-07,3449.57,True,SN-T-133833,SN-T-317633,SN-T-133833,SN-T-133833,SN-T-133833,Mismatch,TV-55OLED,TV-55OLED,TV-55OLED,TV-55OLED,ViewOptics Warranty Services,2024-11-07,2026-05-07,18,483,Active,Active,False,2025-01-06,2025-01-09,,,63,3,Main Board Defect,Smart hub system failure.,None,False,False,False,True,No previous repairs,0,False,0,False,True,True,True,True,True,True,True,,0,False,False,True,False,True,Conflicting serial numbers,False,False,False,True
CLM-221069,CUST-7749,PRD-947932,INV-57146562,,excluded_damage,train,Invalid Claim,Smartphone,ApexPhone,SP-200,City Electronics,2024-03-14,339.1,True,SN-S-202078,SN-S-202078,SN-S-202078,SN-S-202078,SN-S-202078,Matched,SP-200,SP-200,SP-200,SP-200,ApexPhone Warranty Services,2024-03-14,2025-03-14,12,264,Active,Active,False,2024-06-02,2024-06-23,,,101,21,Physical Damage,Cracked screen or casing from impact.,Physical Impact,True,False,False,True,No previous repairs,0,False,0,False,True,True,True,True,True,True,True,,0,True,True,True,False,False,,False,True,False,False
CLM-221641,CUST-8817,PRD-503574,INV-71762034,,excluded_damage,train,Invalid Claim,Television,CineDisplay,TV-43U,Home Screen,2023-04-30,2467.55,True,SN-T-514118,SN-T-514118,SN-T-514118,SN-T-514118,SN-T-514118,Matched,TV-43U,TV-43U,TV-43U,TV-43U,CineDisplay Warranty Services,2023-04-30,2024-10-30,18,395,Active,Active,False,2023-09-21,2023-10-01,,,154,10,Liquid Damage,Liquid intrusion.,Liquid Contact,False,True,False,True,No previous repairs,0,False,0,False,True,True,True,True,True,True,True,,0,True,True,True,False,False,,False,True,False,False
CLM-222414,CUST-8317,PRD-449745,INV-86061476,,serial_mismatch,train,Manual Review,Laptop,ProBook,LP-900,Digital Bazaar,2024-07-04,1901.88,True,SN-L-660730,SN-L-368511,SN-L-660730,SN-L-660730,SN-L-660730,Mismatch,LP-900,LP-900,LP-900,LP-900,ProBook Warranty Services,2024-07-04,2026-07-04,24,666,Active,Active,False,2024-08-21,2024-09-06,,,64,16,Motherboard Defect,Component failure on main board.,None,False,False,False,True,No previous repairs,0,False,0,False,True,True,True,True,True,True,True,,0,False,False,True,False,True,Conflicting serial numbers,False,False,False,True
CLM-223375,CUST-5606,PRD-362065,INV-58025924,,unauthorized_repair,train,Invalid Claim,Television,ViewOptics,TV-55OLED,Home Screen,2023-01-10,791.56,True,SN-T-566173,SN-T-566173,SN-T-566173,SN-T-566173,SN-T-566173,Matched,TV-55OLED,TV-55OLED,TV-55OLED,TV-55OLED,ViewOptics Warranty Services,2023-01-10,2024-07-10,18,349,Active,Active,False,2023-07-06,2023-07-27,,,198,21,Display Panel Defect,Internal panel line defect.,Unauthorized Modification,False,False,True,False,Unauthorized repair reported,0,False,0,False,True,True,True,True,True,True,True,,0,True,True,True,False,False,,False,True,False,True
CLM-223548,CUST-7987,PRD-195808,INV-47994945,,missing_mandatory_document,train,Manual Review,Smartphone,TechCorp,SP-100,City Electronics,2024-01-16,629.32,True,SN-S-698071,SN-S-698071,SN-S-698071,SN-S-698071,SN-S-698071,Matched,SP-100,SP-100,SP-100,SP-100,TechCorp Warranty Services,2024-01-16,2025-01-16,12,299,Active,Active,False,2024-03-12,2024-03-23,,,67,11,Charging Port Failure,Charging connector failure under normal usage.,None,False,False,False,True,No previous repairs,0,False,0,False,True,True,True,True,False,True,True,Serial Number Photo,1,False,False,True,False,False,,False,False,False,True
CLM-224853,CUST-4847,PRD-842597,INV-13887287,,missing_mandatory_document,train,Manual Review,Television,ViewOptics,TV-65Q,Home Screen,2024-05-10,1124.62,True,SN-T-911264,SN-T-911264,SN-T-911264,SN-T-911264,SN-T-911264,Matched,TV-65Q,TV-65Q,TV-65Q,TV-65Q,ViewOptics Warranty Services,2024-05-10,2025-11-10,18,302,Active,Active,False,2024-12-26,2025-01-12,,,247,17,Power Supply Failure,Internal power board failure.,None,False,False,False,True,No previous repairs,0,False,0,False,False,True,True,True,True,True,True,Purchase Receipt,1,False,False,True,False,False,,False,False,False,True
CLM-225014,CUST-6756,PRD-608013,INV-51350514,,excluded_damage,train,Invalid Claim,Smartphone,MobileX,SP-200,City Electronics,2023-01-13,3424.7,True,SN-S-490941,SN-S-490941,SN-S-490941,SN-S-490941,SN-S-490941,Matched,SP-200,SP-200,SP-200,SP-200,MobileX Warranty Services,2023-01-13,2024-01-13,12,316,Active,Active,False,2023-02-24,2023-03-03,,,49,7,Unauthorized Repair,Device opened by third-party technician.,Unauthorized Modification,False,False,True,True,No previous repairs,0,False,0,False,True,True,True,True,True,True,True,,0,True,True,True,False,False,,False,True,False,False
CLM-225022,CUST-8145,PRD-991980,INV-66642448,,excluded_damage,train,Invalid Claim,Laptop,ProBook,LP-500,OfficeDirect,2023-11-14,2317.19,True,SN-L-357516,SN-L-357516,SN-L-357516,SN-L-357516,SN-L-357516,Matched,LP-500,LP-500,LP-500,LP-500,ProBook Warranty Services,2023-11-14,2025-11-14,24,653,Active,Active,False,2024-01-13,2024-01-31,,,78,18,Physical Damage,Hinge broken or chassis damage.,Physical Impact,True,False,False,True,No previous repairs,0,False,0,False,True,True,True,True,True,True,True,,0,True,True,True,False,False,,False,True,False,False
CLM-226141,CUST-1828,PRD-608141,INV-54762841,,standard_covered,train,Valid Claim,Television,VisionMax,TV-65Q,Home Screen,2024-10-16,965.96,True,SN-T-772875,SN-T-772875,SN-T-772875,SN-T-772875,SN-T-772875,Matched,TV-65Q,TV-65Q,TV-65Q,TV-65Q,VisionMax Warranty Services,2024-10-16,2026-04-16,18,512,Active,Active,False,2024-11-15,2024-11-20,,,35,5,Main Board Defect,Smart hub system failure.,None,False,False,False,True,No previous repairs,0,False,0,False,True,True,True,True,True,True,True,,0,True,True,True,False,False,,False,False,False,False
CLM-227627,CUST-2640,PRD-812756,INV-12005006,DUP-251352,duplicate_claim,train,Manual Review,Smartphone,MobileX,SP-100,Mobile Hub,2024-09-04,1318.03,True,SN-S-495351,SN-S-495351,SN-S-495351,SN-S-495351,SN-S-495351,Matched,SP-100,SP-100,SP-100,SP-100,MobileX Warranty Services,2024-09-04,2025-09-04,12,257,Active,Active,False,2024-12-13,2024-12-21,,,108,8,Screen Defect (Non-Impact),Touch failure or dead pixels with no physical drop.,None,False,False,False,True,No previous repairs,0,False,0,False,True,True,True,True,True,True,True,,0,True,True,True,True,False,,False,False,False,True
CLM-227919,CUST-7790,PRD-678100,INV-16241172,,extended_warranty,train,Valid Claim,Smartphone,MobileX,SP-100,City Electronics,2023-07-15,3254.2,True,SN-S-964607,SN-S-964607,SN-S-964607,SN-S-964607,SN-S-964607,Matched,SP-100,SP-100,SP-100,SP-100,MobileX Warranty Services,2023-07-15,2025-07-15,24,629,Active,Active,True,2023-09-28,2023-10-25,,,102,27,Battery Manufacturing Defect,Battery swelling or sudden degradation.,None,False,False,False,True,No previous repairs,0,False,0,False,True,True,True,True,True,True,True,,0,True,True,True,False,False,,False,False,False,False
CLM-228435,CUST-4375,PRD-220236,INV-25613685,,contradictory_information,train,Manual Review,Smartphone,TechCorp,SP-X,Mobile Hub,2023-01-16,3246.45,True,SN-S-742794,SN-S-742794,SN-S-742794,SN-S-742794,SN-S-742794,Matched,SP-X,SP-X,SP-X,SP-X,TechCorp Warranty Services,2023-01-16,2024-01-16,12,214,Active,Active,False,2023-05-20,2023-06-16,2023-01-01,,151,27,Manufacturing Defect,Internal motherboard defect causing bootloop.,None,False,False,False,True,Conflicting repair record predates purchase,1,False,0,False,True,True,True,True,True,True,True,,0,False,False,True,False,True,Repair date before purchase date,False,False,False,True
CLM-232140,CUST-4728,PRD-987337,INV-16892773,,near_expiry_boundary,train,Valid Claim,Laptop,UltraTech,LP-Pro,Digital Bazaar,2023-01-28,2104.8,True,SN-L-759827,SN-L-759827,SN-L-759827,SN-L-759827,SN-L-759827,Matched,LP-Pro,LP-Pro,LP-Pro,LP-Pro,UltraTech Warranty Services,2023-01-28,2025-01-28,24,6,Active,Active,False,2025-01-09,2025-01-22,,,725,13,Factory SSD Failure,Primary storage failure.,None,False,False,False,True,No previous repairs,0,False,0,False,True,True,True,True,True,True,True,,0,True,True,True,False,False,,False,False,True,False
CLM-232332,CUST-9147,PRD-588540,INV-72546007,,near_expiry_boundary,train,Valid Claim,Television,CineDisplay,TV-65Q,Vision Retail,2023-09-25,480.34,True,SN-T-423404,SN-T-423404,SN-T-423404,SN-T-423404,SN-T-423404,Matched,TV-65Q,TV-65Q,TV-65Q,TV-65Q,CineDisplay Warranty Services,2023-09-25,2025-03-25,18,7,Active,Active,False,2025-03-07,2025-03-18,,,540,11,Power Supply Failure,Internal power board failure.,None,False,False,False,True,No previous repairs,0,False,0,False,True,True,True,True,True,True,True,,0,True,True,True,False,False,,False,False,True,False
CLM-232380,CUST-1740,PRD-825434,INV-12334156,,missing_mandatory_document,train,Manual Review,Laptop,UltraTech,LP-Pro,OfficeDirect,2023-09-11,2050.34,True,SN-L-612027,SN-L-612027,SN-L-612027,SN-L-612027,SN-L-612027,Matched,LP-Pro,LP-Pro,LP-Pro,LP-Pro,UltraTech Warranty Services,2023-09-11,2025-09-11,24,636,Active,Active,False,2023-11-26,2023-12-15,,,95,19,Factory SSD Failure,Primary storage failure.,None,False,False,False,True,No previous repairs,0,False,0,False,False,True,True,True,True,True,True,Purchase Receipt,1,False,False,True,False,False,,False,False,False,True
CLM-233464,CUST-1215,PRD-487682,INV-99992846,,missing_mandatory_document,train,Manual Review,Television,VisionMax,TV-65Q,Home Screen,2024-05-21,874.05,True,SN-T-178794,SN-T-178794,SN-T-178794,SN-T-178794,SN-T-178794,Matched,TV-65Q,TV-65Q,TV-65Q,TV-65Q,VisionMax Warranty Services,2024-05-21,2025-11-21,18,394,Active,Active,False,2024-09-26,2024-10-23,,,155,27,Display Panel Defect,Internal panel line defect.,None,False,False,False,True,No previous repairs,0,False,0,False,False,True,True,False,True,True,True,Purchase Receipt|Product ID Tag Photo,2,False,False,True,False,False,,False,False,False,True
CLM-233825,CUST-4094,PRD-766441,INV-86458200,,invalid_receipt,train,Invalid Claim,Television,ViewOptics,TV-43U,Vision Retail,2024-04-15,1793.24,False,SN-T-290330,SN-T-290330,SN-T-290330,SN-T-290330,SN-T-290330,Matched,TV-43U,TV-43U,TV-43U,TV-43U,ViewOptics Warranty Services,2024-04-15,2025-10-15,18,461,Active,Active,False,2024-06-20,2024-07-11,,,87,21,Display Panel Defect,Internal panel line defect.,None,False,False,False,True,No previous repairs,0,False,0,False,True,False,True,True,True,True,True,,0,False,False,True,False,False,,False,True,False,False
CLM-234223,CUST-2124,PRD-533626,INV-97477029,,standard_covered,train,Valid Claim,Laptop,UltraTech,LP-500,Digital Bazaar,2023-02-23,284.86,True,SN-L-665621,SN-L-665621,SN-L-665621,SN-L-665621,SN-L-665621,Matched,LP-500,LP-500,LP-500,LP-500,UltraTech Warranty Services,2023-02-23,2025-02-23,24,595,Active,Active,False,2023-07-07,2023-07-09,,,136,2,Display Failure,Backlight failure without screen crack.,None,False,False,False,True,No previous repairs,0,False,0,False,True,True,True,True,True,True,True,,0,True,True,True,False,False,,False,False,False,False
CLM-234470,CUST-6824,PRD-169728,INV-96513378,,complex_covered,train,Valid Claim,Laptop,OmniLap,LP-Pro,PC World,2024-10-02,665.63,True,SN-L-896456,SN-L-896456,SN-L-896456,SN-L-896456,SN-L-896456,Matched,LP-Pro,LP-Pro,LP-Pro,LP-Pro,OmniLap Warranty Services,2024-10-02,2026-10-02,24,645,Active,Active,False,2024-11-21,2024-12-26,,,85,35,Motherboard Defect,Component failure on main board. Additional diagnostic evidence supplied.,None,False,False,False,True,Complex repair history with supporting diagnostics,0,False,0,False,True,True,True,True,True,True,True,,0,True,True,True,False,False,,False,False,False,False
CLM-235134,CUST-5222,PRD-246353,INV-56189726,,complex_covered,train,Valid Claim,Smartphone,TechCorp,SP-200,Mobile Hub,2023-09-24,216.45,True,SN-S-450912,SN-S-450912,SN-S-450912,SN-S-450912,SN-S-450912,Matched,SP-200,SP-200,SP-200,SP-200,TechCorp Warranty Services,2023-09-24,2024-09-24,12,158,Active,Active,False,2024-04-15,2024-04-19,2024-03-17,,208,4,Battery Manufacturing Defect,Battery swelling or sudden degradation. Additional diagnostic evidence supplied.,None,False,False,False,True,Complex repair history with supporting diagnostics,1,False,0,False,True,True,True,True,True,True,True,,0,True,True,True,False,False,,False,False,False,False
CLM-235153,CUST-9198,PRD-495213,INV-25743269,,serial_mismatch,train,Manual Review,Television,CineDisplay,TV-55OLED,Vision Retail,2024-04-28,956.59,True,SN-T-797137,SN-T-495637,SN-T-797137,SN-T-797137,SN-T-797137,Mismatch,TV-55OLED,TV-55OLED,TV-55OLED,TV-55OLED,CineDisplay Warranty Services,2024-04-28,2025-10-28,18,361,Active,Active,False,2024-10-19,2024-11-01,,,187,13,Power Supply Failure,Internal power board failure.,None,False,False,False,True,No previous repairs,0,False,0,False,True,True,True,True,True,True,True,,0,False,False,True,False,True,Conflicting serial numbers,False,False,False,True
CLM-236830,CUST-5123,PRD-570567,INV-43096758,,near_expiry_boundary,train,Valid Claim,Smartphone,MobileX,SP-200,City Electronics,2024-05-10,2565.01,True,SN-S-414313,SN-S-414313,SN-S-414313,SN-S-414313,SN-S-414313,Matched,SP-200,SP-200,SP-200,SP-200,MobileX Warranty Services,2024-05-10,2025-05-10,12,2,Active,Active,False,2025-04-18,2025-05-08,,,363,20,Manufacturing Defect,Internal motherboard defect causing bootloop.,None,False,False,False,True,No previous repairs,0,False,0,False,True,True,True,True,True,True,True,,0,True,True,True,False,False,,False,False,True,False
CLM-237152,CUST-5958,PRD-603622,INV-39009803,,expired_warranty,train,Invalid Claim,Television,ViewOptics,TV-55OLED,Home Screen,2023-09-01,1909.09,True,SN-T-621199,SN-T-621199,SN-T-621199,SN-T-621199,SN-T-621199,Matched,TV-55OLED,TV-55OLED,TV-55OLED,TV-55OLED,ViewOptics Warranty Services,2023-09-01,2025-03-01,18,-45,Expired,Expired,False,2025-04-03,2025-04-15,,,592,12,Power Supply Failure,Internal power board failure.,None,False,False,False,True,No previous repairs,0,False,0,False,True,True,True,True,True,True,True,,0,True,True,True,False,False,,False,True,False,False
CLM-237386,CUST-3120,PRD-635824,INV-92474074,,previous_authorized_repair,train,Valid Claim,Laptop,ProBook,LP-500,Digital Bazaar,2023-06-12,1602.93,True,SN-L-901619,SN-L-901619,SN-L-901619,SN-L-901619,SN-L-901619,Matched,LP-500,LP-500,LP-500,LP-500,ProBook Warranty Services,2023-06-12,2025-06-12,24,638,Active,Active,False,2023-08-16,2023-09-13,2023-07-29,,93,28,Factory SSD Failure,Primary storage failure.,None,False,False,False,True,One or more authorized repairs,2,False,0,False,True,True,True,True,True,True,True,,0,True,True,True,False,False,,False,False,False,False
CLM-237627,CUST-9882,PRD-728611,INV-48971765,,standard_covered,train,Valid Claim,Laptop,UltraTech,LP-500,Digital Bazaar,2023-11-24,3135.96,True,SN-L-986593,SN-L-986593,SN-L-986593,SN-L-986593,SN-L-986593,Matched,LP-500,LP-500,LP-500,LP-500,UltraTech Warranty Services,2023-11-24,2025-11-24,24,667,Active,Active,False,2024-01-16,2024-01-27,,,64,11,Display Failure,Backlight failure without screen crack.,None,False,False,False,True,No previous repairs,0,False,0,False,True,True,True,True,True,True,True,,0,True,True,True,False,False,,False,False,False,False
CLM-238957,CUST-8503,PRD-724552,INV-85254207,,expired_warranty,train,Invalid Claim,Television,ViewOptics,TV-65Q,Electro Store,2023-07-10,3253.27,True,SN-T-192296,SN-T-192296,SN-T-192296,SN-T-192296,SN-T-192296,Matched,TV-65Q,TV-65Q,TV-65Q,TV-65Q,ViewOptics Warranty Services,2023-07-10,2025-01-10,18,-23,Expired,Expired,False,2025-01-25,2025-02-02,,,573,8,Display Panel Defect,Internal panel line defect.,None,False,False,False,True,No previous repairs,0,False,0,False,True,True,True,True,True,True,True,,0,True,True,True,False,False,,False,True,False,False
CLM-239742,CUST-2079,PRD-500016,INV-54250344,,standard_covered,train,Valid Claim,Television,CineDisplay,TV-65Q,Home Screen,2024-10-08,466.59,True,SN-T-927564,SN-T-927564,SN-T-927564,SN-T-927564,SN-T-927564,Matched,TV-65Q,TV-65Q,TV-65Q,TV-65Q,CineDisplay Warranty Services,2024-10-08,2026-04-08,18,334,Active,Active,False,2025-04-17,2025-05-09,,,213,22,Main Board Defect,Smart hub system failure.,None,False,False,False,True,No previous repairs,0,False,0,False,True,True,True,True,True,True,True,,0,True,True,True,False,False,,False,False,False,False
CLM-240522,CUST-4088,PRD-531905,INV-95427135,,contradictory_information,train,Manual Review,Television,ViewOptics,TV-43U,Electro Store,2024-01-19,2229.92,True,SN-T-690730,SN-T-690730,SN-T-690730,SN-T-690730,SN-T-690730,Matched,TV-43U,TV-43U,TV-43U,TV-43U,ViewOptics Warranty Services,2024-01-19,2025-07-19,18,459,Active,Active,False,2024-04-12,2024-04-16,2023-12-24,,88,4,Display Panel Defect,Internal panel line defect.,None,False,False,False,True,Conflicting repair record predates purchase,1,False,0,False,True,True,True,True,True,True,True,,0,False,False,True,False,True,Repair date before purchase date,False,False,False,True
CLM-240957,CUST-6371,PRD-348937,INV-86870944,DUP-718458,duplicate_claim,train,Manual Review,Television,ViewOptics,TV-65Q,Home Screen,2023-04-01,1981.06,True,SN-T-689128,SN-T-689128,SN-T-689128,SN-T-689128,SN-T-689128,Matched,TV-65Q,TV-65Q,TV-65Q,TV-65Q,ViewOptics Warranty Services,2023-04-01,2024-10-01,18,382,Active,Active,False,2023-08-24,2023-09-15,,,167,22,Power Supply Failure,Internal power board failure.,None,False,False,False,True,No previous repairs,0,False,0,False,True,True,True,True,True,True,True,,0,True,True,True,True,False,,False,False,False,True
CLM-241800,CUST-2341,PRD-379979,INV-80532309,,near_expiry_boundary,train,Valid Claim,Smartphone,ApexPhone,SP-X,City Electronics,2024-07-04,1646.61,True,SN-S-894139,SN-S-894139,SN-S-894139,SN-S-894139,SN-S-894139,Matched,SP-X,SP-X,SP-X,SP-X,ApexPhone Warranty Services,2024-07-04,2025-07-04,12,12,Active,Active,False,2025-06-20,2025-06-22,,,353,2,Screen Defect (Non-Impact),Touch failure or dead pixels with no physical drop.,None,False,False,False,True,No previous repairs,0,False,0,False,True,True,True,True,True,True,True,,0,True,True,True,False,False,,False,False,False,False
CLM-242161,CUST-6152,PRD-253824,INV-28767690,,near_expiry_boundary,train,Valid Claim,Smartphone,TechCorp,SP-100,TechMart,2024-01-29,980.08,True,SN-S-718213,SN-S-718213,SN-S-718213,SN-S-718213,SN-S-718213,Matched,SP-100,SP-100,SP-100,SP-100,TechCorp Warranty Services,2024-01-29,2025-01-29,12,3,Active,Active,False,2025-01-24,2025-01-26,,,363,2,Battery Manufacturing Defect,Battery swelling or sudden degradation.,None,False,False,False,True,No previous repairs,0,False,0,False,True,True,True,True,True,True,True,,0,True,True,True,False,False,,False,False,True,False
CLM-242274,CUST-4236,PRD-637531,INV-42873271,,invalid_receipt,train,Invalid Claim,Television,CineDisplay,TV-43U,Vision Retail,2024-04-23,1570.46,False,SN-T-860206,SN-T-860206,SN-T-860206,SN-T-860206,SN-T-860206,Matched,TV-43U,TV-43U,TV-43U,TV-43U,CineDisplay Warranty Services,2024-04-23,2025-10-23,18,455,Active,Active,False,2024-07-15,2024-07-25,,,93,10,Power Supply Failure,Internal power board failure.,None,False,False,False,True,No previous repairs,0,False,0,False,True,False,True,True,True,True,True,,0,False,False,True,False,False,,False,True,False,False
CLM-243358,CUST-3766,PRD-829238,INV-13670871,,missing_mandatory_document,train,Manual Review,Laptop,ProBook,LP-Pro,PC World,2023-04-09,2154.61,True,SN-L-247852,SN-L-247852,SN-L-247852,SN-L-247852,SN-L-247852,Matched,LP-Pro,LP-Pro,LP-Pro,LP-Pro,ProBook Warranty Services,2023-04-09,2025-04-09,24,448,Active,Active,False,2024-01-14,2024-01-17,,,283,3,Keyboard Failure,Multiple keys non-functional.,None,False,False,False,True,No previous repairs,0,False,0,False,True,True,True,True,True,True,False,Technical Diagnostic Report,1,False,False,True,False,False,,False,False,False,True
CLM-244814,CUST-7311,PRD-530508,INV-23908449,,contradictory_information,train,Manual Review,Smartphone,TechCorp,SP-X,City Electronics,2023-12-29,2980.78,True,SN-S-658710,SN-S-658710,SN-S-658710,SN-S-658710,SN-S-658710,Matched,SP-X,SP-X,SP-X,SP-X,TechCorp Warranty Services,2023-12-29,2024-12-29,12,214,Active,Active,False,2024-05-19,2024-05-29,2023-12-05,,152,10,Charging Port Failure,Charging connector failure under normal usage.,None,False,False,False,True,Conflicting repair record predates purchase,1,False,0,False,True,True,True,True,True,True,True,,0,False,False,True,False,True,Repair date before purchase date,False,False,False,True
CLM-245431,CUST-9978,PRD-790685,INV-30805333,,contradictory_information,train,Manual Review,Laptop,OmniLap,LP-500,PC World,2024-03-29,2386.2,True,SN-L-335745,SN-L-335745,SN-L-335745,SN-L-335745,SN-L-335745,Matched,LP-500,LP-500,LP-500,LP-500,OmniLap Warranty Services,2024-03-29,2026-03-29,24,722,Active,Active,False,2024-03-10,2024-04-06,,,8,27,Motherboard Defect,Reported fault date predates the purchase date.,None,False,False,False,True,No previous repairs,0,False,0,False,True,True,True,True,True,True,True,,0,False,False,True,False,True,Fault date before purchase date,False,False,False,True
CLM-245578,CUST-2622,PRD-857316,INV-33141548,,borderline_reporting,train,Manual Review,Laptop,ProBook,LP-500,Digital Bazaar,2024-05-04,1449.32,True,SN-L-597821,SN-L-597821,SN-L-597821,SN-L-597821,SN-L-597821,Matched,LP-500,LP-500,LP-500,LP-500,ProBook Warranty Services,2024-05-04,2026-05-04,24,0,Active,Active,False,2026-04-22,2026-05-04,,,730,12,Factory SSD Failure,Primary storage failure.,None,False,False,False,True,Claim submitted on warranty expiry boundary,0,False,0,False,True,True,True,True,True,True,True,,0,True,True,True,False,False,,False,False,True,True
CLM-245679,CUST-1136,PRD-254460,INV-76025948,,complex_covered,train,Valid Claim,Laptop,ProBook,LP-Pro,OfficeDirect,2023-10-21,3322.31,True,SN-L-460589,SN-L-460589,SN-L-460589,SN-L-460589,SN-L-460589,Matched,LP-Pro,LP-Pro,LP-Pro,LP-Pro,ProBook Warranty Services,2023-10-21,2025-10-21,24,407,Active,Active,False,2024-08-09,2024-09-09,2024-07-30,,324,31,Factory SSD Failure,Primary storage failure. Additional diagnostic evidence supplied.,None,False,False,False,True,Complex repair history with supporting diagnostics,2,False,0,False,True,True,True,True,True,True,True,,0,True,True,True,False,False,,False,False,False,False
CLM-246066,CUST-1654,PRD-586457,INV-59596286,,service_center_unclear,train,Manual Review,Smartphone,MobileX,SP-X,TechMart,2023-03-09,1079.25,True,SN-S-537588,SN-S-537588,SN-S-537588,SN-S-537588,SN-S-537588,Matched,SP-X,SP-X,SP-X,SP-X,MobileX Warranty Services,2023-03-09,2024-03-09,12,256,Active,Active,False,2023-06-06,2023-06-27,2023-05-17,,110,21,Manufacturing Defect,Internal motherboard defect causing bootloop.,None,False,False,False,False,Service-center authorization is unclear,1,False,0,False,True,True,True,True,True,True,True,,0,True,True,True,False,False,,False,False,False,True
CLM-246613,CUST-9362,PRD-720166,INV-64250458,,expired_warranty,train,Invalid Claim,Laptop,OmniLap,LP-Pro,PC World,2023-12-19,2989.58,True,SN-L-555844,SN-L-555844,SN-L-555844,SN-L-555844,SN-L-555844,Matched,LP-Pro,LP-Pro,LP-Pro,LP-Pro,OmniLap Warranty Services,2023-12-19,2025-12-19,24,-44,Expired,Expired,False,2026-01-08,2026-02-01,,,775,24,Motherboard Defect,Component failure on main board.,None,False,False,False,True,No previous repairs,0,False,0,False,True,True,True,True,True,True,True,,0,True,True,True,False,False,,False,True,False,False
CLM-246630,CUST-6989,PRD-780562,INV-92357282,DUP-100756,duplicate_claim,train,Manual Review,Television,ViewOptics,TV-55OLED,Vision Retail,2023-05-12,2389.25,True,SN-T-369338,SN-T-369338,SN-T-369338,SN-T-369338,SN-T-369338,Matched,TV-55OLED,TV-55OLED,TV-55OLED,TV-55OLED,ViewOptics Warranty Services,2023-05-12,2024-11-12,18,250,Active,Active,False,2024-03-03,2024-03-07,,,300,4,Power Supply Failure,Internal power board failure.,None,False,False,False,True,No previous repairs,0,False,0,False,True,True,True,True,True,True,True,,0,True,True,True,True,False,,False,False,False,True
CLM-246807,CUST-2694,PRD-330273,INV-24888976,,replacement_not_eligible,train,Invalid Claim,Television,CineDisplay,TV-43U,Vision Retail,2023-05-28,1688.08,True,SN-T-186993,SN-T-186993,SN-T-186993,SN-T-186993,SN-T-186993,Matched,TV-43U,TV-43U,TV-43U,TV-43U,CineDisplay Warranty Services,2023-05-28,2024-11-28,18,501,Active,Active,False,2023-07-12,2023-07-16,2023-07-02,,49,4,Main Board Defect,Smart hub system failure.,None,False,False,False,True,Replacement requested before policy repair threshold,1,False,0,True,True,True,True,True,True,True,True,,0,True,True,True,False,False,,False,True,False,False
CLM-246814,CUST-9175,PRD-938660,INV-38271272,,serial_mismatch,train,Manual Review,Laptop,UltraTech,LP-900,PC World,2024-03-31,1933.01,True,SN-L-962588,SN-L-805676,SN-L-962588,SN-L-962588,SN-L-962588,Mismatch,LP-900,LP-900,LP-900,LP-900,UltraTech Warranty Services,2024-03-31,2026-03-31,24,463,Active,Active,False,2024-12-12,2024-12-23,,,267,11,Keyboard Failure,Multiple keys non-functional.,None,False,False,False,True,No previous repairs,0,False,0,False,True,True,True,True,True,True,True,,0,False,False,True,False,True,Conflicting serial numbers,False,False,False,True
CLM-246918,CUST-9395,PRD-534409,INV-64766762,,near_expiry_boundary,train,Valid Claim,Smartphone,MobileX,SP-100,TechMart,2023-07-11,496.03,True,SN-S-191537,SN-S-191537,SN-S-191537,SN-S-191537,SN-S-191537,Matched,SP-100,SP-100,SP-100,SP-100,MobileX Warranty Services,2023-07-11,2024-07-11,12,5,Active,Active,False,2024-06-27,2024-07-06,,,361,9,Charging Port Failure,Charging connector failure under normal usage.,None,False,False,False,True,No previous repairs,0,False,0,False,True,True,True,True,True,True,True,,0,True,True,True,False,False,,False,False,True,False
CLM-247481,CUST-9673,PRD-320166,INV-46875077,,near_expiry_boundary,train,Valid Claim,Television,VisionMax,TV-43U,Electro Store,2024-02-26,1944.72,True,SN-T-678440,SN-T-678440,SN-T-678440,SN-T-678440,SN-T-678440,Matched,TV-43U,TV-43U,TV-43U,TV-43U,VisionMax Warranty Services,2024-02-26,2025-08-26,18,1,Active,Active,False,2025-08-23,2025-08-25,,,546,2,Display Panel Defect,Internal panel line defect.,None,False,False,False,True,No previous repairs,0,False,0,False,True,True,True,True,True,True,True,,0,True,True,True,False,False,,False,False,True,False
CLM-247515,CUST-6939,PRD-772025,INV-84252324,,near_expiry_boundary,train,Valid Claim,Television,ViewOptics,TV-55OLED,Home Screen,2023-02-22,1116.82,True,SN-T-520040,SN-T-520040,SN-T-520040,SN-T-520040,SN-T-520040,Matched,TV-55OLED,TV-55OLED,TV-55OLED,TV-55OLED,ViewOptics Warranty Services,2023-02-22,2024-08-22,18,4,Active,Active,False,2024-08-03,2024-08-18,,,543,15,Main Board Defect,Smart hub system failure.,None,False,False,False,True,No previous repairs,0,False,0,False,True,True,True,True,True,True,True,,0,True,True,True,False,False,,False,False,True,False
CLM-249723,CUST-8415,PRD-373603,INV-75855518,,missing_mandatory_document,train,Manual Review,Television,VisionMax,TV-43U,Home Screen,2023-11-08,2611.63,True,SN-T-204849,SN-T-204849,SN-T-204849,SN-T-204849,SN-T-204849,Matched,TV-43U,TV-43U,TV-43U,TV-43U,VisionMax Warranty Services,2023-11-08,2025-05-08,18,338,Active,Active,False,2024-05-17,2024-06-04,,,209,18,Main Board Defect,Smart hub system failure.,None,False,False,False,True,No previous repairs,0,False,0,False,True,True,True,False,True,True,True,Product ID Tag Photo,1,False,False,True,False,False,,False,False,False,True
CLM-249763,CUST-4669,PRD-581948,INV-99904987,,extended_warranty,train,Valid Claim,Television,VisionMax,TV-43U,Vision Retail,2023-11-18,3075.03,True,SN-T-786789,SN-T-786789,SN-T-786789,SN-T-786789,SN-T-786789,Matched,TV-43U,TV-43U,TV-43U,TV-43U,VisionMax Warranty Services,2023-11-18,2026-05-18,30,607,Active,Active,True,2024-09-01,2024-09-18,,,305,17,Display Panel Defect,Internal panel line defect.,None,False,False,False,True,No previous repairs,0,False,0,False,True,True,True,True,True,True,True,,0,True,True,True,False,False,,False,False,False,False
CLM-250891,CUST-6531,PRD-565784,INV-32787384,,excluded_damage,train,Invalid Claim,Laptop,UltraTech,LP-Pro,OfficeDirect,2023-03-09,216.04,True,SN-L-821411,SN-L-821411,SN-L-821411,SN-L-821411,SN-L-821411,Matched,LP-Pro,LP-Pro,LP-Pro,LP-Pro,UltraTech Warranty Services,2023-03-09,2025-03-09,24,551,Active,Active,False,2023-07-24,2023-09-05,,,180,43,Physical Damage,Hinge broken or chassis damage.,Physical Impact,True,False,False,True,No previous repairs,0,False,0,False,True,True,True,True,True,True,True,,0,True,True,True,False,False,,False,True,False,False
CLM-251152,CUST-4621,PRD-262275,INV-18552683,,serial_mismatch,train,Manual Review,Television,CineDisplay,TV-55OLED,Home Screen,2023-08-19,2198.14,True,SN-T-332074,SN-T-846621,SN-T-332074,SN-T-332074,SN-T-332074,Mismatch,TV-55OLED,TV-55OLED,TV-55OLED,TV-55OLED,CineDisplay Warranty Services,2023-08-19,2025-02-19,18,340,Active,Active,False,2024-02-21,2024-03-16,,,210,24,Display Panel Defect,Internal panel line defect.,None,False,False,False,True,No previous repairs,0,False,0,False,True,True,True,True,True,True,True,,0,False,False,True,False,True,Conflicting serial numbers,False,False,False,True
CLM-251392,CUST-4112,PRD-388998,INV-58517955,,service_center_unclear,train,Manual Review,Television,ViewOptics,TV-65Q,Electro Store,2024-09-19,2537.28,True,SN-T-297502,SN-T-297502,SN-T-297502,SN-T-297502,SN-T-297502,Matched,TV-65Q,TV-65Q,TV-65Q,TV-65Q,ViewOptics Warranty Services,2024-09-19,2026-03-19,18,468,Active,Active,False,2024-11-29,2024-12-06,2024-11-09,,78,7,Display Panel Defect,Internal panel line defect.,None,False,False,False,False,Service-center authorization is unclear,1,False,0,False,True,True,True,True,True,True,True,,0,True,True,True,False,False,,False,False,False,True
CLM-251413,CUST-1478,PRD-795927,INV-31506414,,invalid_receipt,train,Invalid Claim,Laptop,ProBook,LP-500,Digital Bazaar,2023-04-02,3262.16,False,SN-L-833907,SN-L-833907,SN-L-833907,SN-L-833907,SN-L-833907,Matched,LP-500,LP-500,LP-500,LP-500,ProBook Warranty Services,2023-04-02,2025-04-02,24,595,Active,Active,False,2023-07-29,2023-08-16,,,136,18,Motherboard Defect,Component failure on main board.,None,False,False,False,True,No previous repairs,0,False,0,False,True,False,True,True,True,True,True,,0,False,False,True,False,False,,False,True,False,False
CLM-252692,CUST-7807,PRD-898800,INV-33574011,,standard_covered,train,Valid Claim,Television,CineDisplay,TV-55OLED,Electro Store,2023-04-03,822.66,True,SN-T-237795,SN-T-237795,SN-T-237795,SN-T-237795,SN-T-237795,Matched,TV-55OLED,TV-55OLED,TV-55OLED,TV-55OLED,CineDisplay Warranty Services,2023-04-03,2024-10-03,18,336,Active,Active,False,2023-10-07,2023-11-02,,,213,26,Power Supply Failure,Internal power board failure.,None,False,False,False,True,No previous repairs,0,False,0,False,True,True,True,True,True,True,True,,0,True,True,True,False,False,,False,False,False,False
CLM-252719,CUST-5415,PRD-339671,INV-87342561,,standard_covered,train,Valid Claim,Television,ViewOptics,TV-43U,Home Screen,2024-11-21,284.78,True,SN-T-340044,SN-T-340044,SN-T-340044,SN-T-340044,SN-T-340044,Matched,TV-43U,TV-43U,TV-43U,TV-43U,ViewOptics Warranty Services,2024-11-21,2026-05-21,18,491,Active,Active,False,2024-12-21,2025-01-15,,,55,25,Main Board Defect,Smart hub system failure.,None,False,False,False,True,No previous repairs,0,False,0,False,True,True,True,True,True,True,True,,0,True,True,True,False,False,,False,False,False,False
CLM-252996,CUST-4846,PRD-261395,INV-94712997,,standard_covered,train,Valid Claim,Television,CineDisplay,TV-65Q,Vision Retail,2023-02-06,2442.74,True,SN-T-667296,SN-T-667296,SN-T-667296,SN-T-667296,SN-T-667296,Matched,TV-65Q,TV-65Q,TV-65Q,TV-65Q,CineDisplay Warranty Services,2023-02-06,2024-08-06,18,482,Active,Active,False,2023-04-02,2023-04-12,,,65,10,Main Board Defect,Smart hub system failure.,None,False,False,False,True,No previous repairs,0,False,0,False,True,True,True,True,True,True,True,,0,True,True,True,False,False,,False,False,False,False
CLM-255276,CUST-8906,PRD-185168,INV-85413975,,borderline_reporting,train,Manual Review,Smartphone,MobileX,SP-100,TechMart,2023-01-04,639.5,True,SN-S-763821,SN-S-763821,SN-S-763821,SN-S-763821,SN-S-763821,Matched,SP-100,SP-100,SP-100,SP-100,MobileX Warranty Services,2023-01-04,2024-01-04,12,0,Active,Active,False,2023-12-28,2024-01-04,,,365,7,Battery Manufacturing Defect,Battery swelling or sudden degradation.,None,False,False,False,True,Claim submitted on warranty expiry boundary,0,False,0,False,True,True,True,True,True,True,True,,0,True,True,True,False,False,,False,False,True,True
CLM-256992,CUST-9166,PRD-963937,INV-70004467,,extended_warranty,train,Valid Claim,Smartphone,MobileX,SP-100,TechMart,2024-03-30,1208.81,True,SN-S-581395,SN-S-581395,SN-S-581395,SN-S-581395,SN-S-581395,Matched,SP-100,SP-100,SP-100,SP-100,MobileX Warranty Services,2024-03-30,2026-03-30,24,649,Active,Active,True,2024-06-03,2024-06-19,,,81,16,Charging Port Failure,Charging connector failure under normal usage.,None,False,False,False,True,No previous repairs,0,False,0,False,True,True,True,True,True,True,True,,0,True,True,True,False,False,,False,False,False,False
CLM-257833,CUST-9120,PRD-700249,INV-16292676,,near_expiry_boundary,train,Valid Claim,Television,VisionMax,TV-65Q,Electro Store,2023-06-29,3407.17,True,SN-T-870925,SN-T-870925,SN-T-870925,SN-T-870925,SN-T-870925,Matched,TV-65Q,TV-65Q,TV-65Q,TV-65Q,VisionMax Warranty Services,2023-06-29,2024-12-29,18,11,Active,Active,False,2024-12-05,2024-12-18,,,538,13,Main Board Defect,Smart hub system failure.,None,False,False,False,True,No previous repairs,0,False,0,False,True,True,True,True,True,True,True,,0,True,True,True,False,False,,False,False,False,False
CLM-258056,CUST-7547,PRD-325391,INV-94188755,,contradictory_information,train,Manual Review,Smartphone,ApexPhone,SP-X,Mobile Hub,2024-02-27,2077.78,True,SN-S-301577,SN-S-301577,SN-S-301577,SN-S-301577,SN-S-301577,Matched,SP-X,SP-X,SP-X,SP-X,ApexPhone Warranty Services,2024-02-27,2025-02-27,12,222,Active,Active,False,2024-07-11,2024-07-20,2024-01-31,,144,9,Screen Defect (Non-Impact),Touch failure or dead pixels with no physical drop.,None,False,False,False,True,Conflicting repair record predates purchase,1,False,0,False,True,True,True,True,True,True,True,,0,False,False,True,False,True,Repair date before purchase date,False,False,False,True
CLM-259123,CUST-1866,PRD-805590,INV-46597195,,excluded_damage,train,Invalid Claim,Laptop,ProBook,LP-500,PC World,2023-05-19,1359.9,True,SN-L-583439,SN-L-583439,SN-L-583439,SN-L-583439,SN-L-583439,Matched,LP-500,LP-500,LP-500,LP-500,ProBook Warranty Services,2023-05-19,2025-05-19,24,680,Active,Active,False,2023-06-20,2023-07-09,,,51,19,Liquid Damage,Liquid spill marks internal.,Liquid Contact,False,True,False,True,No previous repairs,0,False,0,False,True,True,True,True,True,True,True,,0,True,True,True,False,False,,False,True,False,False
CLM-260669,CUST-2043,PRD-198422,INV-81738111,,unauthorized_repair,train,Invalid Claim,Television,CineDisplay,TV-65Q,Electro Store,2024-01-26,1444.55,True,SN-T-509873,SN-T-509873,SN-T-509873,SN-T-509873,SN-T-509873,Matched,TV-65Q,TV-65Q,TV-65Q,TV-65Q,CineDisplay Warranty Services,2024-01-26,2025-07-26,18,489,Active,Active,False,2024-03-13,2024-03-24,,,58,11,Display Panel Defect,Internal panel line defect.,Unauthorized Modification,False,False,True,False,Unauthorized repair reported,0,False,0,False,True,True,True,True,True,True,True,,0,True,True,True,False,False,,False,True,False,True
CLM-260854,CUST-7113,PRD-303639,INV-27082542,,missing_mandatory_document,train,Manual Review,Smartphone,MobileX,SP-100,TechMart,2023-11-06,2229.98,True,SN-S-745092,SN-S-745092,SN-S-745092,SN-S-745092,SN-S-745092,Matched,SP-100,SP-100,SP-100,SP-100,MobileX Warranty Services,2023-11-06,2024-11-06,12,55,Active,Active,False,2024-08-14,2024-09-12,,,311,29,Screen Defect (Non-Impact),Touch failure or dead pixels with no physical drop.,None,False,False,False,True,No previous repairs,0,False,0,False,True,True,True,True,False,True,True,Serial Number Photo,1,False,False,True,False,False,,False,False,False,True
CLM-261581,CUST-9214,PRD-277377,INV-83014006,,borderline_reporting,train,Manual Review,Smartphone,TechCorp,SP-100,Mobile Hub,2023-03-25,290.63,True,SN-S-515603,SN-S-515603,SN-S-515603,SN-S-515603,SN-S-515603,Matched,SP-100,SP-100,SP-100,SP-100,TechCorp Warranty Services,2023-03-25,2024-03-25,12,0,Active,Active,False,2024-03-14,2024-03-25,,,366,11,Charging Port Failure,Charging connector failure under normal usage.,None,False,False,False,True,Claim submitted on warranty expiry boundary,0,False,0,False,True,True,True,True,True,True,True,,0,True,True,True,False,False,,False,False,True,True
CLM-262553,CUST-4353,PRD-693054,INV-26149750,,borderline_reporting,train,Manual Review,Television,ViewOptics,TV-43U,Home Screen,2023-05-26,3230.01,True,SN-T-416722,SN-T-416722,SN-T-416722,SN-T-416722,SN-T-416722,Matched,TV-43U,TV-43U,TV-43U,TV-43U,ViewOptics Warranty Services,2023-05-26,2024-11-26,18,0,Active,Active,False,2024-11-14,2024-11-26,,,550,12,Power Supply Failure,Internal power board failure.,None,False,False,False,True,Claim submitted on warranty expiry boundary,0,False,0,False,True,True,True,True,True,True,True,,0,True,True,True,False,False,,False,False,True,True
CLM-263100,CUST-1466,PRD-843137,INV-73149753,DUP-755687,duplicate_claim,train,Manual Review,Television,ViewOptics,TV-55OLED,Electro Store,2023-01-30,264.65,True,SN-T-436669,SN-T-436669,SN-T-436669,SN-T-436669,SN-T-436669,Matched,TV-55OLED,TV-55OLED,TV-55OLED,TV-55OLED,ViewOptics Warranty Services,2023-01-30,2024-07-30,18,330,Active,Active,False,2023-08-07,2023-09-04,,,217,28,Display Panel Defect,Internal panel line defect.,None,False,False,False,True,No previous repairs,0,False,0,False,True,True,True,True,True,True,True,,0,True,True,True,True,False,,False,False,False,True
CLM-263511,CUST-4485,PRD-845350,INV-14919926,,extended_warranty,train,Valid Claim,Smartphone,ApexPhone,SP-100,Mobile Hub,2023-01-20,1997.84,True,SN-S-179062,SN-S-179062,SN-S-179062,SN-S-179062,SN-S-179062,Matched,SP-100,SP-100,SP-100,SP-100,ApexPhone Warranty Services,2023-01-20,2025-01-20,24,486,Active,Active,True,2023-09-04,2023-09-22,,,245,18,Manufacturing Defect,Internal motherboard defect causing bootloop.,None,False,False,False,True,No previous repairs,0,False,0,False,True,True,True,True,True,True,True,,0,True,True,True,False,False,,False,False,False,False
CLM-264263,CUST-4076,PRD-779384,INV-53036072,,complex_covered,train,Valid Claim,Television,CineDisplay,TV-55OLED,Electro Store,2023-10-06,214.97,True,SN-T-574760,SN-T-574760,SN-T-574760,SN-T-574760,SN-T-574760,Matched,TV-55OLED,TV-55OLED,TV-55OLED,TV-55OLED,CineDisplay Warranty Services,2023-10-06,2025-04-06,18,275,Active,Active,False,2024-07-03,2024-07-05,2024-06-23,,273,2,Main Board Defect,Smart hub system failure. Additional diagnostic evidence supplied.,None,False,False,False,True,Complex repair history with supporting diagnostics,2,False,0,False,True,True,True,True,True,True,True,,0,True,True,True,False,False,,False,False,False,False
CLM-264512,CUST-3330,PRD-720001,INV-72220513,,expired_warranty,train,Invalid Claim,Smartphone,MobileX,SP-200,TechMart,2023-10-29,2930.14,True,SN-S-542983,SN-S-542983,SN-S-542983,SN-S-542983,SN-S-542983,Matched,SP-200,SP-200,SP-200,SP-200,MobileX Warranty Services,2023-10-29,2024-10-29,12,-52,Expired,Expired,False,2024-11-26,2024-12-20,,,418,24,Manufacturing Defect,Internal motherboard defect causing bootloop.,None,False,False,False,True,No previous repairs,0,False,0,False,True,True,True,True,True,True,True,,0,True,True,True,False,False,,False,True,False,False
CLM-264599,CUST-5885,PRD-956058,INV-45029200,,borderline_reporting,train,Manual Review,Television,CineDisplay,TV-55OLED,Home Screen,2024-01-21,834.2,True,SN-T-929118,SN-T-929118,SN-T-929118,SN-T-929118,SN-T-929118,Matched,TV-55OLED,TV-55OLED,TV-55OLED,TV-55OLED,CineDisplay Warranty Services,2024-01-21,2025-07-21,18,0,Active,Active,False,2025-07-19,2025-07-21,,,547,2,Power Supply Failure,Internal power board failure.,None,False,False,False,True,Claim submitted on warranty expiry boundary,0,False,0,False,True,True,True,True,True,True,True,,0,True,True,True,False,False,,False,False,True,True
CLM-265366,CUST-4268,PRD-738196,INV-43557176,,missing_mandatory_document,train,Manual Review,Smartphone,ApexPhone,SP-200,TechMart,2024-03-22,604.56,True,SN-S-691299,SN-S-691299,SN-S-691299,SN-S-691299,SN-S-691299,Matched,SP-200,SP-200,SP-200,SP-200,ApexPhone Warranty Services,2024-03-22,2025-03-22,12,256,Active,Active,False,2024-06-21,2024-07-09,,,109,18,Battery Manufacturing Defect,Battery swelling or sudden degradation.,None,False,False,False,True,No previous repairs,0,False,0,False,False,True,True,True,True,True,True,Purchase Receipt,1,False,False,True,False,False,,False,False,False,True
CLM-265603,CUST-3910,PRD-912476,INV-14302906,,unauthorized_repair,train,Invalid Claim,Smartphone,ApexPhone,SP-200,Mobile Hub,2023-04-06,2918.69,True,SN-S-419443,SN-S-419443,SN-S-419443,SN-S-419443,SN-S-419443,Matched,SP-200,SP-200,SP-200,SP-200,ApexPhone Warranty Services,2023-04-06,2024-04-06,12,220,Active,Active,False,2023-08-29,2023-08-30,,,146,1,Screen Defect (Non-Impact),Touch failure or dead pixels with no physical drop.,Unauthorized Modification,False,False,True,False,Unauthorized repair reported,0,False,0,False,True,True,True,True,True,True,True,,0,True,True,True,False,False,,False,True,False,True
CLM-265623,CUST-3190,PRD-481924,INV-62955068,,invalid_receipt,train,Invalid Claim,Smartphone,MobileX,SP-X,TechMart,2023-07-14,1560.54,False,SN-S-216041,SN-S-216041,SN-S-216041,SN-S-216041,SN-S-216041,Matched,SP-X,SP-X,SP-X,SP-X,MobileX Warranty Services,2023-07-14,2024-07-14,12,332,Active,Active,False,2023-08-11,2023-08-17,,,34,6,Battery Manufacturing Defect,Battery swelling or sudden degradation.,None,False,False,False,True,No previous repairs,0,False,0,False,True,False,True,True,True,True,True,,0,False,False,True,False,False,,False,True,False,False
CLM-266014,CUST-7948,PRD-451525,INV-38693060,,serial_mismatch,train,Manual Review,Television,ViewOptics,TV-43U,Home Screen,2024-04-22,2216.86,True,SN-T-483450,SN-T-300261,SN-T-483450,SN-T-483450,SN-T-483450,Mismatch,TV-43U,TV-43U,TV-43U,TV-43U,ViewOptics Warranty Services,2024-04-22,2025-10-22,18,322,Active,Active,False,2024-11-05,2024-12-04,,,226,29,Main Board Defect,Smart hub system failure.,None,False,False,False,True,No previous repairs,0,False,0,False,True,True,True,True,True,True,True,,0,False,False,True,False,True,Conflicting serial numbers,False,False,False,True
CLM-266989,CUST-6947,PRD-413678,INV-51273847,,standard_covered,train,Valid Claim,Smartphone,ApexPhone,SP-100,Mobile Hub,2024-05-15,952.17,True,SN-S-439902,SN-S-439902,SN-S-439902,SN-S-439902,SN-S-439902,Matched,SP-100,SP-100,SP-100,SP-100,ApexPhone Warranty Services,2024-05-15,2025-05-15,12,280,Active,Active,False,2024-07-31,2024-08-08,,,85,8,Manufacturing Defect,Internal motherboard defect causing bootloop.,None,False,False,False,True,No previous repairs,0,False,0,False,True,True,True,True,True,True,True,,0,True,True,True,False,False,,False,False,False,False
CLM-268536,CUST-1484,PRD-619498,INV-81934552,,replacement_not_eligible,train,Invalid Claim,Smartphone,ApexPhone,SP-100,TechMart,2023-09-18,227.18,True,SN-S-647093,SN-S-647093,SN-S-647093,SN-S-647093,SN-S-647093,Matched,SP-100,SP-100,SP-100,SP-100,ApexPhone Warranty Services,2023-09-18,2024-09-18,12,234,Active,Active,False,2024-01-23,2024-01-28,2024-01-13,,132,5,Manufacturing Defect,Internal motherboard defect causing bootloop.,None,False,False,False,True,Replacement requested before policy repair threshold,1,False,0,True,True,True,True,True,True,True,True,,0,True,True,True,False,False,,False,True,False,False
CLM-272180,CUST-7054,PRD-315572,INV-13870432,,serial_mismatch,train,Manual Review,Smartphone,MobileX,SP-100,City Electronics,2024-10-25,2203.28,True,SN-S-886364,SN-S-260633,SN-S-886364,SN-S-886364,SN-S-886364,Mismatch,SP-100,SP-100,SP-100,SP-100,MobileX Warranty Services,2024-10-25,2025-10-25,12,303,Active,Active,False,2024-12-03,2024-12-26,,,62,23,Manufacturing Defect,Internal motherboard defect causing bootloop.,None,False,False,False,True,No previous repairs,0,False,0,False,True,True,True,True,True,True,True,,0,False,False,True,False,True,Conflicting serial numbers,False,False,False,True
CLM-272435,CUST-5014,PRD-540267,INV-14562440,,invalid_receipt,train,Invalid Claim,Television,CineDisplay,TV-55OLED,Electro Store,2023-06-02,547.99,False,SN-T-554894,SN-T-554894,SN-T-554894,SN-T-554894,SN-T-554894,Matched,TV-55OLED,TV-55OLED,TV-55OLED,TV-55OLED,CineDisplay Warranty Services,2023-06-02,2024-12-02,18,394,Active,Active,False,2023-10-25,2023-11-04,,,155,10,Main Board Defect,Smart hub system failure.,None,False,False,False,True,No previous repairs,0,False,0,False,True,False,True,True,True,True,True,,0,False,False,True,False,False,,False,True,False,False
CLM-272535,CUST-2889,PRD-253924,INV-45059710,,standard_covered,train,Valid Claim,Smartphone,MobileX,SP-200,Mobile Hub,2024-02-14,748.2,True,SN-S-634150,SN-S-634150,SN-S-634150,SN-S-634150,SN-S-634150,Matched,SP-200,SP-200,SP-200,SP-200,MobileX Warranty Services,2024-02-14,2025-02-14,12,323,Active,Active,False,2024-03-19,2024-03-28,,,43,9,Battery Manufacturing Defect,Battery swelling or sudden degradation.,None,False,False,False,True,No previous repairs,0,False,0,False,True,True,True,True,True,True,True,,0,True,True,True,False,False,,False,False,False,False
CLM-272734,CUST-5249,PRD-967469,INV-69001888,,serial_mismatch,train,Manual Review,Smartphone,MobileX,SP-100,TechMart,2023-07-24,1036.23,True,SN-S-386050,SN-S-472405,SN-S-386050,SN-S-386050,SN-S-386050,Mismatch,SP-100,SP-100,SP-100,SP-100,MobileX Warranty Services,2023-07-24,2024-07-24,12,179,Active,Active,False,2024-01-11,2024-01-27,,,187,16,Screen Defect (Non-Impact),Touch failure or dead pixels with no physical drop.,None,False,False,False,True,No previous repairs,0,False,0,False,True,True,True,True,True,True,True,,0,False,False,True,False,True,Conflicting serial numbers,False,False,False,True
CLM-274112,CUST-2377,PRD-188749,INV-81804498,,serial_mismatch,train,Manual Review,Laptop,UltraTech,LP-Pro,OfficeDirect,2024-02-10,466.82,True,SN-L-657075,SN-L-763664,SN-L-657075,SN-L-657075,SN-L-657075,Mismatch,LP-Pro,LP-Pro,LP-Pro,LP-Pro,UltraTech Warranty Services,2024-02-10,2026-02-10,24,612,Active,Active,False,2024-05-29,2024-06-08,,,119,10,Keyboard Failure,Multiple keys non-functional.,None,False,False,False,True,No previous repairs,0,False,0,False,True,True,True,True,True,True,True,,0,False,False,True,False,True,Conflicting serial numbers,False,False,False,True
CLM-275343,CUST-4335,PRD-431086,INV-95125977,,standard_covered,train,Valid Claim,Laptop,OmniLap,LP-Pro,OfficeDirect,2023-10-16,3007.26,True,SN-L-385577,SN-L-385577,SN-L-385577,SN-L-385577,SN-L-385577,Matched,LP-Pro,LP-Pro,LP-Pro,LP-Pro,OmniLap Warranty Services,2023-10-16,2025-10-16,24,503,Active,Active,False,2024-04-28,2024-05-31,,,228,33,Keyboard Failure,Multiple keys non-functional.,None,False,False,False,True,No previous repairs,0,False,0,False,True,True,True,True,True,True,True,,0,True,True,True,False,False,,False,False,False,False
CLM-278056,CUST-5300,PRD-713739,INV-87821046,,serial_mismatch,train,Manual Review,Television,CineDisplay,TV-55OLED,Vision Retail,2023-05-08,2674.49,True,SN-T-925673,SN-T-857065,SN-T-925673,SN-T-925673,SN-T-925673,Mismatch,TV-55OLED,TV-55OLED,TV-55OLED,TV-55OLED,CineDisplay Warranty Services,2023-05-08,2024-11-08,18,452,Active,Active,False,2023-08-10,2023-08-14,,,98,4,Display Panel Defect,Internal panel line defect.,None,False,False,False,True,No previous repairs,0,False,0,False,True,True,True,True,True,True,True,,0,False,False,True,False,True,Conflicting serial numbers,False,False,False,True
CLM-281679,CUST-9180,PRD-568946,INV-83905989,,near_expiry_boundary,train,Valid Claim,Laptop,UltraTech,LP-500,OfficeDirect,2023-08-24,2342.94,True,SN-L-445888,SN-L-445888,SN-L-445888,SN-L-445888,SN-L-445888,Matched,LP-500,LP-500,LP-500,LP-500,UltraTech Warranty Services,2023-08-24,2025-08-24,24,8,Active,Active,False,2025-08-11,2025-08-16,,,723,5,Factory SSD Failure,Primary storage failure.,None,False,False,False,True,No previous repairs,0,False,0,False,True,True,True,True,True,True,True,,0,True,True,True,False,False,,False,False,True,False
CLM-282313,CUST-2102,PRD-876345,INV-23542127,,near_expiry_boundary,train,Valid Claim,Television,VisionMax,TV-65Q,Vision Retail,2023-01-17,2139.71,True,SN-T-744793,SN-T-744793,SN-T-744793,SN-T-744793,SN-T-744793,Matched,TV-65Q,TV-65Q,TV-65Q,TV-65Q,VisionMax Warranty Services,2023-01-17,2024-07-17,18,20,Active,Active,False,2024-06-25,2024-06-27,,,527,2,Display Panel Defect,Internal panel line defect.,None,False,False,False,True,No previous repairs,0,False,0,False,True,True,True,True,True,True,True,,0,True,True,True,False,False,,False,False,False,False
CLM-282343,CUST-6247,PRD-151767,INV-29834720,,late_reporting,train,Invalid Claim,Smartphone,MobileX,SP-X,TechMart,2023-01-03,1458.51,True,SN-S-927175,SN-S-927175,SN-S-927175,SN-S-927175,SN-S-927175,Matched,SP-X,SP-X,SP-X,SP-X,MobileX Warranty Services,2023-01-03,2024-01-03,12,297,Active,Active,False,2023-01-23,2023-03-12,,,68,48,Screen Defect (Non-Impact),Touch failure or dead pixels with no physical drop.,None,False,False,False,True,No previous repairs,0,False,0,False,True,True,True,True,True,True,True,,0,True,True,False,False,False,,False,True,False,False
CLM-282566,CUST-9850,PRD-469025,INV-94919213,,borderline_reporting,train,Manual Review,Television,VisionMax,TV-55OLED,Electro Store,2023-05-29,2937.24,True,SN-T-755425,SN-T-755425,SN-T-755425,SN-T-755425,SN-T-755425,Matched,TV-55OLED,TV-55OLED,TV-55OLED,TV-55OLED,VisionMax Warranty Services,2023-05-29,2024-11-29,18,0,Active,Active,False,2024-11-18,2024-11-29,,,550,11,Main Board Defect,Smart hub system failure.,None,False,False,False,True,Claim submitted on warranty expiry boundary,0,False,0,False,True,True,True,True,True,True,True,,0,True,True,True,False,False,,False,False,True,True
CLM-283800,CUST-3387,PRD-162715,INV-53045133,,borderline_reporting,train,Manual Review,Television,CineDisplay,TV-43U,Vision Retail,2024-01-16,2612.9,True,SN-T-790593,SN-T-790593,SN-T-790593,SN-T-790593,SN-T-790593,Matched,TV-43U,TV-43U,TV-43U,TV-43U,CineDisplay Warranty Services,2024-01-16,2025-07-16,18,0,Active,Active,False,2025-07-08,2025-07-16,,,547,8,Main Board Defect,Smart hub system failure.,None,False,False,False,True,Claim submitted on warranty expiry boundary,0,False,0,False,True,True,True,True,True,True,True,,0,True,True,True,False,False,,False,False,True,True
CLM-284025,CUST-8617,PRD-579237,INV-97880113,,expired_warranty,train,Invalid Claim,Smartphone,MobileX,SP-100,TechMart,2023-07-25,3316.34,True,SN-S-397809,SN-S-397809,SN-S-397809,SN-S-397809,SN-S-397809,Matched,SP-100,SP-100,SP-100,SP-100,MobileX Warranty Services,2023-07-25,2024-07-25,12,-126,Expired,Expired,False,2024-11-06,2024-11-28,,,492,22,Battery Manufacturing Defect,Battery swelling or sudden degradation.,None,False,False,False,True,No previous repairs,0,False,0,False,True,True,True,True,True,True,True,,0,True,True,True,False,False,,False,True,False,False
CLM-284646,CUST-5960,PRD-216731,INV-18169177,DUP-678788,duplicate_claim,train,Manual Review,Smartphone,MobileX,SP-100,Mobile Hub,2023-03-07,845.9,True,SN-S-299244,SN-S-299244,SN-S-299244,SN-S-299244,SN-S-299244,Matched,SP-100,SP-100,SP-100,SP-100,MobileX Warranty Services,2023-03-07,2024-03-07,12,71,Active,Active,False,2023-12-19,2023-12-27,,,295,8,Screen Defect (Non-Impact),Touch failure or dead pixels with no physical drop.,None,False,False,False,True,No previous repairs,0,False,0,False,True,True,True,True,True,True,True,,0,True,True,True,True,False,,False,False,False,True
CLM-284655,CUST-3262,PRD-131674,INV-79616482,,near_expiry_boundary,train,Valid Claim,Smartphone,ApexPhone,SP-100,City Electronics,2024-09-18,844.59,True,SN-S-626195,SN-S-626195,SN-S-626195,SN-S-626195,SN-S-626195,Matched,SP-100,SP-100,SP-100,SP-100,ApexPhone Warranty Services,2024-09-18,2025-09-18,12,8,Active,Active,False,2025-08-25,2025-09-10,,,357,16,Charging Port Failure,Charging connector failure under normal usage.,None,False,False,False,True,No previous repairs,0,False,0,False,True,True,True,True,True,True,True,,0,True,True,True,False,False,,False,False,False,False
CLM-285423,CUST-1265,PRD-702838,INV-45000508,,near_expiry_boundary,train,Valid Claim,Smartphone,TechCorp,SP-200,City Electronics,2023-02-16,2003.59,True,SN-S-534037,SN-S-534037,SN-S-534037,SN-S-534037,SN-S-534037,Matched,SP-200,SP-200,SP-200,SP-200,TechCorp Warranty Services,2023-02-16,2024-02-16,12,7,Active,Active,False,2024-01-26,2024-02-09,,,358,14,Screen Defect (Non-Impact),Touch failure or dead pixels with no physical drop.,None,False,False,False,True,No previous repairs,0,False,0,False,True,True,True,True,True,True,True,,0,True,True,True,False,False,,False,False,True,False
CLM-285961,CUST-8855,PRD-748725,INV-19094010,,service_center_unclear,train,Manual Review,Smartphone,MobileX,SP-100,Mobile Hub,2023-12-30,1330.82,True,SN-S-408230,SN-S-408230,SN-S-408230,SN-S-408230,SN-S-408230,Matched,SP-100,SP-100,SP-100,SP-100,MobileX Warranty Services,2023-12-30,2024-12-30,12,267,Active,Active,False,2024-03-08,2024-04-07,2024-02-17,,99,30,Charging Port Failure,Charging connector failure under normal usage.,None,False,False,False,False,Service-center authorization is unclear,1,False,0,False,True,True,True,True,True,True,True,,0,True,True,True,False,False,,False,False,True,True
CLM-286188,CUST-6456,PRD-276389,INV-36707338,DUP-883572,duplicate_claim,train,Manual Review,Laptop,ProBook,LP-500,PC World,2023-08-22,2420.19,True,SN-L-591075,SN-L-591075,SN-L-591075,SN-L-591075,SN-L-591075,Matched,LP-500,LP-500,LP-500,LP-500,ProBook Warranty Services,2023-08-22,2025-08-22,24,509,Active,Active,False,2024-03-14,2024-03-31,,,222,17,Factory SSD Failure,Primary storage failure.,None,False,False,False,True,No previous repairs,0,False,0,False,True,True,True,True,True,True,True,,0,True,True,True,True,False,,False,False,False,True
CLM-287590,CUST-5266,PRD-285514,INV-59616555,,excluded_damage,train,Invalid Claim,Smartphone,TechCorp,SP-100,TechMart,2024-08-11,768.06,True,SN-S-432006,SN-S-432006,SN-S-432006,SN-S-432006,SN-S-432006,Matched,SP-100,SP-100,SP-100,SP-100,TechCorp Warranty Services,2024-08-11,2025-08-11,12,315,Active,Active,False,2024-09-08,2024-09-30,,,50,22,Unauthorized Repair,Device opened by third-party technician.,Unauthorized Modification,False,False,True,True,No previous repairs,0,False,0,False,True,True,True,True,True,True,True,,0,True,True,True,False,False,,False,True,False,False
CLM-288777,CUST-8299,PRD-859881,INV-90982662,,borderline_reporting,train,Manual Review,Laptop,UltraTech,LP-900,OfficeDirect,2023-10-20,3391.91,True,SN-L-782059,SN-L-782059,SN-L-782059,SN-L-782059,SN-L-782059,Matched,LP-900,LP-900,LP-900,LP-900,UltraTech Warranty Services,2023-10-20,2025-10-20,24,0,Active,Active,False,2025-10-10,2025-10-20,,,731,10,Factory SSD Failure,Primary storage failure.,None,False,False,False,True,Claim submitted on warranty expiry boundary,0,False,0,False,True,True,True,True,True,True,True,,0,True,True,True,False,False,,False,False,True,True
CLM-289110,CUST-7401,PRD-897188,INV-11502382,,borderline_reporting,train,Manual Review,Television,CineDisplay,TV-43U,Home Screen,2023-05-31,1395.73,True,SN-T-312281,SN-T-312281,SN-T-312281,SN-T-312281,SN-T-312281,Matched,TV-43U,TV-43U,TV-43U,TV-43U,CineDisplay Warranty Services,2023-05-31,2024-11-30,18,0,Active,Active,False,2024-11-28,2024-11-30,,,549,2,Power Supply Failure,Internal power board failure.,None,False,False,False,True,Claim submitted on warranty expiry boundary,0,False,0,False,True,True,True,True,True,True,True,,0,True,True,True,False,False,,False,False,True,True
CLM-289339,CUST-9474,PRD-887931,INV-50027348,,missing_mandatory_document,train,Manual Review,Smartphone,MobileX,SP-200,Mobile Hub,2023-03-14,488.06,True,SN-S-494388,SN-S-494388,SN-S-494388,SN-S-494388,SN-S-494388,Matched,SP-200,SP-200,SP-200,SP-200,MobileX Warranty Services,2023-03-14,2024-03-14,12,265,Active,Active,False,2023-06-07,2023-06-23,,,101,16,Manufacturing Defect,Internal motherboard defect causing bootloop.,None,False,False,False,True,No previous repairs,0,False,0,False,False,True,True,True,False,True,True,Purchase Receipt|Serial Number Photo,2,False,False,True,False,False,,False,False,False,True
CLM-289772,CUST-6535,PRD-992248,INV-74767783,,serial_mismatch,train,Manual Review,Laptop,UltraTech,LP-Pro,PC World,2023-09-07,2423.16,True,SN-L-596576,SN-L-142078,SN-L-596576,SN-L-596576,SN-L-596576,Mismatch,LP-Pro,LP-Pro,LP-Pro,LP-Pro,UltraTech Warranty Services,2023-09-07,2025-09-07,24,500,Active,Active,False,2024-04-05,2024-04-25,,,231,20,Display Failure,Backlight failure without screen crack.,None,False,False,False,True,No previous repairs,0,False,0,False,True,True,True,True,True,True,True,,0,False,False,True,False,True,Conflicting serial numbers,False,False,False,True
CLM-290089,CUST-4889,PRD-528334,INV-78062865,,unauthorized_repair,train,Invalid Claim,Smartphone,MobileX,SP-200,TechMart,2024-08-23,2894.27,True,SN-S-642827,SN-S-642827,SN-S-642827,SN-S-642827,SN-S-642827,Matched,SP-200,SP-200,SP-200,SP-200,MobileX Warranty Services,2024-08-23,2025-08-23,12,318,Active,Active,False,2024-09-25,2024-10-09,,,47,14,Screen Defect (Non-Impact),Touch failure or dead pixels with no physical drop.,Unauthorized Modification,False,False,True,False,Unauthorized repair reported,0,False,0,False,True,True,True,True,True,True,True,,0,True,True,True,False,False,,False,True,False,True
CLM-290353,CUST-7101,PRD-522000,INV-29053714,,missing_mandatory_document,train,Manual Review,Smartphone,TechCorp,SP-100,Mobile Hub,2023-11-09,270.16,True,SN-S-341734,SN-S-341734,SN-S-341734,SN-S-341734,SN-S-341734,Matched,SP-100,SP-100,SP-100,SP-100,TechCorp Warranty Services,2023-11-09,2024-11-09,12,276,Active,Active,False,2024-01-30,2024-02-07,,,90,8,Screen Defect (Non-Impact),Touch failure or dead pixels with no physical drop.,None,False,False,False,True,No previous repairs,0,False,0,False,True,True,True,True,False,True,True,Serial Number Photo,1,False,False,True,False,False,,False,False,False,True
CLM-291582,CUST-4205,PRD-524745,INV-45606090,,missing_mandatory_document,train,Manual Review,Smartphone,ApexPhone,SP-100,TechMart,2024-08-23,1724.89,True,SN-S-243523,SN-S-243523,SN-S-243523,SN-S-243523,SN-S-243523,Matched,SP-100,SP-100,SP-100,SP-100,ApexPhone Warranty Services,2024-08-23,2025-08-23,12,217,Active,Active,False,2025-01-02,2025-01-18,,,148,16,Charging Port Failure,Charging connector failure under normal usage.,None,False,False,False,True,No previous repairs,0,False,0,False,False,True,True,True,True,True,True,Purchase Receipt,1,False,False,True,False,False,,False,False,False,True
CLM-292750,CUST-8583,PRD-397485,INV-38268552,,serial_mismatch,train,Manual Review,Smartphone,ApexPhone,SP-X,City Electronics,2024-09-11,3286.28,True,SN-S-644609,SN-S-883039,SN-S-644609,SN-S-644609,SN-S-644609,Mismatch,SP-X,SP-X,SP-X,SP-X,ApexPhone Warranty Services,2024-09-11,2025-09-11,12,74,Active,Active,False,2025-05-30,2025-06-29,,,291,30,Battery Manufacturing Defect,Battery swelling or sudden degradation.,None,False,False,False,True,No previous repairs,0,False,0,False,True,True,True,True,True,True,True,,0,False,False,True,False,True,Conflicting serial numbers,False,False,True,True
CLM-292878,CUST-4434,PRD-248810,INV-68848427,,near_expiry_boundary,train,Valid Claim,Laptop,OmniLap,LP-500,Digital Bazaar,2023-07-04,2822.25,True,SN-L-672133,SN-L-672133,SN-L-672133,SN-L-672133,SN-L-672133,Matched,LP-500,LP-500,LP-500,LP-500,OmniLap Warranty Services,2023-07-04,2025-07-04,24,1,Active,Active,False,2025-06-29,2025-07-03,,,730,4,Motherboard Defect,Component failure on main board.,None,False,False,False,True,No previous repairs,0,False,0,False,True,True,True,True,True,True,True,,0,True,True,True,False,False,,False,False,True,False
CLM-293136,CUST-3292,PRD-774144,INV-13416548,,previous_authorized_repair,train,Valid Claim,Smartphone,TechCorp,SP-X,TechMart,2024-09-06,2345.59,True,SN-S-159532,SN-S-159532,SN-S-159532,SN-S-159532,SN-S-159532,Matched,SP-X,SP-X,SP-X,SP-X,TechCorp Warranty Services,2024-09-06,2025-09-06,12,172,Active,Active,False,2025-03-08,2025-03-18,2025-02-18,,193,10,Charging Port Failure,Charging connector failure under normal usage.,None,False,False,False,True,One or more authorized repairs,1,False,0,False,True,True,True,True,True,True,True,,0,True,True,True,False,False,,False,False,False,False
CLM-293180,CUST-8838,PRD-294103,INV-95257731,,borderline_reporting,train,Manual Review,Smartphone,MobileX,SP-200,City Electronics,2023-08-02,2209.59,True,SN-S-493127,SN-S-493127,SN-S-493127,SN-S-493127,SN-S-493127,Matched,SP-200,SP-200,SP-200,SP-200,MobileX Warranty Services,2023-08-02,2024-08-02,12,0,Active,Active,False,2024-07-21,2024-08-02,,,366,12,Battery Manufacturing Defect,Battery swelling or sudden degradation.,None,False,False,False,True,Claim submitted on warranty expiry boundary,0,False,0,False,True,True,True,True,True,True,True,,0,True,True,True,False,False,,False,False,True,True
CLM-293657,CUST-3245,PRD-115550,INV-52886482,,borderline_reporting,train,Manual Review,Smartphone,TechCorp,SP-X,Mobile Hub,2024-08-22,3234.45,True,SN-S-378803,SN-S-378803,SN-S-378803,SN-S-378803,SN-S-378803,Matched,SP-X,SP-X,SP-X,SP-X,TechCorp Warranty Services,2024-08-22,2025-08-22,12,0,Active,Active,False,2025-08-13,2025-08-22,,,365,9,Manufacturing Defect,Internal motherboard defect causing bootloop.,None,False,False,False,True,Claim submitted on warranty expiry boundary,0,False,0,False,True,True,True,True,True,True,True,,0,True,True,True,False,False,,False,False,True,True
CLM-293930,CUST-4296,PRD-495022,INV-31755295,,missing_mandatory_document,train,Manual Review,Smartphone,TechCorp,SP-200,City Electronics,2024-11-26,1604.11,True,SN-S-558767,SN-S-558767,SN-S-558767,SN-S-558767,SN-S-558767,Matched,SP-200,SP-200,SP-200,SP-200,TechCorp Warranty Services,2024-11-26,2025-11-26,12,213,Active,Active,False,2025-04-10,2025-04-27,,,152,17,Battery Manufacturing Defect,Battery swelling or sudden degradation.,None,False,False,False,True,No previous repairs,0,False,0,False,False,True,False,True,True,True,True,Purchase Receipt|Warranty Card,2,False,False,True,False,False,,False,False,False,True
CLM-294006,CUST-3540,PRD-198657,INV-21543189,,missing_mandatory_document,train,Manual Review,Laptop,ProBook,LP-500,PC World,2023-12-25,2539.21,True,SN-L-244408,SN-L-244408,SN-L-244408,SN-L-244408,SN-L-244408,Matched,LP-500,LP-500,LP-500,LP-500,ProBook Warranty Services,2023-12-25,2025-12-25,24,444,Active,Active,False,2024-09-27,2024-10-07,,,287,10,Display Failure,Backlight failure without screen crack.,None,False,False,False,True,No previous repairs,0,False,0,False,False,True,True,True,True,True,False,Purchase Receipt|Technical Diagnostic Report,2,False,False,True,False,False,,False,False,False,True
CLM-295635,CUST-2790,PRD-339357,INV-86687590,,expired_warranty,train,Invalid Claim,Television,ViewOptics,TV-65Q,Home Screen,2023-08-03,2594.59,True,SN-T-829630,SN-T-829630,SN-T-829630,SN-T-829630,SN-T-829630,Matched,TV-65Q,TV-65Q,TV-65Q,TV-65Q,ViewOptics Warranty Services,2023-08-03,2025-02-03,18,-143,Expired,Expired,False,2025-06-23,2025-06-26,,,693,3,Main Board Defect,Smart hub system failure.,None,False,False,False,True,No previous repairs,0,False,0,False,True,True,True,True,True,True,True,,0,True,True,True,False,False,,False,True,False,False
CLM-296631,CUST-1194,PRD-606799,INV-73351303,,unauthorized_repair,train,Invalid Claim,Smartphone,MobileX,SP-100,City Electronics,2023-12-21,2341.2,True,SN-S-395536,SN-S-395536,SN-S-395536,SN-S-395536,SN-S-395536,Matched,SP-100,SP-100,SP-100,SP-100,MobileX Warranty Services,2023-12-21,2024-12-21,12,280,Active,Active,False,2024-02-17,2024-03-16,,,86,28,Charging Port Failure,Charging connector failure under normal usage.,Unauthorized Modification,False,False,True,False,Unauthorized repair reported,0,False,0,False,True,True,True,True,True,True,True,,0,True,True,True,False,False,,False,True,False,True
CLM-300545,CUST-3913,PRD-181424,INV-77631432,,extended_warranty,train,Valid Claim,Television,VisionMax,TV-65Q,Electro Store,2023-12-20,1967.35,True,SN-T-404694,SN-T-404694,SN-T-404694,SN-T-404694,SN-T-404694,Matched,TV-65Q,TV-65Q,TV-65Q,TV-65Q,VisionMax Warranty Services,2023-12-20,2026-06-20,30,805,Active,Active,True,2024-03-16,2024-04-06,,,108,21,Main Board Defect,Smart hub system failure.,None,False,False,False,True,No previous repairs,0,False,0,False,True,True,True,True,True,True,True,,0,True,True,True,False,False,,False,False,False,False
CLM-301960,CUST-3514,PRD-956018,INV-52461165,,invalid_receipt,train,Invalid Claim,Laptop,OmniLap,LP-Pro,OfficeDirect,2024-01-17,3474.7,False,SN-L-849149,SN-L-849149,SN-L-849149,SN-L-849149,SN-L-849149,Matched,LP-Pro,LP-Pro,LP-Pro,LP-Pro,OmniLap Warranty Services,2024-01-17,2026-01-17,24,612,Active,Active,False,2024-05-13,2024-05-15,,,119,2,Keyboard Failure,Multiple keys non-functional.,None,False,False,False,True,No previous repairs,0,False,0,False,True,False,True,True,True,True,True,,0,False,False,True,False,False,,False,True,False,False
CLM-302717,CUST-1306,PRD-547349,INV-37952515,,expired_warranty,train,Invalid Claim,Smartphone,ApexPhone,SP-100,Mobile Hub,2024-08-01,2084.28,True,SN-S-413884,SN-S-413884,SN-S-413884,SN-S-413884,SN-S-413884,Matched,SP-100,SP-100,SP-100,SP-100,ApexPhone Warranty Services,2024-08-01,2025-08-01,12,-98,Expired,Expired,False,2025-11-04,2025-11-07,,,463,3,Battery Manufacturing Defect,Battery swelling or sudden degradation.,None,False,False,False,True,No previous repairs,0,False,0,False,True,True,True,True,True,True,True,,0,True,True,True,False,False,,False,True,False,False
CLM-303675,CUST-9692,PRD-776541,INV-49580505,,standard_covered,train,Valid Claim,Smartphone,MobileX,SP-X,Mobile Hub,2024-07-15,1669.95,True,SN-S-713799,SN-S-713799,SN-S-713799,SN-S-713799,SN-S-713799,Matched,SP-X,SP-X,SP-X,SP-X,MobileX Warranty Services,2024-07-15,2025-07-15,12,130,Active,Active,False,2025-02-15,2025-03-07,,,235,20,Battery Manufacturing Defect,Battery swelling or sudden degradation.,None,False,False,False,True,No previous repairs,0,False,0,False,True,True,True,True,True,True,True,,0,True,True,True,False,False,,False,False,False,False
CLM-303758,CUST-7743,PRD-360853,INV-21928391,,invalid_receipt,train,Invalid Claim,Smartphone,ApexPhone,SP-200,Mobile Hub,2024-11-05,516.07,False,SN-S-659102,SN-S-659102,SN-S-659102,SN-S-659102,SN-S-659102,Matched,SP-200,SP-200,SP-200,SP-200,ApexPhone Warranty Services,2024-11-05,2025-11-05,12,230,Active,Active,False,2025-02-21,2025-03-20,,,135,27,Charging Port Failure,Charging connector failure under normal usage.,None,False,False,False,True,No previous repairs,0,False,0,False,True,False,True,True,True,True,True,,0,False,False,True,False,False,,False,True,False,False
CLM-304721,CUST-9331,PRD-717518,INV-58563745,,standard_covered,train,Valid Claim,Television,ViewOptics,TV-43U,Electro Store,2024-06-23,211.07,True,SN-T-836971,SN-T-836971,SN-T-836971,SN-T-836971,SN-T-836971,Matched,TV-43U,TV-43U,TV-43U,TV-43U,ViewOptics Warranty Services,2024-06-23,2025-12-23,18,302,Active,Active,False,2025-02-14,2025-02-24,,,246,10,Display Panel Defect,Internal panel line defect.,None,False,False,False,True,No previous repairs,0,False,0,False,True,True,True,True,True,True,True,,0,True,True,True,False,False,,False,False,False,False
CLM-305705,CUST-7412,PRD-692389,INV-62487600,,invalid_receipt,train,Invalid Claim,Laptop,OmniLap,LP-900,PC World,2024-11-25,390.61,False,SN-L-542957,SN-L-542957,SN-L-542957,SN-L-542957,SN-L-542957,Matched,LP-900,LP-900,LP-900,LP-900,OmniLap Warranty Services,2024-11-25,2026-11-25,24,593,Active,Active,False,2025-02-25,2025-04-11,,,137,45,Factory SSD Failure,Primary storage failure.,None,False,False,False,True,No previous repairs,0,False,0,False,True,False,True,True,True,True,True,,0,False,False,True,False,False,,False,True,True,False
CLM-306002,CUST-7652,PRD-928416,INV-51999994,,contradictory_information,train,Manual Review,Smartphone,ApexPhone,SP-X,TechMart,2023-11-10,2233.03,True,SN-S-431910,SN-S-431910,SN-S-431910,SN-S-431910,SN-S-431910,Matched,SP-X,SP-X,SP-X,SP-X,ApexPhone Warranty Services,2023-11-10,2024-11-10,12,359,Active,Active,False,2023-10-12,2023-11-17,,,7,36,Manufacturing Defect,Reported fault date predates the purchase date.,None,False,False,False,True,No previous repairs,0,False,0,False,True,True,True,True,True,True,True,,0,False,False,False,False,True,Fault date before purchase date,False,False,False,True
CLM-306061,CUST-1966,PRD-691056,INV-34525524,,invalid_receipt,train,Invalid Claim,Smartphone,ApexPhone,SP-100,City Electronics,2023-08-06,2860.75,False,SN-S-694639,SN-S-694639,SN-S-694639,SN-S-694639,SN-S-694639,Matched,SP-100,SP-100,SP-100,SP-100,ApexPhone Warranty Services,2023-08-06,2024-08-06,12,251,Active,Active,False,2023-10-31,2023-11-29,,,115,29,Screen Defect (Non-Impact),Touch failure or dead pixels with no physical drop.,None,False,False,False,True,No previous repairs,0,False,0,False,True,False,True,True,True,True,True,,0,False,False,True,False,False,,False,True,False,False
CLM-306290,CUST-3001,PRD-256397,INV-43999060,,complex_covered,train,Valid Claim,Laptop,OmniLap,LP-900,PC World,2024-10-06,1762.12,True,SN-L-266316,SN-L-266316,SN-L-266316,SN-L-266316,SN-L-266316,Matched,LP-900,LP-900,LP-900,LP-900,OmniLap Warranty Services,2024-10-06,2026-10-06,24,424,Active,Active,False,2025-07-19,2025-08-08,2025-06-28,,306,20,Motherboard Defect,Component failure on main board. Additional diagnostic evidence supplied.,None,False,False,False,True,Complex repair history with supporting diagnostics,1,False,0,False,True,True,True,True,True,True,True,,0,True,True,True,False,False,,False,False,False,False
CLM-307074,CUST-1129,PRD-545441,INV-23779264,,excluded_damage,train,Invalid Claim,Smartphone,TechCorp,SP-100,City Electronics,2024-02-06,2261.87,True,SN-S-697091,SN-S-697091,SN-S-697091,SN-S-697091,SN-S-697091,Matched,SP-100,SP-100,SP-100,SP-100,TechCorp Warranty Services,2024-02-06,2025-02-06,12,212,Active,Active,False,2024-06-11,2024-07-09,,,154,28,Liquid Damage,Liquid contact indicator triggered.,Liquid Contact,False,True,False,True,No previous repairs,0,False,0,False,True,True,True,True,True,True,True,,0,True,True,True,False,False,,False,True,False,False
CLM-307536,CUST-7858,PRD-909918,INV-45349744,,missing_mandatory_document,train,Manual Review,Television,CineDisplay,TV-43U,Home Screen,2023-01-16,2714.46,True,SN-T-576126,SN-T-576126,SN-T-576126,SN-T-576126,SN-T-576126,Matched,TV-43U,TV-43U,TV-43U,TV-43U,CineDisplay Warranty Services,2023-01-16,2024-07-16,18,443,Active,Active,False,2023-04-07,2023-04-30,,,104,23,Display Panel Defect,Internal panel line defect.,None,False,False,False,True,No previous repairs,0,False,0,False,True,True,True,False,True,True,True,Product ID Tag Photo,1,False,False,True,False,False,,False,False,False,True
CLM-307589,CUST-5353,PRD-582100,INV-16844169,,service_center_unclear,train,Manual Review,Smartphone,MobileX,SP-X,Mobile Hub,2023-10-11,3438.29,True,SN-S-961046,SN-S-961046,SN-S-961046,SN-S-961046,SN-S-961046,Matched,SP-X,SP-X,SP-X,SP-X,MobileX Warranty Services,2023-10-11,2024-10-11,12,254,Active,Active,False,2024-01-11,2024-01-31,2023-12-22,,112,20,Charging Port Failure,Charging connector failure under normal usage.,None,False,False,False,False,Service-center authorization is unclear,1,False,0,False,True,True,True,True,True,True,True,,0,True,True,True,False,False,,False,False,False,True
CLM-310315,CUST-7154,PRD-726650,INV-20770971,,near_expiry_boundary,train,Valid Claim,Television,CineDisplay,TV-65Q,Vision Retail,2024-01-27,2437.15,True,SN-T-492650,SN-T-492650,SN-T-492650,SN-T-492650,SN-T-492650,Matched,TV-65Q,TV-65Q,TV-65Q,TV-65Q,CineDisplay Warranty Services,2024-01-27,2025-07-27,18,15,Active,Active,False,2025-07-07,2025-07-12,,,532,5,Power Supply Failure,Internal power board failure.,None,False,False,False,True,No previous repairs,0,False,0,False,True,True,True,True,True,True,True,,0,True,True,True,False,False,,False,False,False,False
CLM-312386,CUST-4539,PRD-191062,INV-86092056,,contradictory_information,train,Manual Review,Smartphone,ApexPhone,SP-100,City Electronics,2024-10-05,755.47,True,SN-S-952660,SN-S-952660,SN-S-952660,SN-S-952660,SN-S-952660,Matched,SP-100,SP-100,SP-100,SP-100,ApexPhone Warranty Services,2024-10-05,2025-10-05,12,303,Active,Active,False,2024-11-26,2024-12-06,2024-09-17,,62,10,Charging Port Failure,Charging connector failure under normal usage.,None,False,False,False,True,Conflicting repair record predates purchase,1,False,0,False,True,True,True,True,True,True,True,,0,False,False,True,False,True,Repair date before purchase date,False,False,False,True
CLM-313152,CUST-9570,PRD-749826,INV-71521428,,expired_warranty,train,Invalid Claim,Television,VisionMax,TV-55OLED,Electro Store,2024-02-20,3299.3,True,SN-T-144894,SN-T-144894,SN-T-144894,SN-T-144894,SN-T-144894,Matched,TV-55OLED,TV-55OLED,TV-55OLED,TV-55OLED,VisionMax Warranty Services,2024-02-20,2025-08-20,18,-147,Expired,Expired,False,2026-01-09,2026-01-14,,,694,5,Display Panel Defect,Internal panel line defect.,None,False,False,False,True,No previous repairs,0,False,0,False,True,True,True,True,True,True,True,,0,True,True,True,False,False,,False,True,False,False
CLM-315078,CUST-2523,PRD-740413,INV-63543563,,complex_covered,train,Valid Claim,Laptop,OmniLap,LP-500,Digital Bazaar,2023-09-27,2406.89,True,SN-L-972600,SN-L-972600,SN-L-972600,SN-L-972600,SN-L-972600,Matched,LP-500,LP-500,LP-500,LP-500,OmniLap Warranty Services,2023-09-27,2025-09-27,24,542,Active,Active,False,2024-03-12,2024-04-03,,,189,22,Keyboard Failure,Multiple keys non-functional. Additional diagnostic evidence supplied.,None,False,False,False,True,Complex repair history with supporting diagnostics,0,False,0,False,True,True,True,True,True,True,True,,0,True,True,True,False,False,,False,False,False,False
CLM-315082,CUST-5478,PRD-930901,INV-19028796,,excluded_damage,train,Invalid Claim,Television,CineDisplay,TV-43U,Electro Store,2024-08-15,2047.53,True,SN-T-985194,SN-T-985194,SN-T-985194,SN-T-985194,SN-T-985194,Matched,TV-43U,TV-43U,TV-43U,TV-43U,CineDisplay Warranty Services,2024-08-15,2026-02-15,18,413,Active,Active,False,2024-12-22,2024-12-29,,,136,7,Electrical Surge,High voltage power surge damage.,Electrical Surge,False,False,False,True,No previous repairs,0,False,0,False,True,True,True,True,True,True,True,,0,True,True,True,False,False,,False,True,False,False
CLM-315386,CUST-4769,PRD-577533,INV-24781783,,expired_warranty,train,Invalid Claim,Television,CineDisplay,TV-65Q,Vision Retail,2023-07-23,1242.54,True,SN-T-539422,SN-T-539422,SN-T-539422,SN-T-539422,SN-T-539422,Matched,TV-65Q,TV-65Q,TV-65Q,TV-65Q,CineDisplay Warranty Services,2023-07-23,2025-01-23,18,-89,Expired,Expired,False,2025-03-29,2025-04-22,,,639,24,Main Board Defect,Smart hub system failure.,None,False,False,False,True,No previous repairs,0,False,0,False,True,True,True,True,True,True,True,,0,True,True,True,False,False,,False,True,False,False
CLM-315803,CUST-2801,PRD-395988,INV-98725654,,standard_covered,train,Valid Claim,Laptop,OmniLap,LP-500,PC World,2023-05-14,3052.6,True,SN-L-251716,SN-L-251716,SN-L-251716,SN-L-251716,SN-L-251716,Matched,LP-500,LP-500,LP-500,LP-500,OmniLap Warranty Services,2023-05-14,2025-05-14,24,613,Active,Active,False,2023-08-31,2023-09-09,,,118,9,Display Failure,Backlight failure without screen crack.,None,False,False,False,True,No previous repairs,0,False,0,False,True,True,True,True,True,True,True,,0,True,True,True,False,False,,False,False,False,False
CLM-316143,CUST-9394,PRD-493401,INV-25276327,,standard_covered,train,Valid Claim,Television,ViewOptics,TV-55OLED,Electro Store,2024-02-29,1306.33,True,SN-T-563516,SN-T-563516,SN-T-563516,SN-T-563516,SN-T-563516,Matched,TV-55OLED,TV-55OLED,TV-55OLED,TV-55OLED,ViewOptics Warranty Services,2024-02-29,2025-08-29,18,413,Active,Active,False,2024-07-08,2024-07-12,,,134,4,Power Supply Failure,Internal power board failure.,None,False,False,False,True,No previous repairs,0,False,0,False,True,True,True,True,True,True,True,,0,True,True,True,False,False,,False,False,False,False
CLM-318321,CUST-2582,PRD-755255,INV-60015814,,standard_covered,train,Valid Claim,Smartphone,MobileX,SP-100,TechMart,2023-03-29,2869.43,True,SN-S-972176,SN-S-972176,SN-S-972176,SN-S-972176,SN-S-972176,Matched,SP-100,SP-100,SP-100,SP-100,MobileX Warranty Services,2023-03-29,2024-03-29,12,107,Active,Active,False,2023-11-25,2023-12-13,,,259,18,Manufacturing Defect,Internal motherboard defect causing bootloop.,None,False,False,False,True,No previous repairs,0,False,0,False,True,True,True,True,True,True,True,,0,True,True,True,False,False,,False,False,False,False
CLM-318333,CUST-3321,PRD-818718,INV-90363084,,contradictory_information,train,Manual Review,Laptop,ProBook,LP-900,OfficeDirect,2024-02-16,974.68,True,SN-L-489843,SN-L-489843,SN-L-489843,SN-L-489843,SN-L-489843,Matched,LP-900,LP-900,LP-900,LP-900,ProBook Warranty Services,2024-02-16,2026-02-16,24,712,Active,Active,False,2024-01-15,2024-03-06,,,19,51,Motherboard Defect,Reported fault date predates the purchase date.,None,False,False,False,True,No previous repairs,0,False,0,False,True,True,True,True,True,True,True,,0,False,False,False,False,True,Fault date before purchase date,False,False,False,True
CLM-318403,CUST-8899,PRD-654633,INV-16998168,,missing_mandatory_document,train,Manual Review,Smartphone,TechCorp,SP-100,TechMart,2023-07-20,1446.87,True,SN-S-127633,SN-S-127633,SN-S-127633,SN-S-127633,SN-S-127633,Matched,SP-100,SP-100,SP-100,SP-100,TechCorp Warranty Services,2023-07-20,2024-07-20,12,324,Active,Active,False,2023-08-18,2023-08-31,,,42,13,Charging Port Failure,Charging connector failure under normal usage.,None,False,False,False,True,No previous repairs,0,False,0,False,True,True,False,True,False,True,True,Warranty Card|Serial Number Photo,2,False,False,True,False,False,,False,False,False,True
CLM-318897,CUST-6609,PRD-436945,INV-79668788,DUP-453737,duplicate_claim,train,Manual Review,Smartphone,MobileX,SP-100,City Electronics,2024-05-14,1030.59,True,SN-S-457546,SN-S-457546,SN-S-457546,SN-S-457546,SN-S-457546,Matched,SP-100,SP-100,SP-100,SP-100,MobileX Warranty Services,2024-05-14,2025-05-14,12,270,Active,Active,False,2024-07-22,2024-08-17,,,95,26,Charging Port Failure,Charging connector failure under normal usage.,None,False,False,False,True,No previous repairs,0,False,0,False,True,True,True,True,True,True,True,,0,True,True,True,True,False,,False,False,False,True
CLM-319231,CUST-4559,PRD-244104,INV-17575790,,near_expiry_boundary,train,Valid Claim,Smartphone,TechCorp,SP-X,TechMart,2024-03-25,619.45,True,SN-S-521805,SN-S-521805,SN-S-521805,SN-S-521805,SN-S-521805,Matched,SP-X,SP-X,SP-X,SP-X,TechCorp Warranty Services,2024-03-25,2025-03-25,12,4,Active,Active,False,2025-03-15,2025-03-21,,,361,6,Screen Defect (Non-Impact),Touch failure or dead pixels with no physical drop.,None,False,False,False,True,No previous repairs,0,False,0,False,True,True,True,True,True,True,True,,0,True,True,True,False,False,,False,False,True,False
CLM-319707,CUST-6937,PRD-384559,INV-84943752,,late_reporting,train,Invalid Claim,Laptop,OmniLap,LP-500,OfficeDirect,2023-01-03,1737.65,True,SN-L-479279,SN-L-479279,SN-L-479279,SN-L-479279,SN-L-479279,Matched,LP-500,LP-500,LP-500,LP-500,OmniLap Warranty Services,2023-01-03,2025-01-03,24,660,Active,Active,False,2023-01-23,2023-03-15,,,71,51,Keyboard Failure,Multiple keys non-functional.,None,False,False,False,True,No previous repairs,0,False,0,False,True,True,True,True,True,True,True,,0,True,True,False,False,False,,False,True,False,False
CLM-320112,CUST-4150,PRD-732419,INV-19335534,,standard_covered,train,Valid Claim,Television,VisionMax,TV-65Q,Vision Retail,2024-10-05,303.51,True,SN-T-969693,SN-T-969693,SN-T-969693,SN-T-969693,SN-T-969693,Matched,TV-65Q,TV-65Q,TV-65Q,TV-65Q,VisionMax Warranty Services,2024-10-05,2026-04-05,18,334,Active,Active,False,2025-04-28,2025-05-06,,,213,8,Main Board Defect,Smart hub system failure.,None,False,False,False,True,No previous repairs,0,False,0,False,True,True,True,True,True,True,True,,0,True,True,True,False,False,,False,False,False,False
CLM-321552,CUST-1807,PRD-575744,INV-35481281,,expired_warranty,train,Invalid Claim,Television,CineDisplay,TV-55OLED,Electro Store,2024-07-25,1125.45,True,SN-T-141158,SN-T-141158,SN-T-141158,SN-T-141158,SN-T-141158,Matched,TV-55OLED,TV-55OLED,TV-55OLED,TV-55OLED,CineDisplay Warranty Services,2024-07-25,2026-01-25,18,-107,Expired,Expired,False,2026-04-17,2026-05-12,,,656,25,Power Supply Failure,Internal power board failure.,None,False,False,False,True,No previous repairs,0,False,0,False,True,True,True,True,True,True,True,,0,True,True,True,False,False,,False,True,False,False
CLM-321927,CUST-8261,PRD-379152,INV-55960407,DUP-593361,duplicate_claim,train,Manual Review,Smartphone,MobileX,SP-100,TechMart,2024-03-18,2286.91,True,SN-S-168744,SN-S-168744,SN-S-168744,SN-S-168744,SN-S-168744,Matched,SP-100,SP-100,SP-100,SP-100,MobileX Warranty Services,2024-03-18,2025-03-18,12,279,Active,Active,False,2024-05-25,2024-06-12,,,86,18,Battery Manufacturing Defect,Battery swelling or sudden degradation.,None,False,False,False,True,No previous repairs,0,False,0,False,True,True,True,True,True,True,True,,0,True,True,True,True,False,,False,False,False,True
CLM-322918,CUST-5831,PRD-485606,INV-12694823,,previous_authorized_repair,train,Valid Claim,Smartphone,ApexPhone,SP-X,TechMart,2024-04-07,1217.7,True,SN-S-270557,SN-S-270557,SN-S-270557,SN-S-270557,SN-S-270557,Matched,SP-X,SP-X,SP-X,SP-X,ApexPhone Warranty Services,2024-04-07,2025-04-07,12,324,Active,Active,False,2024-05-14,2024-05-18,2024-04-29,,41,4,Manufacturing Defect,Internal motherboard defect causing bootloop.,None,False,False,False,True,One or more authorized repairs,1,False,0,False,True,True,True,True,True,True,True,,0,True,True,True,False,False,,False,False,False,False
CLM-323479,CUST-8652,PRD-929651,INV-76545378,,replacement_not_eligible,train,Invalid Claim,Television,ViewOptics,TV-43U,Home Screen,2024-07-18,1610.81,True,SN-T-465484,SN-T-465484,SN-T-465484,SN-T-465484,SN-T-465484,Matched,TV-43U,TV-43U,TV-43U,TV-43U,ViewOptics Warranty Services,2024-07-18,2026-01-18,18,394,Active,Active,False,2024-12-13,2024-12-20,2024-12-03,,155,7,Main Board Defect,Smart hub system failure.,None,False,False,False,True,Replacement requested before policy repair threshold,1,False,0,True,True,True,True,True,True,True,True,,0,True,True,True,False,False,,False,True,False,False
CLM-324034,CUST-2920,PRD-246441,INV-56011239,,replacement_not_eligible,train,Invalid Claim,Television,VisionMax,TV-55OLED,Home Screen,2024-11-06,3479.03,True,SN-T-287356,SN-T-287356,SN-T-287356,SN-T-287356,SN-T-287356,Matched,TV-55OLED,TV-55OLED,TV-55OLED,TV-55OLED,VisionMax Warranty Services,2024-11-06,2026-05-06,18,418,Active,Active,False,2025-02-22,2025-03-14,2025-02-12,,128,20,Main Board Defect,Smart hub system failure.,None,False,False,False,True,Replacement requested before policy repair threshold,1,False,0,True,True,True,True,True,True,True,True,,0,True,True,True,False,False,,False,True,False,False
CLM-325105,CUST-3224,PRD-633930,INV-81745187,,invalid_receipt,train,Invalid Claim,Television,VisionMax,TV-65Q,Vision Retail,2024-05-02,2272.39,False,SN-T-798281,SN-T-798281,SN-T-798281,SN-T-798281,SN-T-798281,Matched,TV-65Q,TV-65Q,TV-65Q,TV-65Q,VisionMax Warranty Services,2024-05-02,2025-11-02,18,480,Active,Active,False,2024-06-14,2024-07-10,,,69,26,Main Board Defect,Smart hub system failure.,None,False,False,False,True,No previous repairs,0,False,0,False,True,False,True,True,True,True,True,,0,False,False,True,False,False,,False,True,False,False
CLM-325686,CUST-6914,PRD-895474,INV-80598873,,serial_mismatch,train,Manual Review,Smartphone,MobileX,SP-200,TechMart,2023-01-11,802.88,True,SN-S-883945,SN-S-425468,SN-S-883945,SN-S-883945,SN-S-883945,Mismatch,SP-200,SP-200,SP-200,SP-200,MobileX Warranty Services,2023-01-11,2024-01-11,12,100,Active,Active,False,2023-09-14,2023-10-03,,,265,19,Screen Defect (Non-Impact),Touch failure or dead pixels with no physical drop.,None,False,False,False,True,No previous repairs,0,False,0,False,True,True,True,True,True,True,True,,0,False,False,True,False,True,Conflicting serial numbers,False,False,False,True
CLM-326840,CUST-8272,PRD-544238,INV-96528081,,excluded_damage,train,Invalid Claim,Television,ViewOptics,TV-65Q,Electro Store,2024-04-30,221.97,True,SN-T-238440,SN-T-238440,SN-T-238440,SN-T-238440,SN-T-238440,Matched,TV-65Q,TV-65Q,TV-65Q,TV-65Q,ViewOptics Warranty Services,2024-04-30,2025-10-30,18,495,Active,Active,False,2024-05-25,2024-06-22,,,53,28,Cracked Screen,External screen crack from impact.,Physical Impact,True,False,False,True,No previous repairs,0,False,0,False,True,True,True,True,True,True,True,,0,True,True,True,False,False,,False,True,False,False
CLM-327027,CUST-3282,PRD-671742,INV-37411730,,missing_mandatory_document,train,Manual Review,Smartphone,TechCorp,SP-200,City Electronics,2023-07-25,1982.74,True,SN-S-373553,SN-S-373553,SN-S-373553,SN-S-373553,SN-S-373553,Matched,SP-200,SP-200,SP-200,SP-200,TechCorp Warranty Services,2023-07-25,2024-07-25,12,292,Active,Active,False,2023-09-13,2023-10-07,,,74,24,Battery Manufacturing Defect,Battery swelling or sudden degradation.,None,False,False,False,True,No previous repairs,0,False,0,False,True,True,False,True,True,True,True,Warranty Card,1,False,False,True,False,False,,False,False,False,True
CLM-328374,CUST-1722,PRD-224630,INV-10475894,,standard_covered,train,Valid Claim,Television,ViewOptics,TV-55OLED,Home Screen,2024-10-11,1267.41,True,SN-T-196781,SN-T-196781,SN-T-196781,SN-T-196781,SN-T-196781,Matched,TV-55OLED,TV-55OLED,TV-55OLED,TV-55OLED,ViewOptics Warranty Services,2024-10-11,2026-04-11,18,381,Active,Active,False,2025-03-21,2025-03-26,,,166,5,Power Supply Failure,Internal power board failure.,None,False,False,False,True,No previous repairs,0,False,0,False,True,True,True,True,True,True,True,,0,True,True,True,False,False,,False,False,False,False
CLM-328783,CUST-6215,PRD-144070,INV-27921592,,serial_mismatch,train,Manual Review,Laptop,UltraTech,LP-Pro,OfficeDirect,2023-04-09,1489.61,True,SN-L-900122,SN-L-396951,SN-L-900122,SN-L-900122,SN-L-900122,Mismatch,LP-Pro,LP-Pro,LP-Pro,LP-Pro,UltraTech Warranty Services,2023-04-09,2025-04-09,24,625,Active,Active,False,2023-07-03,2023-07-24,,,106,21,Factory SSD Failure,Primary storage failure.,None,False,False,False,True,No previous repairs,0,False,0,False,True,True,True,True,True,True,True,,0,False,False,True,False,True,Conflicting serial numbers,False,False,False,True
CLM-330636,CUST-8621,PRD-870593,INV-59870894,,service_center_unclear,train,Manual Review,Laptop,ProBook,LP-500,PC World,2024-05-13,3105.98,True,SN-L-365205,SN-L-365205,SN-L-365205,SN-L-365205,SN-L-365205,Matched,LP-500,LP-500,LP-500,LP-500,ProBook Warranty Services,2024-05-13,2026-05-13,24,657,Active,Active,False,2024-06-28,2024-07-25,2024-06-08,,73,27,Factory SSD Failure,Primary storage failure.,None,False,False,False,False,Service-center authorization is unclear,1,False,0,False,True,True,True,True,True,True,True,,0,True,True,True,False,False,,False,False,False,True
CLM-330875,CUST-2032,PRD-834435,INV-47691414,,borderline_reporting,train,Manual Review,Television,ViewOptics,TV-55OLED,Vision Retail,2023-06-29,2528.17,True,SN-T-532458,SN-T-532458,SN-T-532458,SN-T-532458,SN-T-532458,Matched,TV-55OLED,TV-55OLED,TV-55OLED,TV-55OLED,ViewOptics Warranty Services,2023-06-29,2024-12-29,18,0,Active,Active,False,2024-12-20,2024-12-29,,,549,9,Display Panel Defect,Internal panel line defect.,None,False,False,False,True,Claim submitted on warranty expiry boundary,0,False,0,False,True,True,True,True,True,True,True,,0,True,True,True,False,False,,False,False,True,True
CLM-331393,CUST-8516,PRD-417180,INV-39540811,,unauthorized_repair,train,Invalid Claim,Television,VisionMax,TV-55OLED,Electro Store,2023-01-13,371.15,True,SN-T-431601,SN-T-431601,SN-T-431601,SN-T-431601,SN-T-431601,Matched,TV-55OLED,TV-55OLED,TV-55OLED,TV-55OLED,VisionMax Warranty Services,2023-01-13,2024-07-13,18,435,Active,Active,False,2023-04-14,2023-05-05,,,112,21,Power Supply Failure,Internal power board failure.,Unauthorized Modification,False,False,True,False,Unauthorized repair reported,0,False,0,False,True,True,True,True,True,True,True,,0,True,True,True,False,False,,False,True,False,True
CLM-331428,CUST-2539,PRD-910145,INV-79946108,,complex_covered,train,Valid Claim,Smartphone,MobileX,SP-200,TechMart,2023-02-04,2381.13,True,SN-S-873449,SN-S-873449,SN-S-873449,SN-S-873449,SN-S-873449,Matched,SP-200,SP-200,SP-200,SP-200,MobileX Warranty Services,2023-02-04,2024-02-04,12,103,Active,Active,False,2023-10-17,2023-10-24,2023-09-25,,262,7,Screen Defect (Non-Impact),Touch failure or dead pixels with no physical drop. Additional diagnostic evidence supplied.,None,False,False,False,True,Complex repair history with supporting diagnostics,1,False,0,False,True,True,True,True,True,True,True,,0,True,True,True,False,False,,False,False,False,False
CLM-331636,CUST-6654,PRD-389204,INV-95456101,,contradictory_information,train,Manual Review,Smartphone,ApexPhone,SP-X,City Electronics,2023-09-01,1674.2,True,SN-S-571514,SN-S-571514,SN-S-571514,SN-S-571514,SN-S-571514,Matched,SP-X,SP-X,SP-X,SP-X,ApexPhone Warranty Services,2023-09-01,2024-09-01,12,250,Active,Active,False,2023-12-08,2023-12-26,2023-08-16,,116,18,Charging Port Failure,Charging connector failure under normal usage.,None,False,False,False,True,Conflicting repair record predates purchase,1,False,0,False,True,True,True,True,True,True,True,,0,False,False,True,False,True,Repair date before purchase date,False,False,False,True
CLM-332040,CUST-7542,PRD-734875,INV-36092407,,unauthorized_repair,train,Invalid Claim,Smartphone,TechCorp,SP-X,Mobile Hub,2024-04-17,1478.86,True,SN-S-808441,SN-S-808441,SN-S-808441,SN-S-808441,SN-S-808441,Matched,SP-X,SP-X,SP-X,SP-X,TechCorp Warranty Services,2024-04-17,2025-04-17,12,277,Active,Active,False,2024-07-10,2024-07-14,,,88,4,Charging Port Failure,Charging connector failure under normal usage.,Unauthorized Modification,False,False,True,False,Unauthorized repair reported,0,False,0,False,True,True,True,True,True,True,True,,0,True,True,True,False,False,,False,True,False,True
CLM-332698,CUST-2267,PRD-292781,INV-90658619,,service_center_unclear,train,Manual Review,Smartphone,ApexPhone,SP-200,City Electronics,2023-07-30,2953.75,True,SN-S-736017,SN-S-736017,SN-S-736017,SN-S-736017,SN-S-736017,Matched,SP-200,SP-200,SP-200,SP-200,ApexPhone Warranty Services,2023-07-30,2024-07-30,12,282,Active,Active,False,2023-10-16,2023-10-22,2023-09-26,,84,6,Battery Manufacturing Defect,Battery swelling or sudden degradation.,None,False,False,False,False,Service-center authorization is unclear,1,False,0,False,True,True,True,True,True,True,True,,0,True,True,True,False,False,,False,False,False,True
CLM-332797,CUST-5302,PRD-517226,INV-29481680,,expired_warranty,train,Invalid Claim,Laptop,OmniLap,LP-Pro,OfficeDirect,2024-11-30,1926.98,True,SN-L-498249,SN-L-498249,SN-L-498249,SN-L-498249,SN-L-498249,Matched,LP-Pro,LP-Pro,LP-Pro,LP-Pro,OmniLap Warranty Services,2024-11-30,2026-11-30,24,-27,Expired,Expired,False,2026-12-08,2026-12-27,,,757,19,Factory SSD Failure,Primary storage failure.,None,False,False,False,True,No previous repairs,0,False,0,False,True,True,True,True,True,True,True,,0,True,True,True,False,False,,False,True,False,False
CLM-333036,CUST-4673,PRD-380931,INV-26288992,,standard_covered,train,Valid Claim,Television,CineDisplay,TV-65Q,Electro Store,2023-06-28,3450.19,True,SN-T-768676,SN-T-768676,SN-T-768676,SN-T-768676,SN-T-768676,Matched,TV-65Q,TV-65Q,TV-65Q,TV-65Q,CineDisplay Warranty Services,2023-06-28,2024-12-28,18,243,Active,Active,False,2024-04-03,2024-04-29,,,306,26,Power Supply Failure,Internal power board failure.,None,False,False,False,True,No previous repairs,0,False,0,False,True,True,True,True,True,True,True,,0,True,True,True,False,False,,False,False,False,False
CLM-333289,CUST-2331,PRD-100806,INV-43115824,,serial_mismatch,train,Manual Review,Laptop,ProBook,LP-500,OfficeDirect,2024-10-15,1181.07,True,SN-L-328092,SN-L-773518,SN-L-328092,SN-L-328092,SN-L-328092,Mismatch,LP-500,LP-500,LP-500,LP-500,ProBook Warranty Services,2024-10-15,2026-10-15,24,431,Active,Active,False,2025-06-27,2025-08-10,,,299,44,Display Failure,Backlight failure without screen crack.,None,False,False,False,True,No previous repairs,0,False,0,False,True,True,True,True,True,True,True,,0,False,False,True,False,True,Conflicting serial numbers,False,False,False,True
CLM-334490,CUST-4919,PRD-375161,INV-33427561,,expired_warranty,train,Invalid Claim,Smartphone,TechCorp,SP-100,TechMart,2023-10-05,2195.3,True,SN-S-770905,SN-S-770905,SN-S-770905,SN-S-770905,SN-S-770905,Matched,SP-100,SP-100,SP-100,SP-100,TechCorp Warranty Services,2023-10-05,2024-10-05,12,-74,Expired,Expired,False,2024-11-25,2024-12-18,,,440,23,Charging Port Failure,Charging connector failure under normal usage.,None,False,False,False,True,No previous repairs,0,False,0,False,True,True,True,True,True,True,True,,0,True,True,True,False,False,,False,True,False,False
CLM-335086,CUST-6921,PRD-914521,INV-37913590,,replacement_not_eligible,train,Invalid Claim,Smartphone,TechCorp,SP-200,City Electronics,2023-04-06,1459.18,True,SN-S-289401,SN-S-289401,SN-S-289401,SN-S-289401,SN-S-289401,Matched,SP-200,SP-200,SP-200,SP-200,TechCorp Warranty Services,2023-04-06,2024-04-06,12,234,Active,Active,False,2023-08-15,2023-08-16,2023-08-05,,132,1,Manufacturing Defect,Internal motherboard defect causing bootloop.,None,False,False,False,True,Replacement requested before policy repair threshold,1,False,0,True,True,True,True,True,True,True,True,,0,True,True,True,False,False,,False,True,False,False
CLM-335513,CUST-2479,PRD-827317,INV-62958901,,standard_covered,train,Valid Claim,Laptop,ProBook,LP-900,OfficeDirect,2023-08-20,196.63,True,SN-L-247594,SN-L-247594,SN-L-247594,SN-L-247594,SN-L-247594,Matched,LP-900,LP-900,LP-900,LP-900,ProBook Warranty Services,2023-08-20,2025-08-20,24,489,Active,Active,False,2024-03-14,2024-04-18,,,242,35,Factory SSD Failure,Primary storage failure.,None,False,False,False,True,No previous repairs,0,False,0,False,True,True,True,True,True,True,True,,0,True,True,True,False,False,,False,False,False,False
CLM-335515,CUST-3126,PRD-645013,INV-29138848,DUP-600998,duplicate_claim,train,Manual Review,Smartphone,MobileX,SP-X,Mobile Hub,2023-05-09,905.6,True,SN-S-305821,SN-S-305821,SN-S-305821,SN-S-305821,SN-S-305821,Matched,SP-X,SP-X,SP-X,SP-X,MobileX Warranty Services,2023-05-09,2024-05-09,12,80,Active,Active,False,2024-02-16,2024-02-19,,,286,3,Screen Defect (Non-Impact),Touch failure or dead pixels with no physical drop.,None,False,False,False,True,No previous repairs,0,False,0,False,True,True,True,True,True,True,True,,0,True,True,True,True,False,,False,False,False,True
CLM-336656,CUST-7704,PRD-992707,INV-11372698,,contradictory_information,train,Manual Review,Television,CineDisplay,TV-65Q,Vision Retail,2024-10-31,1543.22,True,SN-T-314828,SN-T-314828,SN-T-314828,SN-T-314828,SN-T-314828,Matched,TV-65Q,TV-65Q,TV-65Q,TV-65Q,CineDisplay Warranty Services,2024-10-31,2026-04-30,18,530,Active,Active,False,2024-10-14,2024-11-16,,,16,33,Main Board Defect,Reported fault date predates the purchase date.,None,False,False,False,True,No previous repairs,0,False,0,False,True,True,True,True,True,True,True,,0,False,False,False,False,True,Fault date before purchase date,False,False,False,True
CLM-337355,CUST-8910,PRD-951153,INV-66237786,,invalid_receipt,train,Invalid Claim,Television,ViewOptics,TV-55OLED,Vision Retail,2023-05-01,1904.61,False,SN-T-760460,SN-T-760460,SN-T-760460,SN-T-760460,SN-T-760460,Matched,TV-55OLED,TV-55OLED,TV-55OLED,TV-55OLED,ViewOptics Warranty Services,2023-05-01,2024-11-01,18,519,Active,Active,False,2023-05-26,2023-06-01,,,31,6,Power Supply Failure,Internal power board failure.,None,False,False,False,True,No previous repairs,0,False,0,False,True,False,True,True,True,True,True,,0,False,False,True,False,False,,False,True,False,False
CLM-337420,CUST-7161,PRD-775731,INV-47621248,,near_expiry_boundary,train,Valid Claim,Smartphone,ApexPhone,SP-X,Mobile Hub,2024-08-12,2885.26,True,SN-S-614858,SN-S-614858,SN-S-614858,SN-S-614858,SN-S-614858,Matched,SP-X,SP-X,SP-X,SP-X,ApexPhone Warranty Services,2024-08-12,2025-08-12,12,12,Active,Active,False,2025-07-29,2025-07-31,,,353,2,Screen Defect (Non-Impact),Touch failure or dead pixels with no physical drop.,None,False,False,False,True,No previous repairs,0,False,0,False,True,True,True,True,True,True,True,,0,True,True,True,False,False,,False,False,False,False
CLM-339256,CUST-9093,PRD-649909,INV-32881048,,unauthorized_repair,train,Invalid Claim,Laptop,ProBook,LP-500,Digital Bazaar,2023-04-24,1998.48,True,SN-L-515326,SN-L-515326,SN-L-515326,SN-L-515326,SN-L-515326,Matched,LP-500,LP-500,LP-500,LP-500,ProBook Warranty Services,2023-04-24,2025-04-24,24,523,Active,Active,False,2023-10-05,2023-11-18,,,208,44,Display Failure,Backlight failure without screen crack.,Unauthorized Modification,False,False,True,False,Unauthorized repair reported,0,False,0,False,True,True,True,True,True,True,True,,0,True,True,True,False,False,,False,True,False,True
CLM-341831,CUST-5075,PRD-993573,INV-49014249,,service_center_unclear,train,Manual Review,Laptop,UltraTech,LP-500,OfficeDirect,2023-12-28,3159.82,True,SN-L-429474,SN-L-429474,SN-L-429474,SN-L-429474,SN-L-429474,Matched,LP-500,LP-500,LP-500,LP-500,UltraTech Warranty Services,2023-12-28,2025-12-28,24,594,Active,Active,False,2024-04-12,2024-05-13,2024-03-23,,137,31,Factory SSD Failure,Primary storage failure.,None,False,False,False,False,Service-center authorization is unclear,1,False,0,False,True,True,True,True,True,True,True,,0,True,True,True,False,False,,False,False,False,True
CLM-342875,CUST-3527,PRD-138278,INV-96851348,,excluded_damage,train,Invalid Claim,Laptop,OmniLap,LP-900,Digital Bazaar,2024-06-02,1368.52,True,SN-L-562965,SN-L-562965,SN-L-562965,SN-L-562965,SN-L-562965,Matched,LP-900,LP-900,LP-900,LP-900,OmniLap Warranty Services,2024-06-02,2026-06-02,24,630,Active,Active,False,2024-08-12,2024-09-10,,,100,29,Physical Damage,Hinge broken or chassis damage.,Physical Impact,True,False,False,True,No previous repairs,0,False,0,False,True,True,True,True,True,True,True,,0,True,True,True,False,False,,False,True,False,False
CLM-343325,CUST-6609,PRD-436945,INV-79668788,DUP-453737,duplicate_claim,train,Manual Review,Smartphone,MobileX,SP-100,City Electronics,2024-05-14,1030.59,True,SN-S-457546,SN-S-457546,SN-S-457546,SN-S-457546,SN-S-457546,Matched,SP-100,SP-100,SP-100,SP-100,MobileX Warranty Services,2024-05-14,2025-05-14,12,270,Active,Active,False,2024-07-22,2024-08-17,,,95,26,Charging Port Failure,Charging connector failure under normal usage.,None,False,False,False,True,No previous repairs,0,False,0,False,True,True,True,True,True,True,True,,0,True,True,True,True,False,,False,False,False,True
CLM-343382,CUST-9328,PRD-888000,INV-63762374,,complex_covered,train,Valid Claim,Laptop,OmniLap,LP-500,PC World,2023-06-15,2783.37,True,SN-L-921149,SN-L-921149,SN-L-921149,SN-L-921149,SN-L-921149,Matched,LP-500,LP-500,LP-500,LP-500,OmniLap Warranty Services,2023-06-15,2025-06-15,24,566,Active,Active,False,2023-10-22,2023-11-27,,,165,36,Motherboard Defect,Component failure on main board. Additional diagnostic evidence supplied.,None,False,False,False,True,Complex repair history with supporting diagnostics,0,False,0,False,True,True,True,True,True,True,True,,0,True,True,True,False,False,,False,False,False,False
CLM-344764,CUST-7599,PRD-597026,INV-14967155,,replacement_not_eligible,train,Invalid Claim,Television,VisionMax,TV-65Q,Electro Store,2024-04-17,3151.03,True,SN-T-104872,SN-T-104872,SN-T-104872,SN-T-104872,SN-T-104872,Matched,TV-65Q,TV-65Q,TV-65Q,TV-65Q,VisionMax Warranty Services,2024-04-17,2025-10-17,18,449,Active,Active,False,2024-07-23,2024-07-25,2024-07-13,,99,2,Power Supply Failure,Internal power board failure.,None,False,False,False,True,Replacement requested before policy repair threshold,1,False,0,True,True,True,True,True,True,True,True,,0,True,True,True,False,False,,False,True,False,False
CLM-347845,CUST-6614,PRD-270420,INV-64920799,,previous_authorized_repair,train,Valid Claim,Television,ViewOptics,TV-55OLED,Home Screen,2023-06-04,3457.09,True,SN-T-995735,SN-T-995735,SN-T-995735,SN-T-995735,SN-T-995735,Matched,TV-55OLED,TV-55OLED,TV-55OLED,TV-55OLED,ViewOptics Warranty Services,2023-06-04,2024-12-04,18,398,Active,Active,False,2023-10-04,2023-11-02,2023-09-25,,151,29,Display Panel Defect,Internal panel line defect.,None,False,False,False,True,One or more authorized repairs,1,False,0,False,True,True,True,True,True,True,True,,0,True,True,True,False,False,,False,False,False,False
CLM-349003,CUST-3248,PRD-576327,INV-66268745,,previous_authorized_repair,train,Valid Claim,Television,ViewOptics,TV-65Q,Vision Retail,2023-03-31,818.18,True,SN-T-163941,SN-T-163941,SN-T-163941,SN-T-163941,SN-T-163941,Matched,TV-65Q,TV-65Q,TV-65Q,TV-65Q,ViewOptics Warranty Services,2023-03-31,2024-09-30,18,304,Active,Active,False,2023-11-02,2023-12-01,2023-10-08,,245,29,Power Supply Failure,Internal power board failure.,None,False,False,False,True,One or more authorized repairs,1,False,0,False,True,True,True,True,True,True,True,,0,True,True,True,False,False,,False,False,False,False
CLM-350444,CUST-1693,PRD-325796,INV-91520297,,invalid_receipt,train,Invalid Claim,Television,CineDisplay,TV-55OLED,Electro Store,2023-12-20,1652.98,False,SN-T-660280,SN-T-660280,SN-T-660280,SN-T-660280,SN-T-660280,Matched,TV-55OLED,TV-55OLED,TV-55OLED,TV-55OLED,CineDisplay Warranty Services,2023-12-20,2025-06-20,18,465,Active,Active,False,2024-03-06,2024-03-12,,,83,6,Display Panel Defect,Internal panel line defect.,None,False,False,False,True,No previous repairs,0,False,0,False,True,False,True,True,True,True,True,,0,False,False,True,False,False,,False,True,False,False
CLM-350779,CUST-6143,PRD-436214,INV-58483417,DUP-373383,duplicate_claim,train,Manual Review,Smartphone,ApexPhone,SP-X,City Electronics,2023-01-23,3182.1,True,SN-S-823066,SN-S-823066,SN-S-823066,SN-S-823066,SN-S-823066,Matched,SP-X,SP-X,SP-X,SP-X,ApexPhone Warranty Services,2023-01-23,2024-01-23,12,296,Active,Active,False,2023-03-18,2023-04-02,,,69,15,Screen Defect (Non-Impact),Touch failure or dead pixels with no physical drop.,None,False,False,False,True,No previous repairs,0,False,0,False,True,True,True,True,True,True,True,,0,True,True,True,True,False,,False,False,False,True
CLM-351935,CUST-8987,PRD-912343,INV-62587561,,invalid_receipt,train,Invalid Claim,Smartphone,MobileX,SP-100,Mobile Hub,2023-08-19,1151.99,False,SN-S-320843,SN-S-320843,SN-S-320843,SN-S-320843,SN-S-320843,Matched,SP-100,SP-100,SP-100,SP-100,MobileX Warranty Services,2023-08-19,2024-08-19,12,305,Active,Active,False,2023-10-18,2023-10-19,,,61,1,Manufacturing Defect,Internal motherboard defect causing bootloop.,None,False,False,False,True,No previous repairs,0,False,0,False,True,False,True,True,True,True,True,,0,False,False,True,False,False,,False,True,False,False
CLM-352065,CUST-3086,PRD-526911,INV-39888974,,near_expiry_boundary,train,Valid Claim,Smartphone,ApexPhone,SP-200,TechMart,2024-07-04,2946.65,True,SN-S-287143,SN-S-287143,SN-S-287143,SN-S-287143,SN-S-287143,Matched,SP-200,SP-200,SP-200,SP-200,ApexPhone Warranty Services,2024-07-04,2025-07-04,12,1,Active,Active,False,2025-07-01,2025-07-03,,,364,2,Charging Port Failure,Charging connector failure under normal usage.,None,False,False,False,True,No previous repairs,0,False,0,False,True,True,True,True,True,True,True,,0,True,True,True,False,False,,False,False,True,False
CLM-352193,CUST-3626,PRD-908971,INV-59432646,,missing_mandatory_document,train,Manual Review,Laptop,UltraTech,LP-900,Digital Bazaar,2024-04-26,299.45,True,SN-L-492917,SN-L-492917,SN-L-492917,SN-L-492917,SN-L-492917,Matched,LP-900,LP-900,LP-900,LP-900,UltraTech Warranty Services,2024-04-26,2026-04-26,24,685,Active,Active,False,2024-05-31,2024-06-10,,,45,10,Display Failure,Backlight failure without screen crack.,None,False,False,False,True,No previous repairs,0,False,0,False,False,True,True,True,True,True,False,Purchase Receipt|Technical Diagnostic Report,2,False,False,True,False,False,,False,False,False,True
CLM-352279,CUST-3804,PRD-394869,INV-56113991,,expired_warranty,train,Invalid Claim,Television,ViewOptics,TV-43U,Home Screen,2024-04-21,886.51,True,SN-T-993021,SN-T-993021,SN-T-993021,SN-T-993021,SN-T-993021,Matched,TV-43U,TV-43U,TV-43U,TV-43U,ViewOptics Warranty Services,2024-04-21,2025-10-21,18,-71,Expired,Expired,False,2025-12-05,2025-12-31,,,619,26,Power Supply Failure,Internal power board failure.,None,False,False,False,True,No previous repairs,0,False,0,False,True,True,True,True,True,True,True,,0,True,True,True,False,False,,False,True,False,False
CLM-352432,CUST-5345,PRD-912087,INV-71070189,,standard_covered,train,Valid Claim,Laptop,ProBook,LP-900,OfficeDirect,2024-01-24,1105.58,True,SN-L-272634,SN-L-272634,SN-L-272634,SN-L-272634,SN-L-272634,Matched,LP-900,LP-900,LP-900,LP-900,ProBook Warranty Services,2024-01-24,2026-01-24,24,467,Active,Active,False,2024-08-30,2024-10-14,,,264,45,Motherboard Defect,Component failure on main board.,None,False,False,False,True,No previous repairs,0,False,0,False,True,True,True,True,True,True,True,,0,True,True,True,False,False,,False,False,True,False
CLM-352916,CUST-8521,PRD-828579,INV-82129763,,service_center_unclear,train,Manual Review,Laptop,OmniLap,LP-900,PC World,2024-02-06,1293.69,True,SN-L-357565,SN-L-357565,SN-L-357565,SN-L-357565,SN-L-357565,Matched,LP-900,LP-900,LP-900,LP-900,OmniLap Warranty Services,2024-02-06,2026-02-06,24,619,Active,Active,False,2024-05-23,2024-05-28,2024-05-03,,112,5,Factory SSD Failure,Primary storage failure.,None,False,False,False,False,Service-center authorization is unclear,1,False,0,False,True,True,True,True,True,True,True,,0,True,True,True,False,False,,False,False,False,True
CLM-354282,CUST-7282,PRD-425592,INV-20738641,,serial_mismatch,train,Manual Review,Smartphone,MobileX,SP-X,City Electronics,2023-07-03,653.8,True,SN-S-217096,SN-S-841935,SN-S-217096,SN-S-217096,SN-S-217096,Mismatch,SP-X,SP-X,SP-X,SP-X,MobileX Warranty Services,2023-07-03,2024-07-03,12,63,Active,Active,False,2024-04-20,2024-05-01,,,303,11,Charging Port Failure,Charging connector failure under normal usage.,None,False,False,False,True,No previous repairs,0,False,0,False,True,True,True,True,True,True,True,,0,False,False,True,False,True,Conflicting serial numbers,False,False,False,True
CLM-354368,CUST-5308,PRD-616643,INV-20631350,,complex_covered,train,Valid Claim,Smartphone,TechCorp,SP-X,Mobile Hub,2024-02-04,1564.5,True,SN-S-777370,SN-S-777370,SN-S-777370,SN-S-777370,SN-S-777370,Matched,SP-X,SP-X,SP-X,SP-X,TechCorp Warranty Services,2024-02-04,2025-02-04,12,226,Active,Active,False,2024-06-15,2024-06-23,2024-05-17,,140,8,Charging Port Failure,Charging connector failure under normal usage. Additional diagnostic evidence supplied.,None,False,False,False,True,Complex repair history with supporting diagnostics,2,False,0,False,True,True,True,True,True,True,True,,0,True,True,True,False,False,,False,False,False,False
CLM-355022,CUST-9797,PRD-238826,INV-54977656,,expired_warranty,train,Invalid Claim,Television,VisionMax,TV-65Q,Home Screen,2023-06-09,1699.27,True,SN-T-604884,SN-T-604884,SN-T-604884,SN-T-604884,SN-T-604884,Matched,TV-65Q,TV-65Q,TV-65Q,TV-65Q,VisionMax Warranty Services,2023-06-09,2024-12-09,18,-140,Expired,Expired,False,2025-03-29,2025-04-28,,,689,30,Main Board Defect,Smart hub system failure.,None,False,False,False,True,No previous repairs,0,False,0,False,True,True,True,True,True,True,True,,0,True,True,True,False,False,,False,True,True,False
CLM-355073,CUST-2832,PRD-928136,INV-20099059,,standard_covered,train,Valid Claim,Smartphone,ApexPhone,SP-200,TechMart,2024-03-28,3315.92,True,SN-S-877236,SN-S-877236,SN-S-877236,SN-S-877236,SN-S-877236,Matched,SP-200,SP-200,SP-200,SP-200,ApexPhone Warranty Services,2024-03-28,2025-03-28,12,318,Active,Active,False,2024-04-21,2024-05-14,,,47,23,Charging Port Failure,Charging connector failure under normal usage.,None,False,False,False,True,No previous repairs,0,False,0,False,True,True,True,True,True,True,True,,0,True,True,True,False,False,,False,False,False,False
CLM-355347,CUST-9596,PRD-513578,INV-21270276,,excluded_damage,train,Invalid Claim,Smartphone,ApexPhone,SP-100,Mobile Hub,2023-06-08,1123.86,True,SN-S-819571,SN-S-819571,SN-S-819571,SN-S-819571,SN-S-819571,Matched,SP-100,SP-100,SP-100,SP-100,ApexPhone Warranty Services,2023-06-08,2024-06-08,12,214,Active,Active,False,2023-10-28,2023-11-07,,,152,10,Physical Damage,Cracked screen or casing from impact.,Physical Impact,True,False,False,True,No previous repairs,0,False,0,False,True,True,True,True,True,True,True,,0,True,True,True,False,False,,False,True,False,False
CLM-355705,CUST-9604,PRD-990324,INV-87823224,,missing_mandatory_document,train,Manual Review,Laptop,ProBook,LP-500,PC World,2023-12-16,1852.56,True,SN-L-617255,SN-L-617255,SN-L-617255,SN-L-617255,SN-L-617255,Matched,LP-500,LP-500,LP-500,LP-500,ProBook Warranty Services,2023-12-16,2025-12-16,24,418,Active,Active,False,2024-09-26,2024-10-24,,,313,28,Motherboard Defect,Component failure on main board.,None,False,False,False,True,No previous repairs,0,False,0,False,True,True,True,True,False,True,True,Serial Number Photo,1,False,False,True,False,False,,False,False,False,True
CLM-356262,CUST-1221,PRD-505132,INV-11261132,,late_reporting,train,Invalid Claim,Television,CineDisplay,TV-43U,Home Screen,2023-03-27,3358.02,True,SN-T-360406,SN-T-360406,SN-T-360406,SN-T-360406,SN-T-360406,Matched,TV-43U,TV-43U,TV-43U,TV-43U,CineDisplay Warranty Services,2023-03-27,2024-09-27,18,480,Active,Active,False,2023-04-16,2023-06-05,,,70,50,Power Supply Failure,Internal power board failure.,None,False,False,False,True,No previous repairs,0,False,0,False,True,True,True,True,True,True,True,,0,True,True,False,False,False,,False,True,False,False
CLM-357229,CUST-2213,PRD-126919,INV-70672142,,standard_covered,train,Valid Claim,Smartphone,ApexPhone,SP-200,Mobile Hub,2023-07-24,728.4,True,SN-S-615060,SN-S-615060,SN-S-615060,SN-S-615060,SN-S-615060,Matched,SP-200,SP-200,SP-200,SP-200,ApexPhone Warranty Services,2023-07-24,2024-07-24,12,254,Active,Active,False,2023-10-21,2023-11-13,,,112,23,Manufacturing Defect,Internal motherboard defect causing bootloop.,None,False,False,False,True,No previous repairs,0,False,0,False,True,True,True,True,True,True,True,,0,True,True,True,False,False,,False,False,False,False
CLM-358251,CUST-3713,PRD-442711,INV-40868838,,extended_warranty,train,Valid Claim,Television,ViewOptics,TV-55OLED,Electro Store,2024-05-28,408.25,True,SN-T-106918,SN-T-106918,SN-T-106918,SN-T-106918,SN-T-106918,Matched,TV-55OLED,TV-55OLED,TV-55OLED,TV-55OLED,ViewOptics Warranty Services,2024-05-28,2026-11-28,30,648,Active,Active,True,2025-01-28,2025-02-18,,,266,21,Display Panel Defect,Internal panel line defect.,None,False,False,False,True,No previous repairs,0,False,0,False,True,True,True,True,True,True,True,,0,True,True,True,False,False,,False,False,False,False
CLM-358298,CUST-6428,PRD-384745,INV-18169131,,missing_mandatory_document,train,Manual Review,Television,CineDisplay,TV-43U,Vision Retail,2023-04-10,556.83,True,SN-T-723210,SN-T-723210,SN-T-723210,SN-T-723210,SN-T-723210,Matched,TV-43U,TV-43U,TV-43U,TV-43U,CineDisplay Warranty Services,2023-04-10,2024-10-10,18,264,Active,Active,False,2024-01-01,2024-01-20,,,285,19,Power Supply Failure,Internal power board failure.,None,False,False,False,True,No previous repairs,0,False,0,False,False,True,True,True,True,True,True,Purchase Receipt,1,False,False,True,False,False,,False,False,False,True
CLM-358317,CUST-2033,PRD-366728,INV-71428713,,standard_covered,train,Valid Claim,Laptop,OmniLap,LP-500,Digital Bazaar,2024-05-05,273.9,True,SN-L-587192,SN-L-587192,SN-L-587192,SN-L-587192,SN-L-587192,Matched,LP-500,LP-500,LP-500,LP-500,OmniLap Warranty Services,2024-05-05,2026-05-05,24,628,Active,Active,False,2024-08-02,2024-08-15,,,102,13,Keyboard Failure,Multiple keys non-functional.,None,False,False,False,True,No previous repairs,0,False,0,False,True,True,True,True,True,True,True,,0,True,True,True,False,False,,False,False,False,False
CLM-358419,CUST-9451,PRD-728978,INV-88786294,,unauthorized_repair,train,Invalid Claim,Laptop,UltraTech,LP-500,OfficeDirect,2023-08-03,2783.02,True,SN-L-858472,SN-L-858472,SN-L-858472,SN-L-858472,SN-L-858472,Matched,LP-500,LP-500,LP-500,LP-500,UltraTech Warranty Services,2023-08-03,2025-08-03,24,571,Active,Active,False,2023-12-19,2024-01-10,,,160,22,Factory SSD Failure,Primary storage failure.,Unauthorized Modification,False,False,True,False,Unauthorized repair reported,0,False,0,False,True,True,True,True,True,True,True,,0,True,True,True,False,False,,False,True,False,True
CLM-358579,CUST-8578,PRD-873048,INV-84281278,,service_center_unclear,train,Manual Review,Television,VisionMax,TV-43U,Vision Retail,2023-07-03,2698.88,True,SN-T-956990,SN-T-956990,SN-T-956990,SN-T-956990,SN-T-956990,Matched,TV-43U,TV-43U,TV-43U,TV-43U,VisionMax Warranty Services,2023-07-03,2025-01-03,18,493,Active,Active,False,2023-08-24,2023-08-29,2023-08-04,,57,5,Main Board Defect,Smart hub system failure.,None,False,False,False,False,Service-center authorization is unclear,1,False,0,False,True,True,True,True,True,True,True,,0,True,True,True,False,False,,False,False,False,True
CLM-358891,CUST-7825,PRD-116928,INV-51963706,,extended_warranty,train,Valid Claim,Laptop,OmniLap,LP-900,Digital Bazaar,2023-02-18,3385.54,True,SN-L-796772,SN-L-796772,SN-L-796772,SN-L-796772,SN-L-796772,Matched,LP-900,LP-900,LP-900,LP-900,OmniLap Warranty Services,2023-02-18,2026-02-18,36,874,Active,Active,True,2023-09-24,2023-09-28,,,222,4,Factory SSD Failure,Primary storage failure.,None,False,False,False,True,No previous repairs,0,False,0,False,True,True,True,True,True,True,True,,0,True,True,True,False,False,,False,False,False,False
CLM-359540,CUST-3676,PRD-767460,INV-18057946,,complex_covered,train,Valid Claim,Television,ViewOptics,TV-55OLED,Electro Store,2023-02-18,871.82,True,SN-T-695417,SN-T-695417,SN-T-695417,SN-T-695417,SN-T-695417,Matched,TV-55OLED,TV-55OLED,TV-55OLED,TV-55OLED,ViewOptics Warranty Services,2023-02-18,2024-08-18,18,468,Active,Active,False,2023-04-29,2023-05-08,2023-03-30,,79,9,Power Supply Failure,Internal power board failure. Additional diagnostic evidence supplied.,None,False,False,False,True,Complex repair history with supporting diagnostics,1,False,0,False,True,True,True,True,True,True,True,,0,True,True,True,False,False,,False,False,False,False
CLM-361319,CUST-2983,PRD-834169,INV-79769403,,missing_mandatory_document,train,Manual Review,Laptop,OmniLap,LP-Pro,OfficeDirect,2023-03-10,474.49,True,SN-L-220280,SN-L-220280,SN-L-220280,SN-L-220280,SN-L-220280,Matched,LP-Pro,LP-Pro,LP-Pro,LP-Pro,OmniLap Warranty Services,2023-03-10,2025-03-10,24,619,Active,Active,False,2023-06-16,2023-06-30,,,112,14,Motherboard Defect,Component failure on main board.,None,False,False,False,True,No previous repairs,0,False,0,False,False,True,True,True,True,True,True,Purchase Receipt,1,False,False,True,False,False,,False,False,False,True
CLM-361623,CUST-9644,PRD-438541,INV-42282510,,missing_mandatory_document,train,Manual Review,Smartphone,ApexPhone,SP-200,Mobile Hub,2024-11-15,2085.91,True,SN-S-568482,SN-S-568482,SN-S-568482,SN-S-568482,SN-S-568482,Matched,SP-200,SP-200,SP-200,SP-200,ApexPhone Warranty Services,2024-11-15,2025-11-15,12,56,Active,Active,False,2025-08-29,2025-09-20,,,309,22,Manufacturing Defect,Internal motherboard defect causing bootloop.,None,False,False,False,True,No previous repairs,0,False,0,False,True,True,False,True,True,True,True,Warranty Card,1,False,False,True,False,False,,False,False,False,True
CLM-361977,CUST-5840,PRD-987750,INV-65831276,,near_expiry_boundary,train,Valid Claim,Smartphone,ApexPhone,SP-X,TechMart,2023-01-26,3233.83,True,SN-S-461724,SN-S-461724,SN-S-461724,SN-S-461724,SN-S-461724,Matched,SP-X,SP-X,SP-X,SP-X,ApexPhone Warranty Services,2023-01-26,2024-01-26,12,4,Active,Active,False,2024-01-20,2024-01-22,,,361,2,Charging Port Failure,Charging connector failure under normal usage.,None,False,False,False,True,No previous repairs,0,False,0,False,True,True,True,True,True,True,True,,0,True,True,True,False,False,,False,False,True,False
CLM-361985,CUST-9333,PRD-718668,INV-77702274,,unauthorized_repair,train,Invalid Claim,Laptop,ProBook,LP-500,OfficeDirect,2024-09-03,1439.91,True,SN-L-351262,SN-L-351262,SN-L-351262,SN-L-351262,SN-L-351262,Matched,LP-500,LP-500,LP-500,LP-500,ProBook Warranty Services,2024-09-03,2026-09-03,24,638,Active,Active,False,2024-11-30,2024-12-04,,,92,4,Keyboard Failure,Multiple keys non-functional.,Unauthorized Modification,False,False,True,False,Unauthorized repair reported,0,False,0,False,True,True,True,True,True,True,True,,0,True,True,True,False,False,,False,True,False,True
CLM-363240,CUST-2581,PRD-223950,INV-26615289,,excluded_damage,train,Invalid Claim,Television,VisionMax,TV-55OLED,Home Screen,2023-11-05,3232.33,True,SN-T-169465,SN-T-169465,SN-T-169465,SN-T-169465,SN-T-169465,Matched,TV-55OLED,TV-55OLED,TV-55OLED,TV-55OLED,VisionMax Warranty Services,2023-11-05,2025-05-05,18,470,Active,Active,False,2024-01-15,2024-01-21,,,77,6,Liquid Damage,Liquid intrusion.,Liquid Contact,False,True,False,True,No previous repairs,0,False,0,False,True,True,True,True,True,True,True,,0,True,True,True,False,False,,False,True,False,False
CLM-364965,CUST-4651,PRD-881563,INV-79306247,,extended_warranty,train,Valid Claim,Laptop,UltraTech,LP-900,Digital Bazaar,2023-03-21,1509.57,True,SN-L-785073,SN-L-785073,SN-L-785073,SN-L-785073,SN-L-785073,Matched,LP-900,LP-900,LP-900,LP-900,UltraTech Warranty Services,2023-03-21,2026-03-21,36,861,Active,Active,True,2023-10-19,2023-11-11,,,235,23,Display Failure,Backlight failure without screen crack.,None,False,False,False,True,No previous repairs,0,False,0,False,True,True,True,True,True,True,True,,0,True,True,True,False,False,,False,False,False,False
CLM-365573,CUST-9964,PRD-152950,INV-52621317,,contradictory_information,train,Manual Review,Smartphone,TechCorp,SP-X,Mobile Hub,2024-07-24,339.99,True,SN-S-401787,SN-S-401787,SN-S-401787,SN-S-401787,SN-S-401787,Matched,SP-X,SP-X,SP-X,SP-X,TechCorp Warranty Services,2024-07-24,2025-07-24,12,347,Active,Active,False,2024-06-16,2024-08-11,,,18,56,Screen Defect (Non-Impact),Reported fault date predates the purchase date.,None,False,False,False,True,No previous repairs,0,False,0,False,True,True,True,True,True,True,True,,0,False,False,False,False,True,Fault date before purchase date,False,False,False,True
CLM-366509,CUST-7228,PRD-869594,INV-57166514,,unauthorized_repair,train,Invalid Claim,Television,VisionMax,TV-43U,Home Screen,2023-10-07,2972.17,True,SN-T-605608,SN-T-605608,SN-T-605608,SN-T-605608,SN-T-605608,Matched,TV-43U,TV-43U,TV-43U,TV-43U,VisionMax Warranty Services,2023-10-07,2025-04-07,18,352,Active,Active,False,2024-03-24,2024-04-20,,,196,27,Main Board Defect,Smart hub system failure.,Unauthorized Modification,False,False,True,False,Unauthorized repair reported,0,False,0,False,True,True,True,True,True,True,True,,0,True,True,True,False,False,,False,True,False,True
CLM-368244,CUST-5288,PRD-383621,INV-44935501,,standard_covered,train,Valid Claim,Television,CineDisplay,TV-43U,Vision Retail,2024-02-01,2508.53,True,SN-T-642895,SN-T-642895,SN-T-642895,SN-T-642895,SN-T-642895,Matched,TV-43U,TV-43U,TV-43U,TV-43U,CineDisplay Warranty Services,2024-02-01,2025-08-01,18,460,Active,Active,False,2024-04-21,2024-04-28,,,87,7,Main Board Defect,Smart hub system failure.,None,False,False,False,True,No previous repairs,0,False,0,False,True,True,True,True,True,True,True,,0,True,True,True,False,False,,False,False,False,False
CLM-368462,CUST-6371,PRD-332919,INV-79316990,,unauthorized_repair,train,Invalid Claim,Smartphone,ApexPhone,SP-X,Mobile Hub,2024-01-22,2100.94,True,SN-S-246770,SN-S-246770,SN-S-246770,SN-S-246770,SN-S-246770,Matched,SP-X,SP-X,SP-X,SP-X,ApexPhone Warranty Services,2024-01-22,2025-01-22,12,239,Active,Active,False,2024-05-13,2024-05-28,,,127,15,Screen Defect (Non-Impact),Touch failure or dead pixels with no physical drop.,Unauthorized Modification,False,False,True,False,Unauthorized repair reported,0,False,0,False,True,True,True,True,True,True,True,,0,True,True,True,False,False,,False,True,False,True
CLM-368534,CUST-2818,PRD-181547,INV-99778757,,contradictory_information,train,Manual Review,Smartphone,TechCorp,SP-100,TechMart,2023-11-04,810.39,True,SN-S-754344,SN-S-754344,SN-S-754344,SN-S-754344,SN-S-754344,Matched,SP-100,SP-100,SP-100,SP-100,TechCorp Warranty Services,2023-11-04,2024-11-04,12,354,Active,Active,False,2023-10-25,2023-11-16,,,12,22,Charging Port Failure,Reported fault date predates the purchase date.,None,False,False,False,True,No previous repairs,0,False,0,False,True,True,True,True,True,True,True,,0,False,False,True,False,True,Fault date before purchase date,False,False,False,True
CLM-370340,CUST-1033,PRD-556416,INV-91709974,,unauthorized_repair,train,Invalid Claim,Television,VisionMax,TV-55OLED,Electro Store,2023-01-17,1746.37,True,SN-T-444412,SN-T-444412,SN-T-444412,SN-T-444412,SN-T-444412,Matched,TV-55OLED,TV-55OLED,TV-55OLED,TV-55OLED,VisionMax Warranty Services,2023-01-17,2024-07-17,18,503,Active,Active,False,2023-02-08,2023-03-02,,,44,22,Main Board Defect,Smart hub system failure.,Unauthorized Modification,False,False,True,False,Unauthorized repair reported,0,False,0,False,True,True,True,True,True,True,True,,0,True,True,True,False,False,,False,True,False,True
CLM-373378,CUST-8443,PRD-211452,INV-84377548,,late_reporting,train,Invalid Claim,Laptop,OmniLap,LP-500,Digital Bazaar,2023-01-12,2533.21,True,SN-L-268137,SN-L-268137,SN-L-268137,SN-L-268137,SN-L-268137,Matched,LP-500,LP-500,LP-500,LP-500,OmniLap Warranty Services,2023-01-12,2025-01-12,24,647,Active,Active,False,2023-02-01,2023-04-06,,,84,64,Factory SSD Failure,Primary storage failure.,None,False,False,False,True,No previous repairs,0,False,0,False,True,True,True,True,True,True,True,,0,True,True,False,False,False,,False,True,False,False
CLM-373817,CUST-5915,PRD-632765,INV-10047461,,contradictory_information,train,Manual Review,Television,ViewOptics,TV-65Q,Vision Retail,2024-04-24,400.82,True,SN-T-599694,SN-T-599694,SN-T-599694,SN-T-599694,SN-T-599694,Matched,TV-65Q,TV-65Q,TV-65Q,TV-65Q,ViewOptics Warranty Services,2024-04-24,2025-10-24,18,462,Active,Active,False,2024-07-12,2024-07-19,2024-03-27,,86,7,Power Supply Failure,Internal power board failure.,None,False,False,False,True,Conflicting repair record predates purchase,1,False,0,False,True,True,True,True,True,True,True,,0,False,False,True,False,True,Repair date before purchase date,False,False,False,True
CLM-375004,CUST-1155,PRD-956114,INV-18194860,,invalid_receipt,train,Invalid Claim,Television,VisionMax,TV-65Q,Home Screen,2024-05-11,1041.37,False,SN-T-601111,SN-T-601111,SN-T-601111,SN-T-601111,SN-T-601111,Matched,TV-65Q,TV-65Q,TV-65Q,TV-65Q,VisionMax Warranty Services,2024-05-11,2025-11-11,18,515,Active,Active,False,2024-06-10,2024-06-14,,,34,4,Main Board Defect,Smart hub system failure.,None,False,False,False,True,No previous repairs,0,False,0,False,True,False,True,True,True,True,True,,0,False,False,True,False,False,,False,True,False,False
CLM-375469,CUST-3332,PRD-414442,INV-40410305,,excluded_damage,train,Invalid Claim,Smartphone,ApexPhone,SP-200,TechMart,2023-05-02,1179.88,True,SN-S-880623,SN-S-880623,SN-S-880623,SN-S-880623,SN-S-880623,Matched,SP-200,SP-200,SP-200,SP-200,ApexPhone Warranty Services,2023-05-02,2024-05-02,12,312,Active,Active,False,2023-06-11,2023-06-25,,,54,14,Physical Damage,Cracked screen or casing from impact.,Physical Impact,True,False,False,True,No previous repairs,0,False,0,False,True,True,True,True,True,True,True,,0,True,True,True,False,False,,False,True,False,False
CLM-376066,CUST-8438,PRD-351771,INV-97951446,,missing_mandatory_document,train,Manual Review,Smartphone,MobileX,SP-100,Mobile Hub,2024-06-24,665.9,True,SN-S-898598,SN-S-898598,SN-S-898598,SN-S-898598,SN-S-898598,Matched,SP-100,SP-100,SP-100,SP-100,MobileX Warranty Services,2024-06-24,2025-06-24,12,169,Active,Active,False,2024-12-20,2025-01-06,,,196,17,Battery Manufacturing Defect,Battery swelling or sudden degradation.,None,False,False,False,True,No previous repairs,0,False,0,False,False,True,True,True,True,True,True,Purchase Receipt,1,False,False,True,False,False,,False,False,False,True
CLM-378189,CUST-6984,PRD-307471,INV-56749089,,expired_warranty,train,Invalid Claim,Laptop,OmniLap,LP-Pro,OfficeDirect,2024-11-18,788.14,True,SN-L-217996,SN-L-217996,SN-L-217996,SN-L-217996,SN-L-217996,Matched,LP-Pro,LP-Pro,LP-Pro,LP-Pro,OmniLap Warranty Services,2024-11-18,2026-11-18,24,-31,Expired,Expired,False,2026-11-29,2026-12-19,,,761,20,Factory SSD Failure,Primary storage failure.,None,False,False,False,True,No previous repairs,0,False,0,False,True,True,True,True,True,True,True,,0,True,True,True,False,False,,False,True,False,False
CLM-380622,CUST-4646,PRD-697558,INV-37223861,,expired_warranty,train,Invalid Claim,Television,VisionMax,TV-43U,Vision Retail,2023-01-16,2688.55,True,SN-T-901677,SN-T-901677,SN-T-901677,SN-T-901677,SN-T-901677,Matched,TV-43U,TV-43U,TV-43U,TV-43U,VisionMax Warranty Services,2023-01-16,2024-07-16,18,-80,Expired,Expired,False,2024-09-04,2024-10-04,,,627,30,Power Supply Failure,Internal power board failure.,None,False,False,False,True,No previous repairs,0,False,0,False,True,True,True,True,True,True,True,,0,True,True,True,False,False,,False,True,True,False
CLM-381715,CUST-9289,PRD-332986,INV-19031400,,service_center_unclear,train,Manual Review,Smartphone,TechCorp,SP-200,City Electronics,2024-06-10,3495.46,True,SN-S-554461,SN-S-554461,SN-S-554461,SN-S-554461,SN-S-554461,Matched,SP-200,SP-200,SP-200,SP-200,TechCorp Warranty Services,2024-06-10,2025-06-10,12,189,Active,Active,False,2024-11-06,2024-12-03,2024-10-17,,176,27,Manufacturing Defect,Internal motherboard defect causing bootloop.,None,False,False,False,False,Service-center authorization is unclear,1,False,0,False,True,True,True,True,True,True,True,,0,True,True,True,False,False,,False,False,False,True
CLM-382437,CUST-7412,PRD-915154,INV-35858441,,replacement_not_eligible,train,Invalid Claim,Smartphone,ApexPhone,SP-X,City Electronics,2023-06-24,2214.5,True,SN-S-451367,SN-S-451367,SN-S-451367,SN-S-451367,SN-S-451367,Matched,SP-X,SP-X,SP-X,SP-X,ApexPhone Warranty Services,2023-06-24,2024-06-24,12,228,Active,Active,False,2023-11-07,2023-11-09,2023-10-28,,138,2,Charging Port Failure,Charging connector failure under normal usage.,None,False,False,False,True,Replacement requested before policy repair threshold,1,False,0,True,True,True,True,True,True,True,True,,0,True,True,True,False,False,,False,True,False,False
CLM-383949,CUST-4460,PRD-307907,INV-98917575,,expired_warranty,train,Invalid Claim,Smartphone,MobileX,SP-X,City Electronics,2024-01-26,730.92,True,SN-S-525756,SN-S-525756,SN-S-525756,SN-S-525756,SN-S-525756,Matched,SP-X,SP-X,SP-X,SP-X,MobileX Warranty Services,2024-01-26,2025-01-26,12,-71,Expired,Expired,False,2025-03-20,2025-04-07,,,437,18,Charging Port Failure,Charging connector failure under normal usage.,None,False,False,False,True,No previous repairs,0,False,0,False,True,True,True,True,True,True,True,,0,True,True,True,False,False,,False,True,False,False
CLM-385104,CUST-3444,PRD-102288,INV-85543051,,standard_covered,train,Valid Claim,Smartphone,MobileX,SP-200,TechMart,2024-10-06,3329.57,True,SN-S-705050,SN-S-705050,SN-S-705050,SN-S-705050,SN-S-705050,Matched,SP-200,SP-200,SP-200,SP-200,MobileX Warranty Services,2024-10-06,2025-10-06,12,265,Active,Active,False,2025-01-11,2025-01-14,,,100,3,Manufacturing Defect,Internal motherboard defect causing bootloop.,None,False,False,False,True,No previous repairs,0,False,0,False,True,True,True,True,True,True,True,,0,True,True,True,False,False,,False,False,False,False
CLM-385153,CUST-5726,PRD-809102,INV-13180065,,unauthorized_repair,train,Invalid Claim,Television,VisionMax,TV-55OLED,Vision Retail,2023-02-10,917.18,True,SN-T-774865,SN-T-774865,SN-T-774865,SN-T-774865,SN-T-774865,Matched,TV-55OLED,TV-55OLED,TV-55OLED,TV-55OLED,VisionMax Warranty Services,2023-02-10,2024-08-10,18,432,Active,Active,False,2023-05-25,2023-06-05,,,115,11,Main Board Defect,Smart hub system failure.,Unauthorized Modification,False,False,True,False,Unauthorized repair reported,0,False,0,False,True,True,True,True,True,True,True,,0,True,True,True,False,False,,False,True,False,True
CLM-385326,CUST-7250,PRD-564921,INV-79990777,,invalid_receipt,train,Invalid Claim,Smartphone,TechCorp,SP-100,Mobile Hub,2024-11-11,1227.48,False,SN-S-156700,SN-S-156700,SN-S-156700,SN-S-156700,SN-S-156700,Matched,SP-100,SP-100,SP-100,SP-100,TechCorp Warranty Services,2024-11-11,2025-11-11,12,341,Active,Active,False,2024-12-02,2024-12-05,,,24,3,Screen Defect (Non-Impact),Touch failure or dead pixels with no physical drop.,None,False,False,False,True,No previous repairs,0,False,0,False,True,False,True,True,True,True,True,,0,False,False,True,False,False,,False,True,False,False
CLM-386647,CUST-5794,PRD-956263,INV-48833650,,near_expiry_boundary,train,Valid Claim,Smartphone,ApexPhone,SP-200,Mobile Hub,2024-09-03,2068.66,True,SN-S-394739,SN-S-394739,SN-S-394739,SN-S-394739,SN-S-394739,Matched,SP-200,SP-200,SP-200,SP-200,ApexPhone Warranty Services,2024-09-03,2025-09-03,12,15,Active,Active,False,2025-08-15,2025-08-19,,,350,4,Screen Defect (Non-Impact),Touch failure or dead pixels with no physical drop.,None,False,False,False,True,No previous repairs,0,False,0,False,True,True,True,True,True,True,True,,0,True,True,True,False,False,,False,False,False,False
CLM-387173,CUST-9544,PRD-236104,INV-60675282,,late_reporting,train,Invalid Claim,Television,ViewOptics,TV-65Q,Home Screen,2023-06-10,3426.05,True,SN-T-544250,SN-T-544250,SN-T-544250,SN-T-544250,SN-T-544250,Matched,TV-65Q,TV-65Q,TV-65Q,TV-65Q,ViewOptics Warranty Services,2023-06-10,2024-12-10,18,490,Active,Active,False,2023-06-30,2023-08-08,,,59,39,Power Supply Failure,Internal power board failure.,None,False,False,False,True,No previous repairs,0,False,0,False,True,True,True,True,True,True,True,,0,True,True,False,False,False,,False,True,False,False
CLM-387211,CUST-3087,PRD-702549,INV-78175850,,expired_warranty,train,Invalid Claim,Laptop,ProBook,LP-900,PC World,2023-06-24,494.82,True,SN-L-583646,SN-L-583646,SN-L-583646,SN-L-583646,SN-L-583646,Matched,LP-900,LP-900,LP-900,LP-900,ProBook Warranty Services,2023-06-24,2025-06-24,24,-124,Expired,Expired,False,2025-09-20,2025-10-26,,,855,36,Display Failure,Backlight failure without screen crack.,None,False,False,False,True,No previous repairs,0,False,0,False,True,True,True,True,True,True,True,,0,True,True,True,False,False,,False,True,False,False
CLM-387674,CUST-4184,PRD-531163,INV-55082208,,contradictory_information,train,Manual Review,Television,ViewOptics,TV-43U,Vision Retail,2023-03-07,2354.34,True,SN-T-630154,SN-T-630154,SN-T-630154,SN-T-630154,SN-T-630154,Matched,TV-43U,TV-43U,TV-43U,TV-43U,ViewOptics Warranty Services,2023-03-07,2024-09-07,18,547,Active,Active,False,2023-02-02,2023-03-10,,,3,36,Display Panel Defect,Reported fault date predates the purchase date.,None,False,False,False,True,No previous repairs,0,False,0,False,True,True,True,True,True,True,True,,0,False,False,False,False,True,Fault date before purchase date,False,False,False,True
CLM-387786,CUST-1474,PRD-721109,INV-34215035,,standard_covered,train,Valid Claim,Laptop,OmniLap,LP-Pro,Digital Bazaar,2024-10-20,1065.46,True,SN-L-807764,SN-L-807764,SN-L-807764,SN-L-807764,SN-L-807764,Matched,LP-Pro,LP-Pro,LP-Pro,LP-Pro,OmniLap Warranty Services,2024-10-20,2026-10-20,24,554,Active,Active,False,2025-03-25,2025-04-14,,,176,20,Motherboard Defect,Component failure on main board.,None,False,False,False,True,No previous repairs,0,False,0,False,True,True,True,True,True,True,True,,0,True,True,True,False,False,,False,False,False,False
CLM-388461,CUST-4434,PRD-783737,INV-26154220,DUP-498988,duplicate_claim,train,Manual Review,Laptop,OmniLap,LP-500,OfficeDirect,2024-06-02,3301.33,True,SN-L-283602,SN-L-283602,SN-L-283602,SN-L-283602,SN-L-283602,Matched,LP-500,LP-500,LP-500,LP-500,OmniLap Warranty Services,2024-06-02,2026-06-02,24,588,Active,Active,False,2024-09-13,2024-10-22,,,142,39,Motherboard Defect,Component failure on main board.,None,False,False,False,True,No previous repairs,0,False,0,False,True,True,True,True,True,True,True,,0,True,True,True,True,False,,False,False,False,True
CLM-389320,CUST-2562,PRD-778473,INV-34800912,,near_expiry_boundary,train,Valid Claim,Television,CineDisplay,TV-55OLED,Vision Retail,2023-12-02,3438.65,True,SN-T-640310,SN-T-640310,SN-T-640310,SN-T-640310,SN-T-640310,Matched,TV-55OLED,TV-55OLED,TV-55OLED,TV-55OLED,CineDisplay Warranty Services,2023-12-02,2025-06-02,18,9,Active,Active,False,2025-05-20,2025-05-24,,,539,4,Display Panel Defect,Internal panel line defect.,None,False,False,False,True,No previous repairs,0,False,0,False,True,True,True,True,True,True,True,,0,True,True,True,False,False,,False,False,True,False
CLM-389488,CUST-7264,PRD-267529,INV-78588767,,unauthorized_repair,train,Invalid Claim,Television,ViewOptics,TV-43U,Vision Retail,2024-09-15,2295.98,True,SN-T-118506,SN-T-118506,SN-T-118506,SN-T-118506,SN-T-118506,Matched,TV-43U,TV-43U,TV-43U,TV-43U,ViewOptics Warranty Services,2024-09-15,2026-03-15,18,379,Active,Active,False,2025-02-10,2025-03-01,,,167,19,Main Board Defect,Smart hub system failure.,Unauthorized Modification,False,False,True,False,Unauthorized repair reported,0,False,0,False,True,True,True,True,True,True,True,,0,True,True,True,False,False,,False,True,False,True
CLM-391373,CUST-5712,PRD-143176,INV-83363160,,standard_covered,train,Valid Claim,Smartphone,ApexPhone,SP-200,City Electronics,2024-11-13,679.22,True,SN-S-367729,SN-S-367729,SN-S-367729,SN-S-367729,SN-S-367729,Matched,SP-200,SP-200,SP-200,SP-200,ApexPhone Warranty Services,2024-11-13,2025-11-13,12,92,Active,Active,False,2025-07-29,2025-08-13,,,273,15,Manufacturing Defect,Internal motherboard defect causing bootloop.,None,False,False,False,True,No previous repairs,0,False,0,False,True,True,True,True,True,True,True,,0,True,True,True,False,False,,False,False,False,False
CLM-391473,CUST-5740,PRD-385188,INV-28988828,,contradictory_information,train,Manual Review,Smartphone,ApexPhone,SP-100,City Electronics,2023-03-10,937.76,True,SN-S-211161,SN-S-211161,SN-S-211161,SN-S-211161,SN-S-211161,Matched,SP-100,SP-100,SP-100,SP-100,ApexPhone Warranty Services,2023-03-10,2024-03-10,12,257,Active,Active,False,2023-06-11,2023-06-27,2023-03-05,,109,16,Battery Manufacturing Defect,Battery swelling or sudden degradation.,None,False,False,False,True,Conflicting repair record predates purchase,1,False,0,False,True,True,True,True,True,True,True,,0,False,False,True,False,True,Repair date before purchase date,False,False,False,True
CLM-391773,CUST-3060,PRD-149049,INV-27232410,,standard_covered,train,Valid Claim,Laptop,OmniLap,LP-500,OfficeDirect,2024-05-12,2360.17,True,SN-L-867460,SN-L-867460,SN-L-867460,SN-L-867460,SN-L-867460,Matched,LP-500,LP-500,LP-500,LP-500,OmniLap Warranty Services,2024-05-12,2026-05-12,24,402,Active,Active,False,2025-02-28,2025-04-05,,,328,36,Motherboard Defect,Component failure on main board.,None,False,False,False,True,No previous repairs,0,False,0,False,True,True,True,True,True,True,True,,0,True,True,True,False,False,,False,False,False,False
CLM-393971,CUST-4120,PRD-390920,INV-35894291,,invalid_receipt,train,Invalid Claim,Smartphone,TechCorp,SP-100,Mobile Hub,2024-09-08,2510.61,False,SN-S-878659,SN-S-878659,SN-S-878659,SN-S-878659,SN-S-878659,Matched,SP-100,SP-100,SP-100,SP-100,TechCorp Warranty Services,2024-09-08,2025-09-08,12,317,Active,Active,False,2024-10-23,2024-10-26,,,48,3,Manufacturing Defect,Internal motherboard defect causing bootloop.,None,False,False,False,True,No previous repairs,0,False,0,False,True,False,True,True,True,True,True,,0,False,False,True,False,False,,False,True,False,False
CLM-395118,CUST-6349,PRD-727902,INV-80693706,,service_center_unclear,train,Manual Review,Television,ViewOptics,TV-55OLED,Electro Store,2024-07-15,671.25,True,SN-T-685701,SN-T-685701,SN-T-685701,SN-T-685701,SN-T-685701,Matched,TV-55OLED,TV-55OLED,TV-55OLED,TV-55OLED,ViewOptics Warranty Services,2024-07-15,2026-01-15,18,390,Active,Active,False,2024-11-28,2024-12-21,2024-11-08,,159,23,Main Board Defect,Smart hub system failure.,None,False,False,False,False,Service-center authorization is unclear,1,False,0,False,True,True,True,True,True,True,True,,0,True,True,True,False,False,,False,False,False,True
CLM-395476,CUST-3037,PRD-993160,INV-72907576,,standard_covered,train,Valid Claim,Smartphone,TechCorp,SP-100,City Electronics,2024-08-05,2457.07,True,SN-S-723948,SN-S-723948,SN-S-723948,SN-S-723948,SN-S-723948,Matched,SP-100,SP-100,SP-100,SP-100,TechCorp Warranty Services,2024-08-05,2025-08-05,12,98,Active,Active,False,2025-04-06,2025-04-29,,,267,23,Battery Manufacturing Defect,Battery swelling or sudden degradation.,None,False,False,False,True,No previous repairs,0,False,0,False,True,True,True,True,True,True,True,,0,True,True,True,False,False,,False,False,False,False
CLM-395681,CUST-6440,PRD-411941,INV-33532534,,unauthorized_repair,train,Invalid Claim,Laptop,UltraTech,LP-500,Digital Bazaar,2024-10-08,2278.43,True,SN-L-440110,SN-L-440110,SN-L-440110,SN-L-440110,SN-L-440110,Matched,LP-500,LP-500,LP-500,LP-500,UltraTech Warranty Services,2024-10-08,2026-10-08,24,586,Active,Active,False,2025-01-17,2025-03-01,,,144,43,Factory SSD Failure,Primary storage failure.,Unauthorized Modification,False,False,True,False,Unauthorized repair reported,0,False,0,False,True,True,True,True,True,True,True,,0,True,True,True,False,False,,False,True,False,True
CLM-396040,CUST-4527,PRD-170609,INV-55176955,,standard_covered,train,Valid Claim,Smartphone,TechCorp,SP-100,Mobile Hub,2023-12-15,492.4,True,SN-S-543143,SN-S-543143,SN-S-543143,SN-S-543143,SN-S-543143,Matched,SP-100,SP-100,SP-100,SP-100,TechCorp Warranty Services,2023-12-15,2024-12-15,12,254,Active,Active,False,2024-03-23,2024-04-05,,,112,13,Battery Manufacturing Defect,Battery swelling or sudden degradation.,None,False,False,False,True,No previous repairs,0,False,0,False,True,True,True,True,True,True,True,,0,True,True,True,False,False,,False,False,False,False
CLM-396669,CUST-2932,PRD-548902,INV-20939544,,missing_mandatory_document,train,Manual Review,Laptop,OmniLap,LP-500,Digital Bazaar,2023-10-21,1518.48,True,SN-L-372922,SN-L-372922,SN-L-372922,SN-L-372922,SN-L-372922,Matched,LP-500,LP-500,LP-500,LP-500,OmniLap Warranty Services,2023-10-21,2025-10-21,24,518,Active,Active,False,2024-04-18,2024-05-21,,,213,33,Display Failure,Backlight failure without screen crack.,None,False,False,False,True,No previous repairs,0,False,0,False,False,True,True,True,True,True,True,Purchase Receipt,1,False,False,True,False,False,,False,False,False,True
CLM-397070,CUST-5370,PRD-443120,INV-27677427,DUP-415734,duplicate_claim,train,Manual Review,Television,ViewOptics,TV-65Q,Vision Retail,2024-08-27,1248.61,True,SN-T-800822,SN-T-800822,SN-T-800822,SN-T-800822,SN-T-800822,Matched,TV-65Q,TV-65Q,TV-65Q,TV-65Q,ViewOptics Warranty Services,2024-08-27,2026-02-27,18,253,Active,Active,False,2025-06-07,2025-06-19,,,296,12,Main Board Defect,Smart hub system failure.,None,False,False,False,True,No previous repairs,0,False,0,False,True,True,True,True,True,True,True,,0,True,True,True,True,False,,False,False,False,True
CLM-397699,CUST-4028,PRD-391437,INV-29898606,,expired_warranty,train,Invalid Claim,Laptop,OmniLap,LP-900,Digital Bazaar,2024-07-24,334.46,True,SN-L-759172,SN-L-759172,SN-L-759172,SN-L-759172,SN-L-759172,Matched,LP-900,LP-900,LP-900,LP-900,OmniLap Warranty Services,2024-07-24,2026-07-24,24,-24,Expired,Expired,False,2026-08-07,2026-08-17,,,754,10,Keyboard Failure,Multiple keys non-functional.,None,False,False,False,True,No previous repairs,0,False,0,False,True,True,True,True,True,True,True,,0,True,True,True,False,False,,False,True,False,False
CLM-397752,CUST-1112,PRD-609454,INV-14338261,,serial_mismatch,train,Manual Review,Television,CineDisplay,TV-55OLED,Home Screen,2024-04-18,2434.78,True,SN-T-356757,SN-T-645015,SN-T-356757,SN-T-356757,SN-T-356757,Mismatch,TV-55OLED,TV-55OLED,TV-55OLED,TV-55OLED,CineDisplay Warranty Services,2024-04-18,2025-10-18,18,479,Active,Active,False,2024-06-12,2024-06-26,,,69,14,Main Board Defect,Smart hub system failure.,None,False,False,False,True,No previous repairs,0,False,0,False,True,True,True,True,True,True,True,,0,False,False,True,False,True,Conflicting serial numbers,False,False,False,True
CLM-399342,CUST-1145,PRD-179004,INV-23601326,,invalid_receipt,train,Invalid Claim,Smartphone,MobileX,SP-100,TechMart,2023-07-10,1593.19,False,SN-S-466709,SN-S-466709,SN-S-466709,SN-S-466709,SN-S-466709,Matched,SP-100,SP-100,SP-100,SP-100,MobileX Warranty Services,2023-07-10,2024-07-10,12,308,Active,Active,False,2023-08-20,2023-09-06,,,58,17,Charging Port Failure,Charging connector failure under normal usage.,None,False,False,False,True,No previous repairs,0,False,0,False,True,False,True,True,True,True,True,,0,False,False,True,False,False,,False,True,False,False
CLM-400173,CUST-3759,PRD-704886,INV-75997979,,invalid_receipt,train,Invalid Claim,Laptop,ProBook,LP-900,Digital Bazaar,2024-02-12,155.29,False,SN-L-319703,SN-L-319703,SN-L-319703,SN-L-319703,SN-L-319703,Matched,LP-900,LP-900,LP-900,LP-900,ProBook Warranty Services,2024-02-12,2026-02-12,24,571,Active,Active,False,2024-06-17,2024-07-21,,,160,34,Display Failure,Backlight failure without screen crack.,None,False,False,False,True,No previous repairs,0,False,0,False,True,False,True,True,True,True,True,,0,False,False,True,False,False,,False,True,False,False
CLM-400542,CUST-7284,PRD-412836,INV-17220897,,expired_warranty,train,Invalid Claim,Smartphone,MobileX,SP-100,TechMart,2024-04-27,438.5,True,SN-S-130401,SN-S-130401,SN-S-130401,SN-S-130401,SN-S-130401,Matched,SP-100,SP-100,SP-100,SP-100,MobileX Warranty Services,2024-04-27,2025-04-27,12,-73,Expired,Expired,False,2025-06-16,2025-07-09,,,438,23,Manufacturing Defect,Internal motherboard defect causing bootloop.,None,False,False,False,True,No previous repairs,0,False,0,False,True,True,True,True,True,True,True,,0,True,True,True,False,False,,False,True,False,False
CLM-401673,CUST-7476,PRD-277762,INV-11233262,,invalid_receipt,train,Invalid Claim,Smartphone,MobileX,SP-200,Mobile Hub,2023-05-10,1953.28,False,SN-S-935259,SN-S-935259,SN-S-935259,SN-S-935259,SN-S-935259,Matched,SP-200,SP-200,SP-200,SP-200,MobileX Warranty Services,2023-05-10,2024-05-10,12,261,Active,Active,False,2023-08-18,2023-08-23,,,105,5,Screen Defect (Non-Impact),Touch failure or dead pixels with no physical drop.,None,False,False,False,True,No previous repairs,0,False,0,False,True,False,True,True,True,True,True,,0,False,False,True,False,False,,False,True,False,False
CLM-401819,CUST-8139,PRD-989000,INV-94028236,,excluded_damage,train,Invalid Claim,Laptop,ProBook,LP-500,OfficeDirect,2024-10-26,3024.93,True,SN-L-604487,SN-L-604487,SN-L-604487,SN-L-604487,SN-L-604487,Matched,LP-500,LP-500,LP-500,LP-500,ProBook Warranty Services,2024-10-26,2026-10-26,24,668,Active,Active,False,2024-12-07,2024-12-27,,,62,20,Physical Damage,Hinge broken or chassis damage.,Physical Impact,True,False,False,True,No previous repairs,0,False,0,False,True,True,True,True,True,True,True,,0,True,True,True,False,False,,False,True,False,False
CLM-401896,CUST-7934,PRD-500893,INV-37500238,,service_center_unclear,train,Manual Review,Television,ViewOptics,TV-43U,Electro Store,2023-10-02,283.79,True,SN-T-661221,SN-T-661221,SN-T-661221,SN-T-661221,SN-T-661221,Matched,TV-43U,TV-43U,TV-43U,TV-43U,ViewOptics Warranty Services,2023-10-02,2025-04-02,18,444,Active,Active,False,2024-01-12,2024-01-14,2023-12-23,,104,2,Display Panel Defect,Internal panel line defect.,None,False,False,False,False,Service-center authorization is unclear,1,False,0,False,True,True,True,True,True,True,True,,0,True,True,True,False,False,,False,False,False,True
CLM-402311,CUST-8154,PRD-835281,INV-80321416,,service_center_unclear,train,Manual Review,Television,ViewOptics,TV-43U,Electro Store,2023-10-06,1296.67,True,SN-T-902219,SN-T-902219,SN-T-902219,SN-T-902219,SN-T-902219,Matched,TV-43U,TV-43U,TV-43U,TV-43U,ViewOptics Warranty Services,2023-10-06,2025-04-06,18,438,Active,Active,False,2024-01-07,2024-01-24,2023-12-18,,110,17,Display Panel Defect,Internal panel line defect.,None,False,False,False,False,Service-center authorization is unclear,1,False,0,False,True,True,True,True,True,True,True,,0,True,True,True,False,False,,False,False,False,True
CLM-403327,CUST-8289,PRD-918130,INV-28771026,,invalid_receipt,train,Invalid Claim,Smartphone,ApexPhone,SP-100,TechMart,2023-02-17,2083.19,False,SN-S-415201,SN-S-415201,SN-S-415201,SN-S-415201,SN-S-415201,Matched,SP-100,SP-100,SP-100,SP-100,ApexPhone Warranty Services,2023-02-17,2024-02-17,12,248,Active,Active,False,2023-05-28,2023-06-14,,,117,17,Battery Manufacturing Defect,Battery swelling or sudden degradation.,None,False,False,False,True,No previous repairs,0,False,0,False,True,False,True,True,True,True,True,,0,False,False,True,False,False,,False,True,False,False
CLM-403382,CUST-6705,PRD-789574,INV-51818682,,excluded_damage,train,Invalid Claim,Television,ViewOptics,TV-43U,Home Screen,2023-05-15,2465.02,True,SN-T-958620,SN-T-958620,SN-T-958620,SN-T-958620,SN-T-958620,Matched,TV-43U,TV-43U,TV-43U,TV-43U,ViewOptics Warranty Services,2023-05-15,2024-11-15,18,437,Active,Active,False,2023-08-30,2023-09-05,,,113,6,Electrical Surge,High voltage power surge damage.,Electrical Surge,False,False,False,True,No previous repairs,0,False,0,False,True,True,True,True,True,True,True,,0,True,True,True,False,False,,False,True,False,False
CLM-403576,CUST-3345,PRD-394517,INV-79800523,,invalid_receipt,train,Invalid Claim,Television,ViewOptics,TV-65Q,Electro Store,2024-01-30,3085.38,False,SN-T-205335,SN-T-205335,SN-T-205335,SN-T-205335,SN-T-205335,Matched,TV-65Q,TV-65Q,TV-65Q,TV-65Q,ViewOptics Warranty Services,2024-01-30,2025-07-30,18,396,Active,Active,False,2024-06-27,2024-06-29,,,151,2,Power Supply Failure,Internal power board failure.,None,False,False,False,True,No previous repairs,0,False,0,False,True,False,True,True,True,True,True,,0,False,False,True,False,False,,False,True,False,False
CLM-403705,CUST-5254,PRD-747200,INV-80516816,,expired_warranty,train,Invalid Claim,Smartphone,MobileX,SP-X,Mobile Hub,2023-10-22,2076.73,True,SN-S-734155,SN-S-734155,SN-S-734155,SN-S-734155,SN-S-734155,Matched,SP-X,SP-X,SP-X,SP-X,MobileX Warranty Services,2023-10-22,2024-10-22,12,-125,Expired,Expired,False,2025-01-25,2025-02-24,,,491,30,Charging Port Failure,Charging connector failure under normal usage.,None,False,False,False,True,No previous repairs,0,False,0,False,True,True,True,True,True,True,True,,0,True,True,True,False,False,,False,True,True,False
CLM-406161,CUST-9487,PRD-840177,INV-71769783,,missing_mandatory_document,train,Manual Review,Laptop,ProBook,LP-900,OfficeDirect,2024-11-17,2961.31,True,SN-L-522515,SN-L-522515,SN-L-522515,SN-L-522515,SN-L-522515,Matched,LP-900,LP-900,LP-900,LP-900,ProBook Warranty Services,2024-11-17,2026-11-17,24,468,Active,Active,False,2025-07-31,2025-08-06,,,262,6,Motherboard Defect,Component failure on main board.,None,False,False,False,True,No previous repairs,0,False,0,False,False,True,True,True,True,True,True,Purchase Receipt,1,False,False,True,False,False,,False,False,False,True
CLM-406322,CUST-7528,PRD-798551,INV-94074257,,serial_mismatch,train,Manual Review,Smartphone,TechCorp,SP-X,Mobile Hub,2023-07-27,481.11,True,SN-S-339464,SN-S-632064,SN-S-339464,SN-S-339464,SN-S-339464,Mismatch,SP-X,SP-X,SP-X,SP-X,TechCorp Warranty Services,2023-07-27,2024-07-27,12,319,Active,Active,False,2023-09-01,2023-09-12,,,47,11,Battery Manufacturing Defect,Battery swelling or sudden degradation.,None,False,False,False,True,No previous repairs,0,False,0,False,True,True,True,True,True,True,True,,0,False,False,True,False,True,Conflicting serial numbers,False,False,False,True
CLM-406614,CUST-8298,PRD-258682,INV-17467311,,near_expiry_boundary,train,Valid Claim,Television,CineDisplay,TV-43U,Electro Store,2024-05-15,1669.0,True,SN-T-711474,SN-T-711474,SN-T-711474,SN-T-711474,SN-T-711474,Matched,TV-43U,TV-43U,TV-43U,TV-43U,CineDisplay Warranty Services,2024-05-15,2025-11-15,18,8,Active,Active,False,2025-10-30,2025-11-07,,,541,8,Display Panel Defect,Internal panel line defect.,None,False,False,False,True,No previous repairs,0,False,0,False,True,True,True,True,True,True,True,,0,True,True,True,False,False,,False,False,True,False
CLM-408035,CUST-9237,PRD-566294,INV-99575241,,excluded_damage,train,Invalid Claim,Smartphone,MobileX,SP-100,Mobile Hub,2023-07-30,1287.46,True,SN-S-807905,SN-S-807905,SN-S-807905,SN-S-807905,SN-S-807905,Matched,SP-100,SP-100,SP-100,SP-100,MobileX Warranty Services,2023-07-30,2024-07-30,12,239,Active,Active,False,2023-11-20,2023-12-04,,,127,14,Liquid Damage,Liquid contact indicator triggered.,Liquid Contact,False,True,False,True,No previous repairs,0,False,0,False,True,True,True,True,True,True,True,,0,True,True,True,False,False,,False,True,False,False
CLM-408344,CUST-6584,PRD-574807,INV-58767001,,extended_warranty,train,Valid Claim,Television,CineDisplay,TV-65Q,Vision Retail,2024-07-29,2914.79,True,SN-T-633030,SN-T-633030,SN-T-633030,SN-T-633030,SN-T-633030,Matched,TV-65Q,TV-65Q,TV-65Q,TV-65Q,CineDisplay Warranty Services,2024-07-29,2027-01-29,30,634,Active,Active,True,2025-04-08,2025-05-05,,,280,27,Display Panel Defect,Internal panel line defect.,None,False,False,False,True,No previous repairs,0,False,0,False,True,True,True,True,True,True,True,,0,True,True,True,False,False,,False,False,False,False
CLM-408872,CUST-2635,PRD-966597,INV-33448079,,previous_authorized_repair,train,Valid Claim,Smartphone,ApexPhone,SP-100,City Electronics,2023-09-28,3078.37,True,SN-S-410401,SN-S-410401,SN-S-410401,SN-S-410401,SN-S-410401,Matched,SP-100,SP-100,SP-100,SP-100,ApexPhone Warranty Services,2023-09-28,2024-09-28,12,293,Active,Active,False,2023-11-12,2023-12-10,2023-10-27,,73,28,Charging Port Failure,Charging connector failure under normal usage.,None,False,False,False,True,One or more authorized repairs,1,False,0,False,True,True,True,True,True,True,True,,0,True,True,True,False,False,,False,False,False,False
CLM-409844,CUST-9227,PRD-525873,INV-11421591,,extended_warranty,train,Valid Claim,Television,VisionMax,TV-55OLED,Electro Store,2023-04-03,2369.97,True,SN-T-635205,SN-T-635205,SN-T-635205,SN-T-635205,SN-T-635205,Matched,TV-55OLED,TV-55OLED,TV-55OLED,TV-55OLED,VisionMax Warranty Services,2023-04-03,2025-10-03,30,680,Active,Active,True,2023-10-26,2023-11-23,,,234,28,Power Supply Failure,Internal power board failure.,None,False,False,False,True,No previous repairs,0,False,0,False,True,True,True,True,True,True,True,,0,True,True,True,False,False,,False,False,False,False
CLM-410127,CUST-1414,PRD-804602,INV-27521857,,replacement_not_eligible,train,Invalid Claim,Smartphone,TechCorp,SP-X,Mobile Hub,2023-01-29,3444.44,True,SN-S-260483,SN-S-260483,SN-S-260483,SN-S-260483,SN-S-260483,Matched,SP-X,SP-X,SP-X,SP-X,TechCorp Warranty Services,2023-01-29,2024-01-29,12,230,Active,Active,False,2023-05-19,2023-06-13,2023-05-09,,135,25,Manufacturing Defect,Internal motherboard defect causing bootloop.,None,False,False,False,True,Replacement requested before policy repair threshold,1,False,0,True,True,True,True,True,True,True,True,,0,True,True,True,False,False,,False,True,False,False
CLM-410415,CUST-7908,PRD-207957,INV-13750602,,unauthorized_repair,train,Invalid Claim,Television,VisionMax,TV-43U,Vision Retail,2023-07-24,3464.12,True,SN-T-350127,SN-T-350127,SN-T-350127,SN-T-350127,SN-T-350127,Matched,TV-43U,TV-43U,TV-43U,TV-43U,VisionMax Warranty Services,2023-07-24,2025-01-24,18,459,Active,Active,False,2023-10-01,2023-10-23,,,91,22,Display Panel Defect,Internal panel line defect.,Unauthorized Modification,False,False,True,False,Unauthorized repair reported,0,False,0,False,True,True,True,True,True,True,True,,0,True,True,True,False,False,,False,True,False,True
CLM-410942,CUST-5599,PRD-578454,INV-76147579,,unauthorized_repair,train,Invalid Claim,Smartphone,MobileX,SP-X,TechMart,2024-05-20,3180.1,True,SN-S-345637,SN-S-345637,SN-S-345637,SN-S-345637,SN-S-345637,Matched,SP-X,SP-X,SP-X,SP-X,MobileX Warranty Services,2024-05-20,2025-05-20,12,183,Active,Active,False,2024-11-11,2024-11-18,,,182,7,Battery Manufacturing Defect,Battery swelling or sudden degradation.,Unauthorized Modification,False,False,True,False,Unauthorized repair reported,0,False,0,False,True,True,True,True,True,True,True,,0,True,True,True,False,False,,False,True,False,True
CLM-411595,CUST-3700,PRD-954749,INV-43925761,,unauthorized_repair,train,Invalid Claim,Television,VisionMax,TV-43U,Electro Store,2023-11-30,844.7,True,SN-T-903774,SN-T-903774,SN-T-903774,SN-T-903774,SN-T-903774,Matched,TV-43U,TV-43U,TV-43U,TV-43U,VisionMax Warranty Services,2023-11-30,2025-05-30,18,408,Active,Active,False,2024-04-16,2024-04-17,,,139,1,Power Supply Failure,Internal power board failure.,Unauthorized Modification,False,False,True,False,Unauthorized repair reported,0,False,0,False,True,True,True,True,True,True,True,,0,True,True,True,False,False,,False,True,False,True
CLM-412276,CUST-3443,PRD-226370,INV-22090691,,previous_authorized_repair,train,Valid Claim,Television,VisionMax,TV-43U,Home Screen,2023-04-02,2761.41,True,SN-T-804258,SN-T-804258,SN-T-804258,SN-T-804258,SN-T-804258,Matched,TV-43U,TV-43U,TV-43U,TV-43U,VisionMax Warranty Services,2023-04-02,2024-10-02,18,274,Active,Active,False,2023-12-30,2024-01-02,2023-12-17,,275,3,Display Panel Defect,Internal panel line defect.,None,False,False,False,True,One or more authorized repairs,1,False,0,False,True,True,True,True,True,True,True,,0,True,True,True,False,False,,False,False,False,False
CLM-412318,CUST-1312,PRD-877929,INV-73246028,,expired_warranty,train,Invalid Claim,Smartphone,ApexPhone,SP-X,TechMart,2023-02-07,3189.05,True,SN-S-175532,SN-S-175532,SN-S-175532,SN-S-175532,SN-S-175532,Matched,SP-X,SP-X,SP-X,SP-X,ApexPhone Warranty Services,2023-02-07,2024-02-07,12,-24,Expired,Expired,False,2024-02-23,2024-03-02,,,389,8,Screen Defect (Non-Impact),Touch failure or dead pixels with no physical drop.,None,False,False,False,True,No previous repairs,0,False,0,False,True,True,True,True,True,True,True,,0,True,True,True,False,False,,False,True,False,False
CLM-412422,CUST-5675,PRD-392056,INV-99526487,,borderline_reporting,train,Manual Review,Television,ViewOptics,TV-55OLED,Electro Store,2023-06-19,3022.15,True,SN-T-890478,SN-T-890478,SN-T-890478,SN-T-890478,SN-T-890478,Matched,TV-55OLED,TV-55OLED,TV-55OLED,TV-55OLED,ViewOptics Warranty Services,2023-06-19,2024-12-19,18,0,Active,Active,False,2024-12-16,2024-12-19,,,549,3,Power Supply Failure,Internal power board failure.,None,False,False,False,True,Claim submitted on warranty expiry boundary,0,False,0,False,True,True,True,True,True,True,True,,0,True,True,True,False,False,,False,False,True,True
CLM-412514,CUST-1653,PRD-394241,INV-67985905,,standard_covered,train,Valid Claim,Laptop,UltraTech,LP-900,Digital Bazaar,2024-05-20,2610.69,True,SN-L-666211,SN-L-666211,SN-L-666211,SN-L-666211,SN-L-666211,Matched,LP-900,LP-900,LP-900,LP-900,UltraTech Warranty Services,2024-05-20,2026-05-20,24,630,Active,Active,False,2024-07-20,2024-08-28,,,100,39,Factory SSD Failure,Primary storage failure.,None,False,False,False,True,No previous repairs,0,False,0,False,True,True,True,True,True,True,True,,0,True,True,True,False,False,,False,False,False,False
CLM-412896,CUST-6375,PRD-601036,INV-26104026,,standard_covered,train,Valid Claim,Laptop,ProBook,LP-500,PC World,2023-05-21,175.9,True,SN-L-321494,SN-L-321494,SN-L-321494,SN-L-321494,SN-L-321494,Matched,LP-500,LP-500,LP-500,LP-500,ProBook Warranty Services,2023-05-21,2025-05-21,24,535,Active,Active,False,2023-11-05,2023-12-03,,,196,28,Display Failure,Backlight failure without screen crack.,None,False,False,False,True,No previous repairs,0,False,0,False,True,True,True,True,True,True,True,,0,True,True,True,False,False,,False,False,False,False
CLM-413357,CUST-5695,PRD-476371,INV-47131272,,expired_warranty,train,Invalid Claim,Smartphone,ApexPhone,SP-200,Mobile Hub,2023-11-25,1933.12,True,SN-S-320039,SN-S-320039,SN-S-320039,SN-S-320039,SN-S-320039,Matched,SP-200,SP-200,SP-200,SP-200,ApexPhone Warranty Services,2023-11-25,2024-11-25,12,-139,Expired,Expired,False,2025-03-22,2025-04-13,,,505,22,Screen Defect (Non-Impact),Touch failure or dead pixels with no physical drop.,None,False,False,False,True,No previous repairs,0,False,0,False,True,True,True,True,True,True,True,,0,True,True,True,False,False,,False,True,False,False
CLM-413601,CUST-8711,PRD-971865,INV-39854548,,standard_covered,train,Valid Claim,Laptop,ProBook,LP-900,OfficeDirect,2023-04-21,818.57,True,SN-L-925622,SN-L-925622,SN-L-925622,SN-L-925622,SN-L-925622,Matched,LP-900,LP-900,LP-900,LP-900,ProBook Warranty Services,2023-04-21,2025-04-21,24,662,Active,Active,False,2023-05-30,2023-06-29,,,69,30,Factory SSD Failure,Primary storage failure.,None,False,False,False,True,No previous repairs,0,False,0,False,True,True,True,True,True,True,True,,0,True,True,True,False,False,,False,False,False,False
CLM-415296,CUST-1467,PRD-583816,INV-32015192,,serial_mismatch,train,Manual Review,Television,VisionMax,TV-65Q,Home Screen,2024-03-12,1865.88,True,SN-T-541435,SN-T-415183,SN-T-541435,SN-T-541435,SN-T-541435,Mismatch,TV-65Q,TV-65Q,TV-65Q,TV-65Q,VisionMax Warranty Services,2024-03-12,2025-09-12,18,294,Active,Active,False,2024-10-23,2024-11-22,,,255,30,Power Supply Failure,Internal power board failure.,None,False,False,False,True,No previous repairs,0,False,0,False,True,True,True,True,True,True,True,,0,False,False,True,False,True,Conflicting serial numbers,False,False,True,True
CLM-415917,CUST-4872,PRD-176201,INV-32321899,,standard_covered,train,Valid Claim,Smartphone,TechCorp,SP-200,Mobile Hub,2023-02-21,1511.49,True,SN-S-202664,SN-S-202664,SN-S-202664,SN-S-202664,SN-S-202664,Matched,SP-200,SP-200,SP-200,SP-200,TechCorp Warranty Services,2023-02-21,2024-02-21,12,282,Active,Active,False,2023-04-29,2023-05-15,,,83,16,Manufacturing Defect,Internal motherboard defect causing bootloop.,None,False,False,False,True,No previous repairs,0,False,0,False,True,True,True,True,True,True,True,,0,True,True,True,False,False,,False,False,False,False
CLM-416126,CUST-2843,PRD-112675,INV-29871432,,excluded_damage,train,Invalid Claim,Laptop,UltraTech,LP-900,Digital Bazaar,2024-05-11,564.24,True,SN-L-688098,SN-L-688098,SN-L-688098,SN-L-688098,SN-L-688098,Matched,LP-900,LP-900,LP-900,LP-900,UltraTech Warranty Services,2024-05-11,2026-05-11,24,626,Active,Active,False,2024-08-11,2024-08-23,,,104,12,Physical Damage,Hinge broken or chassis damage.,Physical Impact,True,False,False,True,No previous repairs,0,False,0,False,True,True,True,True,True,True,True,,0,True,True,True,False,False,,False,True,False,False
CLM-416707,CUST-9864,PRD-588780,INV-96114007,,serial_mismatch,train,Manual Review,Laptop,OmniLap,LP-Pro,PC World,2024-10-01,2358.88,True,SN-L-485115,SN-L-721427,SN-L-485115,SN-L-485115,SN-L-485115,Mismatch,LP-Pro,LP-Pro,LP-Pro,LP-Pro,OmniLap Warranty Services,2024-10-01,2026-10-01,24,575,Active,Active,False,2025-02-28,2025-03-05,,,155,5,Factory SSD Failure,Primary storage failure.,None,False,False,False,True,No previous repairs,0,False,0,False,True,True,True,True,True,True,True,,0,False,False,True,False,True,Conflicting serial numbers,False,False,False,True
CLM-416743,CUST-3007,PRD-996867,INV-45899440,,standard_covered,train,Valid Claim,Smartphone,MobileX,SP-X,Mobile Hub,2023-11-23,1656.15,True,SN-S-211341,SN-S-211341,SN-S-211341,SN-S-211341,SN-S-211341,Matched,SP-X,SP-X,SP-X,SP-X,MobileX Warranty Services,2023-11-23,2024-11-23,12,103,Active,Active,False,2024-08-07,2024-08-12,,,263,5,Screen Defect (Non-Impact),Touch failure or dead pixels with no physical drop.,None,False,False,False,True,No previous repairs,0,False,0,False,True,True,True,True,True,True,True,,0,True,True,True,False,False,,False,False,False,False
CLM-418195,CUST-7408,PRD-560970,INV-71888947,,expired_warranty,train,Invalid Claim,Smartphone,ApexPhone,SP-200,City Electronics,2023-10-01,2740.06,True,SN-S-383457,SN-S-383457,SN-S-383457,SN-S-383457,SN-S-383457,Matched,SP-200,SP-200,SP-200,SP-200,ApexPhone Warranty Services,2023-10-01,2024-10-01,12,-90,Expired,Expired,False,2024-12-06,2024-12-30,,,456,24,Manufacturing Defect,Internal motherboard defect causing bootloop.,None,False,False,False,True,No previous repairs,0,False,0,False,True,True,True,True,True,True,True,,0,True,True,True,False,False,,False,True,False,False
CLM-418814,CUST-4595,PRD-828203,INV-46632757,,standard_covered,train,Valid Claim,Smartphone,MobileX,SP-200,City Electronics,2024-07-13,1610.05,True,SN-S-664365,SN-S-664365,SN-S-664365,SN-S-664365,SN-S-664365,Matched,SP-200,SP-200,SP-200,SP-200,MobileX Warranty Services,2024-07-13,2025-07-13,12,95,Active,Active,False,2025-04-08,2025-04-09,,,270,1,Screen Defect (Non-Impact),Touch failure or dead pixels with no physical drop.,None,False,False,False,True,No previous repairs,0,False,0,False,True,True,True,True,True,True,True,,0,True,True,True,False,False,,False,False,False,False
CLM-419059,CUST-4107,PRD-285924,INV-35727027,,unauthorized_repair,train,Invalid Claim,Television,CineDisplay,TV-55OLED,Electro Store,2023-05-02,1934.06,True,SN-T-168553,SN-T-168553,SN-T-168553,SN-T-168553,SN-T-168553,Matched,TV-55OLED,TV-55OLED,TV-55OLED,TV-55OLED,CineDisplay Warranty Services,2023-05-02,2024-11-02,18,424,Active,Active,False,2023-08-25,2023-09-05,,,126,11,Display Panel Defect,Internal panel line defect.,Unauthorized Modification,False,False,True,False,Unauthorized repair reported,0,False,0,False,True,True,True,True,True,True,True,,0,True,True,True,False,False,,False,True,False,True
CLM-420928,CUST-3907,PRD-532292,INV-15399953,DUP-935998,duplicate_claim,train,Manual Review,Television,CineDisplay,TV-43U,Electro Store,2023-09-08,3430.91,True,SN-T-782420,SN-T-782420,SN-T-782420,SN-T-782420,SN-T-782420,Matched,TV-43U,TV-43U,TV-43U,TV-43U,CineDisplay Warranty Services,2023-09-08,2025-03-08,18,285,Active,Active,False,2024-05-18,2024-05-27,,,262,9,Display Panel Defect,Internal panel line defect.,None,False,False,False,True,No previous repairs,0,False,0,False,True,True,True,True,True,True,True,,0,True,True,True,True,False,,False,False,False,True
CLM-421647,CUST-2429,PRD-709594,INV-45269140,,borderline_reporting,train,Manual Review,Television,VisionMax,TV-55OLED,Vision Retail,2024-03-08,3090.57,True,SN-T-684352,SN-T-684352,SN-T-684352,SN-T-684352,SN-T-684352,Matched,TV-55OLED,TV-55OLED,TV-55OLED,TV-55OLED,VisionMax Warranty Services,2024-03-08,2025-09-08,18,0,Active,Active,False,2025-09-01,2025-09-08,,,549,7,Display Panel Defect,Internal panel line defect.,None,False,False,False,True,Claim submitted on warranty expiry boundary,0,False,0,False,True,True,True,True,True,True,True,,0,True,True,True,False,False,,False,False,True,True
CLM-422766,CUST-2567,PRD-766477,INV-93932889,,unauthorized_repair,train,Invalid Claim,Television,ViewOptics,TV-65Q,Home Screen,2024-09-06,1645.63,True,SN-T-176452,SN-T-176452,SN-T-176452,SN-T-176452,SN-T-176452,Matched,TV-65Q,TV-65Q,TV-65Q,TV-65Q,ViewOptics Warranty Services,2024-09-06,2026-03-06,18,503,Active,Active,False,2024-10-17,2024-10-19,,,43,2,Main Board Defect,Smart hub system failure.,Unauthorized Modification,False,False,True,False,Unauthorized repair reported,0,False,0,False,True,True,True,True,True,True,True,,0,True,True,True,False,False,,False,True,False,True
CLM-424468,CUST-3205,PRD-314040,INV-34622346,,missing_mandatory_document,train,Manual Review,Television,ViewOptics,TV-55OLED,Electro Store,2024-03-22,2574.42,True,SN-T-571600,SN-T-571600,SN-T-571600,SN-T-571600,SN-T-571600,Matched,TV-55OLED,TV-55OLED,TV-55OLED,TV-55OLED,ViewOptics Warranty Services,2024-03-22,2025-09-22,18,266,Active,Active,False,2024-12-11,2024-12-30,,,283,19,Power Supply Failure,Internal power board failure.,None,False,False,False,True,No previous repairs,0,False,0,False,False,True,True,False,True,True,True,Purchase Receipt|Product ID Tag Photo,2,False,False,True,False,False,,False,False,False,True
CLM-426684,CUST-2393,PRD-536189,INV-86520583,,late_reporting,train,Invalid Claim,Smartphone,TechCorp,SP-X,TechMart,2023-02-03,2042.07,True,SN-S-769399,SN-S-769399,SN-S-769399,SN-S-769399,SN-S-769399,Matched,SP-X,SP-X,SP-X,SP-X,TechCorp Warranty Services,2023-02-03,2024-02-03,12,297,Active,Active,False,2023-02-23,2023-04-12,,,68,48,Screen Defect (Non-Impact),Touch failure or dead pixels with no physical drop.,None,False,False,False,True,No previous repairs,0,False,0,False,True,True,True,True,True,True,True,,0,True,True,False,False,False,,False,True,False,False
CLM-427038,CUST-6804,PRD-147188,INV-96343485,,near_expiry_boundary,train,Valid Claim,Laptop,OmniLap,LP-900,PC World,2024-04-15,2842.24,True,SN-L-281594,SN-L-281594,SN-L-281594,SN-L-281594,SN-L-281594,Matched,LP-900,LP-900,LP-900,LP-900,OmniLap Warranty Services,2024-04-15,2026-04-15,24,6,Active,Active,False,2026-03-24,2026-04-09,,,724,16,Display Failure,Backlight failure without screen crack.,None,False,False,False,True,No previous repairs,0,False,0,False,True,True,True,True,True,True,True,,0,True,True,True,False,False,,False,False,True,False
CLM-430340,CUST-6515,PRD-913801,INV-89386833,,missing_mandatory_document,train,Manual Review,Laptop,UltraTech,LP-Pro,Digital Bazaar,2023-10-28,2189.34,True,SN-L-353162,SN-L-353162,SN-L-353162,SN-L-353162,SN-L-353162,Matched,LP-Pro,LP-Pro,LP-Pro,LP-Pro,UltraTech Warranty Services,2023-10-28,2025-10-28,24,532,Active,Active,False,2024-05-07,2024-05-14,,,199,7,Motherboard Defect,Component failure on main board.,None,False,False,False,True,No previous repairs,0,False,0,False,True,True,True,True,False,True,False,Serial Number Photo|Technical Diagnostic Report,2,False,False,True,False,False,,False,False,False,True
CLM-430642,CUST-1319,PRD-612469,INV-37140582,DUP-157994,duplicate_claim,train,Manual Review,Smartphone,MobileX,SP-200,Mobile Hub,2023-05-24,848.84,True,SN-S-944492,SN-S-944492,SN-S-944492,SN-S-944492,SN-S-944492,Matched,SP-200,SP-200,SP-200,SP-200,MobileX Warranty Services,2023-05-24,2024-05-24,12,183,Active,Active,False,2023-10-31,2023-11-23,,,183,23,Charging Port Failure,Charging connector failure under normal usage.,None,False,False,False,True,No previous repairs,0,False,0,False,True,True,True,True,True,True,True,,0,True,True,True,True,False,,False,False,False,True
CLM-432204,CUST-1674,PRD-676664,INV-13808225,,standard_covered,train,Valid Claim,Television,CineDisplay,TV-43U,Electro Store,2023-06-07,422.1,True,SN-T-708851,SN-T-708851,SN-T-708851,SN-T-708851,SN-T-708851,Matched,TV-43U,TV-43U,TV-43U,TV-43U,CineDisplay Warranty Services,2023-06-07,2024-12-07,18,336,Active,Active,False,2023-12-16,2024-01-06,,,213,21,Display Panel Defect,Internal panel line defect.,None,False,False,False,True,No previous repairs,0,False,0,False,True,True,True,True,True,True,True,,0,True,True,True,False,False,,False,False,False,False
CLM-432517,CUST-1687,PRD-232177,INV-84277127,,missing_mandatory_document,train,Manual Review,Laptop,ProBook,LP-500,Digital Bazaar,2023-07-08,2553.15,True,SN-L-140372,SN-L-140372,SN-L-140372,SN-L-140372,SN-L-140372,Matched,LP-500,LP-500,LP-500,LP-500,ProBook Warranty Services,2023-07-08,2025-07-08,24,545,Active,Active,False,2024-01-06,2024-01-10,,,186,4,Factory SSD Failure,Primary storage failure.,None,False,False,False,True,No previous repairs,0,False,0,False,True,True,True,True,True,True,False,Technical Diagnostic Report,1,False,False,True,False,False,,False,False,False,True
CLM-433811,CUST-3045,PRD-151228,INV-82646617,,contradictory_information,train,Manual Review,Smartphone,TechCorp,SP-X,Mobile Hub,2023-08-26,2638.75,True,SN-S-593993,SN-S-593993,SN-S-593993,SN-S-593993,SN-S-593993,Matched,SP-X,SP-X,SP-X,SP-X,TechCorp Warranty Services,2023-08-26,2024-08-26,12,357,Active,Active,False,2023-07-31,2023-09-04,,,9,35,Charging Port Failure,Reported fault date predates the purchase date.,None,False,False,False,True,No previous repairs,0,False,0,False,True,True,True,True,True,True,True,,0,False,False,False,False,True,Fault date before purchase date,False,False,False,True
CLM-434164,CUST-3968,PRD-554338,INV-35322723,,invalid_receipt,train,Invalid Claim,Television,ViewOptics,TV-43U,Vision Retail,2023-04-16,3475.05,False,SN-T-840777,SN-T-840777,SN-T-840777,SN-T-840777,SN-T-840777,Matched,TV-43U,TV-43U,TV-43U,TV-43U,ViewOptics Warranty Services,2023-04-16,2024-10-16,18,483,Active,Active,False,2023-06-13,2023-06-21,,,66,8,Main Board Defect,Smart hub system failure.,None,False,False,False,True,No previous repairs,0,False,0,False,True,False,True,True,True,True,True,,0,False,False,True,False,False,,False,True,False,False
CLM-435036,CUST-5940,PRD-280141,INV-26306114,,excluded_damage,train,Invalid Claim,Laptop,UltraTech,LP-900,OfficeDirect,2024-04-04,3233.45,True,SN-L-491029,SN-L-491029,SN-L-491029,SN-L-491029,SN-L-491029,Matched,LP-900,LP-900,LP-900,LP-900,UltraTech Warranty Services,2024-04-04,2026-04-04,24,643,Active,Active,False,2024-05-31,2024-06-30,,,87,30,Liquid Damage,Liquid spill marks internal.,Liquid Contact,False,True,False,True,No previous repairs,0,False,0,False,True,True,True,True,True,True,True,,0,True,True,True,False,False,,False,True,False,False
CLM-435291,CUST-4863,PRD-389873,INV-84536479,,complex_covered,train,Valid Claim,Smartphone,TechCorp,SP-X,TechMart,2023-08-23,1597.93,True,SN-S-703867,SN-S-703867,SN-S-703867,SN-S-703867,SN-S-703867,Matched,SP-X,SP-X,SP-X,SP-X,TechCorp Warranty Services,2023-08-23,2024-08-23,12,195,Active,Active,False,2024-01-28,2024-02-10,,,171,13,Manufacturing Defect,Internal motherboard defect causing bootloop. Additional diagnostic evidence supplied.,None,False,False,False,True,Complex repair history with supporting diagnostics,0,False,0,False,True,True,True,True,True,True,True,,0,True,True,True,False,False,,False,False,False,False
CLM-435631,CUST-7543,PRD-831386,INV-58586340,,standard_covered,train,Valid Claim,Laptop,UltraTech,LP-500,PC World,2023-09-10,884.72,True,SN-L-246413,SN-L-246413,SN-L-246413,SN-L-246413,SN-L-246413,Matched,LP-500,LP-500,LP-500,LP-500,UltraTech Warranty Services,2023-09-10,2025-09-10,24,483,Active,Active,False,2024-05-06,2024-05-15,,,248,9,Display Failure,Backlight failure without screen crack.,None,False,False,False,True,No previous repairs,0,False,0,False,True,True,True,True,True,True,True,,0,True,True,True,False,False,,False,False,False,False
CLM-437807,CUST-5602,PRD-478857,INV-17863981,,previous_authorized_repair,train,Valid Claim,Laptop,UltraTech,LP-500,OfficeDirect,2024-09-03,2858.99,True,SN-L-434367,SN-L-434367,SN-L-434367,SN-L-434367,SN-L-434367,Matched,LP-500,LP-500,LP-500,LP-500,UltraTech Warranty Services,2024-09-03,2026-09-03,24,664,Active,Active,False,2024-10-08,2024-11-08,2024-09-15,,66,31,Keyboard Failure,Multiple keys non-functional.,None,False,False,False,True,One or more authorized repairs,2,False,0,False,True,True,True,True,True,True,True,,0,True,True,True,False,False,,False,False,False,False
CLM-437883,CUST-3807,PRD-901569,INV-21097943,,near_expiry_boundary,train,Valid Claim,Television,ViewOptics,TV-55OLED,Vision Retail,2024-05-02,1824.53,True,SN-T-679549,SN-T-679549,SN-T-679549,SN-T-679549,SN-T-679549,Matched,TV-55OLED,TV-55OLED,TV-55OLED,TV-55OLED,ViewOptics Warranty Services,2024-05-02,2025-11-02,18,12,Active,Active,False,2025-10-10,2025-10-21,,,537,11,Display Panel Defect,Internal panel line defect.,None,False,False,False,True,No previous repairs,0,False,0,False,True,True,True,True,True,True,True,,0,True,True,True,False,False,,False,False,False,False
CLM-438803,CUST-8167,PRD-632301,INV-42029368,,previous_authorized_repair,train,Valid Claim,Smartphone,ApexPhone,SP-200,City Electronics,2024-10-11,343.98,True,SN-S-714923,SN-S-714923,SN-S-714923,SN-S-714923,SN-S-714923,Matched,SP-200,SP-200,SP-200,SP-200,ApexPhone Warranty Services,2024-10-11,2025-10-11,12,184,Active,Active,False,2025-04-07,2025-04-10,2025-03-30,,181,3,Manufacturing Defect,Internal motherboard defect causing bootloop.,None,False,False,False,True,One or more authorized repairs,1,False,0,False,True,True,True,True,True,True,True,,0,True,True,True,False,False,,False,False,False,False
CLM-438860,CUST-3223,PRD-316265,INV-71968116,,standard_covered,train,Valid Claim,Television,CineDisplay,TV-65Q,Electro Store,2023-03-27,758.79,True,SN-T-128418,SN-T-128418,SN-T-128418,SN-T-128418,SN-T-128418,Matched,TV-65Q,TV-65Q,TV-65Q,TV-65Q,CineDisplay Warranty Services,2023-03-27,2024-09-27,18,302,Active,Active,False,2023-11-21,2023-11-30,,,248,9,Main Board Defect,Smart hub system failure.,None,False,False,False,True,No previous repairs,0,False,0,False,True,True,True,True,True,True,True,,0,True,True,True,False,False,,False,False,False,False
CLM-438873,CUST-2435,PRD-984202,INV-26789227,,excluded_damage,train,Invalid Claim,Smartphone,ApexPhone,SP-X,City Electronics,2024-11-20,602.63,True,SN-S-824211,SN-S-824211,SN-S-824211,SN-S-824211,SN-S-824211,Matched,SP-X,SP-X,SP-X,SP-X,ApexPhone Warranty Services,2024-11-20,2025-11-20,12,318,Active,Active,False,2024-12-14,2025-01-06,,,47,23,Physical Damage,Cracked screen or casing from impact.,Physical Impact,True,False,False,True,No previous repairs,0,False,0,False,True,True,True,True,True,True,True,,0,True,True,True,False,False,,False,True,False,False
CLM-439084,CUST-5095,PRD-258486,INV-36424359,,unauthorized_repair,train,Invalid Claim,Smartphone,TechCorp,SP-X,TechMart,2023-08-20,701.01,True,SN-S-873266,SN-S-873266,SN-S-873266,SN-S-873266,SN-S-873266,Matched,SP-X,SP-X,SP-X,SP-X,TechCorp Warranty Services,2023-08-20,2024-08-20,12,309,Active,Active,False,2023-09-25,2023-10-16,,,57,21,Charging Port Failure,Charging connector failure under normal usage.,Unauthorized Modification,False,False,True,False,Unauthorized repair reported,0,False,0,False,True,True,True,True,True,True,True,,0,True,True,True,False,False,,False,True,False,True
CLM-439660,CUST-7146,PRD-946703,INV-70665302,,near_expiry_boundary,train,Valid Claim,Television,ViewOptics,TV-43U,Electro Store,2023-10-03,402.98,True,SN-T-763121,SN-T-763121,SN-T-763121,SN-T-763121,SN-T-763121,Matched,TV-43U,TV-43U,TV-43U,TV-43U,ViewOptics Warranty Services,2023-10-03,2025-04-03,18,1,Active,Active,False,2025-03-29,2025-04-02,,,547,4,Main Board Defect,Smart hub system failure.,None,False,False,False,True,No previous repairs,0,False,0,False,True,True,True,True,True,True,True,,0,True,True,True,False,False,,False,False,True,False
CLM-439719,CUST-1752,PRD-510821,INV-23364695,,near_expiry_boundary,train,Valid Claim,Television,CineDisplay,TV-65Q,Home Screen,2024-05-11,2247.7,True,SN-T-693643,SN-T-693643,SN-T-693643,SN-T-693643,SN-T-693643,Matched,TV-65Q,TV-65Q,TV-65Q,TV-65Q,CineDisplay Warranty Services,2024-05-11,2025-11-11,18,16,Active,Active,False,2025-10-25,2025-10-26,,,533,1,Power Supply Failure,Internal power board failure.,None,False,False,False,True,No previous repairs,0,False,0,False,True,True,True,True,True,True,True,,0,True,True,True,False,False,,False,False,False,False
CLM-444481,CUST-9308,PRD-718206,INV-51511484,,standard_covered,train,Valid Claim,Smartphone,ApexPhone,SP-200,Mobile Hub,2024-11-10,2384.09,True,SN-S-429164,SN-S-429164,SN-S-429164,SN-S-429164,SN-S-429164,Matched,SP-200,SP-200,SP-200,SP-200,ApexPhone Warranty Services,2024-11-10,2025-11-10,12,181,Active,Active,False,2025-05-02,2025-05-13,,,184,11,Manufacturing Defect,Internal motherboard defect causing bootloop.,None,False,False,False,True,No previous repairs,0,False,0,False,True,True,True,True,True,True,True,,0,True,True,True,False,False,,False,False,False,False
CLM-445114,CUST-8834,PRD-872919,INV-30560218,,near_expiry_boundary,train,Valid Claim,Television,CineDisplay,TV-55OLED,Vision Retail,2023-08-15,1674.18,True,SN-T-744481,SN-T-744481,SN-T-744481,SN-T-744481,SN-T-744481,Matched,TV-55OLED,TV-55OLED,TV-55OLED,TV-55OLED,CineDisplay Warranty Services,2023-08-15,2025-02-15,18,7,Active,Active,False,2025-02-01,2025-02-08,,,543,7,Display Panel Defect,Internal panel line defect.,None,False,False,False,True,No previous repairs,0,False,0,False,True,True,True,True,True,True,True,,0,True,True,True,False,False,,False,False,True,False
CLM-446731,CUST-2166,PRD-120175,INV-41329612,,standard_covered,train,Valid Claim,Laptop,UltraTech,LP-900,OfficeDirect,2023-10-23,3245.1,True,SN-L-342720,SN-L-342720,SN-L-342720,SN-L-342720,SN-L-342720,Matched,LP-900,LP-900,LP-900,LP-900,UltraTech Warranty Services,2023-10-23,2025-10-23,24,438,Active,Active,False,2024-07-01,2024-08-11,,,293,41,Display Failure,Backlight failure without screen crack.,None,False,False,False,True,No previous repairs,0,False,0,False,True,True,True,True,True,True,True,,0,True,True,True,False,False,,False,False,False,False
CLM-447665,CUST-7336,PRD-398886,INV-33781587,,unauthorized_repair,train,Invalid Claim,Laptop,OmniLap,LP-900,Digital Bazaar,2023-12-28,2961.14,True,SN-L-229410,SN-L-229410,SN-L-229410,SN-L-229410,SN-L-229410,Matched,LP-900,LP-900,LP-900,LP-900,OmniLap Warranty Services,2023-12-28,2025-12-28,24,701,Active,Active,False,2024-01-19,2024-01-27,,,30,8,Factory SSD Failure,Primary storage failure.,Unauthorized Modification,False,False,True,False,Unauthorized repair reported,0,False,0,False,True,True,True,True,True,True,True,,0,True,True,True,False,False,,False,True,False,True
CLM-449088,CUST-7114,PRD-112000,INV-78790057,,excluded_damage,train,Invalid Claim,Smartphone,MobileX,SP-X,City Electronics,2024-10-05,2605.41,True,SN-S-370439,SN-S-370439,SN-S-370439,SN-S-370439,SN-S-370439,Matched,SP-X,SP-X,SP-X,SP-X,MobileX Warranty Services,2024-10-05,2025-10-05,12,285,Active,Active,False,2024-12-05,2024-12-24,,,80,19,Liquid Damage,Liquid contact indicator triggered.,Liquid Contact,False,True,False,True,No previous repairs,0,False,0,False,True,True,True,True,True,True,True,,0,True,True,True,False,False,,False,True,False,False
CLM-449444,CUST-9605,PRD-764846,INV-44245026,,service_center_unclear,train,Manual Review,Television,VisionMax,TV-65Q,Electro Store,2023-02-21,1667.89,True,SN-T-679678,SN-T-679678,SN-T-679678,SN-T-679678,SN-T-679678,Matched,TV-65Q,TV-65Q,TV-65Q,TV-65Q,VisionMax Warranty Services,2023-02-21,2024-08-21,18,471,Active,Active,False,2023-04-10,2023-05-08,2023-03-21,,76,28,Power Supply Failure,Internal power board failure.,None,False,False,False,False,Service-center authorization is unclear,1,False,0,False,True,True,True,True,True,True,True,,0,True,True,True,False,False,,False,False,False,True
CLM-450772,CUST-1364,PRD-916719,INV-52481834,,excluded_damage,train,Invalid Claim,Television,ViewOptics,TV-65Q,Electro Store,2023-10-01,1415.42,True,SN-T-541631,SN-T-541631,SN-T-541631,SN-T-541631,SN-T-541631,Matched,TV-65Q,TV-65Q,TV-65Q,TV-65Q,ViewOptics Warranty Services,2023-10-01,2025-04-01,18,477,Active,Active,False,2023-11-15,2023-12-11,,,71,26,Electrical Surge,High voltage power surge damage.,Electrical Surge,False,False,False,True,No previous repairs,0,False,0,False,True,True,True,True,True,True,True,,0,True,True,True,False,False,,False,True,False,False
CLM-450862,CUST-8037,PRD-590325,INV-62188655,,near_expiry_boundary,train,Valid Claim,Laptop,UltraTech,LP-900,OfficeDirect,2024-09-20,164.91,True,SN-L-873207,SN-L-873207,SN-L-873207,SN-L-873207,SN-L-873207,Matched,LP-900,LP-900,LP-900,LP-900,UltraTech Warranty Services,2024-09-20,2026-09-20,24,4,Active,Active,False,2026-09-11,2026-09-16,,,726,5,Keyboard Failure,Multiple keys non-functional.,None,False,False,False,True,No previous repairs,0,False,0,False,True,True,True,True,True,True,True,,0,True,True,True,False,False,,False,False,True,False
CLM-451121,CUST-4079,PRD-751254,INV-19212612,,missing_mandatory_document,train,Manual Review,Laptop,ProBook,LP-900,PC World,2024-09-27,1080.76,True,SN-L-574409,SN-L-574409,SN-L-574409,SN-L-574409,SN-L-574409,Matched,LP-900,LP-900,LP-900,LP-900,ProBook Warranty Services,2024-09-27,2026-09-27,24,495,Active,Active,False,2025-05-09,2025-05-20,,,235,11,Keyboard Failure,Multiple keys non-functional.,None,False,False,False,True,No previous repairs,0,False,0,False,True,True,True,True,True,True,False,Technical Diagnostic Report,1,False,False,True,False,False,,False,False,False,True
CLM-451416,CUST-3497,PRD-205386,INV-69762583,,excluded_damage,train,Invalid Claim,Television,ViewOptics,TV-43U,Vision Retail,2023-01-23,3378.95,True,SN-T-542372,SN-T-542372,SN-T-542372,SN-T-542372,SN-T-542372,Matched,TV-43U,TV-43U,TV-43U,TV-43U,ViewOptics Warranty Services,2023-01-23,2024-07-23,18,393,Active,Active,False,2023-06-07,2023-06-26,,,154,19,Cracked Screen,External screen crack from impact.,Physical Impact,True,False,False,True,No previous repairs,0,False,0,False,True,True,True,True,True,True,True,,0,True,True,True,False,False,,False,True,False,False
CLM-451834,CUST-5558,PRD-502385,INV-87193691,,missing_mandatory_document,train,Manual Review,Television,ViewOptics,TV-43U,Home Screen,2023-08-04,3096.61,True,SN-T-143971,SN-T-143971,SN-T-143971,SN-T-143971,SN-T-143971,Matched,TV-43U,TV-43U,TV-43U,TV-43U,ViewOptics Warranty Services,2023-08-04,2025-02-04,18,254,Active,Active,False,2024-05-15,2024-05-26,,,296,11,Power Supply Failure,Internal power board failure.,None,False,False,False,True,No previous repairs,0,False,0,False,False,True,True,True,True,True,True,Purchase Receipt,1,False,False,True,False,False,,False,False,False,True
CLM-454352,CUST-5883,PRD-191424,INV-96965116,,extended_warranty,train,Valid Claim,Smartphone,TechCorp,SP-X,City Electronics,2024-07-12,1399.99,True,SN-S-935474,SN-S-935474,SN-S-935474,SN-S-935474,SN-S-935474,Matched,SP-X,SP-X,SP-X,SP-X,TechCorp Warranty Services,2024-07-12,2026-07-12,24,636,Active,Active,True,2024-10-13,2024-10-14,,,94,1,Battery Manufacturing Defect,Battery swelling or sudden degradation.,None,False,False,False,True,No previous repairs,0,False,0,False,True,True,True,True,True,True,True,,0,True,True,True,False,False,,False,False,False,False
CLM-455210,CUST-5914,PRD-113351,INV-86414081,DUP-187436,duplicate_claim,train,Manual Review,Television,ViewOptics,TV-43U,Home Screen,2024-08-26,182.17,True,SN-T-668714,SN-T-668714,SN-T-668714,SN-T-668714,SN-T-668714,Matched,TV-43U,TV-43U,TV-43U,TV-43U,ViewOptics Warranty Services,2024-08-26,2026-02-26,18,266,Active,Active,False,2025-05-22,2025-06-05,,,283,14,Display Panel Defect,Internal panel line defect.,None,False,False,False,True,No previous repairs,0,False,0,False,True,True,True,True,True,True,True,,0,True,True,True,True,False,,False,False,False,True
CLM-455555,CUST-3219,PRD-812440,INV-70116733,,contradictory_information,train,Manual Review,Laptop,OmniLap,LP-900,Digital Bazaar,2023-07-25,2707.8,True,SN-L-774442,SN-L-774442,SN-L-774442,SN-L-774442,SN-L-774442,Matched,LP-900,LP-900,LP-900,LP-900,OmniLap Warranty Services,2023-07-25,2025-07-25,24,611,Active,Active,False,2023-10-27,2023-11-22,2023-07-07,,120,26,Display Failure,Backlight failure without screen crack.,None,False,False,False,True,Conflicting repair record predates purchase,1,False,0,False,True,True,True,True,True,True,True,,0,False,False,True,False,True,Repair date before purchase date,False,False,False,True
CLM-458621,CUST-3981,PRD-679307,INV-27318510,,standard_covered,train,Valid Claim,Television,VisionMax,TV-55OLED,Vision Retail,2024-06-13,1599.27,True,SN-T-813145,SN-T-813145,SN-T-813145,SN-T-813145,SN-T-813145,Matched,TV-55OLED,TV-55OLED,TV-55OLED,TV-55OLED,VisionMax Warranty Services,2024-06-13,2025-12-13,18,433,Active,Active,False,2024-09-06,2024-10-06,,,115,30,Power Supply Failure,Internal power board failure.,None,False,False,False,True,No previous repairs,0,False,0,False,True,True,True,True,True,True,True,,0,True,True,True,False,False,,False,False,True,False
CLM-459949,CUST-8713,PRD-354052,INV-27172371,,previous_authorized_repair,train,Valid Claim,Television,ViewOptics,TV-43U,Electro Store,2023-07-05,2632.08,True,SN-T-685365,SN-T-685365,SN-T-685365,SN-T-685365,SN-T-685365,Matched,TV-43U,TV-43U,TV-43U,TV-43U,ViewOptics Warranty Services,2023-07-05,2025-01-05,18,457,Active,Active,False,2023-09-12,2023-10-06,2023-08-28,,93,24,Power Supply Failure,Internal power board failure.,None,False,False,False,True,One or more authorized repairs,1,False,0,False,True,True,True,True,True,True,True,,0,True,True,True,False,False,,False,False,False,False
CLM-461123,CUST-7950,PRD-120214,INV-23948820,,extended_warranty,train,Valid Claim,Smartphone,ApexPhone,SP-X,TechMart,2023-03-09,838.69,True,SN-S-757386,SN-S-757386,SN-S-757386,SN-S-757386,SN-S-757386,Matched,SP-X,SP-X,SP-X,SP-X,ApexPhone Warranty Services,2023-03-09,2025-03-09,24,575,Active,Active,True,2023-07-16,2023-08-12,,,156,27,Screen Defect (Non-Impact),Touch failure or dead pixels with no physical drop.,None,False,False,False,True,No previous repairs,0,False,0,False,True,True,True,True,True,True,True,,0,True,True,True,False,False,,False,False,False,False
CLM-463886,CUST-2555,PRD-386813,INV-11381630,,borderline_reporting,train,Manual Review,Laptop,UltraTech,LP-900,Digital Bazaar,2024-04-07,2440.81,True,SN-L-914915,SN-L-914915,SN-L-914915,SN-L-914915,SN-L-914915,Matched,LP-900,LP-900,LP-900,LP-900,UltraTech Warranty Services,2024-04-07,2026-04-07,24,0,Active,Active,False,2026-03-26,2026-04-07,,,730,12,Keyboard Failure,Multiple keys non-functional.,None,False,False,False,True,Claim submitted on warranty expiry boundary,0,False,0,False,True,True,True,True,True,True,True,,0,True,True,True,False,False,,False,False,True,True
CLM-464766,CUST-3091,PRD-791091,INV-93517915,,standard_covered,train,Valid Claim,Laptop,UltraTech,LP-900,Digital Bazaar,2024-02-19,1939.31,True,SN-L-812131,SN-L-812131,SN-L-812131,SN-L-812131,SN-L-812131,Matched,LP-900,LP-900,LP-900,LP-900,UltraTech Warranty Services,2024-02-19,2026-02-19,24,446,Active,Active,False,2024-11-04,2024-11-30,,,285,26,Keyboard Failure,Multiple keys non-functional.,None,False,False,False,True,No previous repairs,0,False,0,False,True,True,True,True,True,True,True,,0,True,True,True,False,False,,False,False,False,False
CLM-465272,CUST-2020,PRD-737543,INV-68382413,,previous_authorized_repair,train,Valid Claim,Television,CineDisplay,TV-43U,Electro Store,2024-10-14,2369.19,True,SN-T-239999,SN-T-239999,SN-T-239999,SN-T-239999,SN-T-239999,Matched,TV-43U,TV-43U,TV-43U,TV-43U,CineDisplay Warranty Services,2024-10-14,2026-04-14,18,484,Active,Active,False,2024-12-11,2024-12-16,2024-11-27,,63,5,Power Supply Failure,Internal power board failure.,None,False,False,False,True,One or more authorized repairs,1,False,0,False,True,True,True,True,True,True,True,,0,True,True,True,False,False,,False,False,False,False
CLM-467485,CUST-2195,PRD-424660,INV-18041391,,standard_covered,train,Valid Claim,Laptop,UltraTech,LP-900,OfficeDirect,2024-02-20,679.57,True,SN-L-943776,SN-L-943776,SN-L-943776,SN-L-943776,SN-L-943776,Matched,LP-900,LP-900,LP-900,LP-900,UltraTech Warranty Services,2024-02-20,2026-02-20,24,452,Active,Active,False,2024-10-29,2024-11-25,,,279,27,Display Failure,Backlight failure without screen crack.,None,False,False,False,True,No previous repairs,0,False,0,False,True,True,True,True,True,True,True,,0,True,True,True,False,False,,False,False,False,False
CLM-468232,CUST-9621,PRD-869671,INV-98164473,,expired_warranty,train,Invalid Claim,Smartphone,TechCorp,SP-X,TechMart,2024-01-30,983.36,True,SN-S-657487,SN-S-657487,SN-S-657487,SN-S-657487,SN-S-657487,Matched,SP-X,SP-X,SP-X,SP-X,TechCorp Warranty Services,2024-01-30,2025-01-30,12,-68,Expired,Expired,False,2025-03-21,2025-04-08,,,434,18,Screen Defect (Non-Impact),Touch failure or dead pixels with no physical drop.,None,False,False,False,True,No previous repairs,0,False,0,False,True,True,True,True,True,True,True,,0,True,True,True,False,False,,False,True,False,False
CLM-471704,CUST-1969,PRD-132972,INV-22007214,,near_expiry_boundary,train,Valid Claim,Laptop,UltraTech,LP-900,Digital Bazaar,2023-10-22,2335.2,True,SN-L-309144,SN-L-309144,SN-L-309144,SN-L-309144,SN-L-309144,Matched,LP-900,LP-900,LP-900,LP-900,UltraTech Warranty Services,2023-10-22,2025-10-22,24,18,Active,Active,False,2025-10-02,2025-10-04,,,713,2,Display Failure,Backlight failure without screen crack.,None,False,False,False,True,No previous repairs,0,False,0,False,True,True,True,True,True,True,True,,0,True,True,True,False,False,,False,False,False,False
CLM-473308,CUST-2822,PRD-985482,INV-30922844,,late_reporting,train,Invalid Claim,Smartphone,MobileX,SP-200,Mobile Hub,2024-03-30,351.0,True,SN-S-453723,SN-S-453723,SN-S-453723,SN-S-453723,SN-S-453723,Matched,SP-200,SP-200,SP-200,SP-200,MobileX Warranty Services,2024-03-30,2025-03-30,12,311,Active,Active,False,2024-04-19,2024-05-23,,,54,34,Manufacturing Defect,Internal motherboard defect causing bootloop.,None,False,False,False,True,No previous repairs,0,False,0,False,True,True,True,True,True,True,True,,0,True,True,False,False,False,,False,True,False,False
CLM-473514,CUST-6901,PRD-564290,INV-14810369,,expired_warranty,train,Invalid Claim,Smartphone,MobileX,SP-X,Mobile Hub,2024-09-01,461.97,True,SN-S-825104,SN-S-825104,SN-S-825104,SN-S-825104,SN-S-825104,Matched,SP-X,SP-X,SP-X,SP-X,MobileX Warranty Services,2024-09-01,2025-09-01,12,-99,Expired,Expired,False,2025-11-27,2025-12-09,,,464,12,Screen Defect (Non-Impact),Touch failure or dead pixels with no physical drop.,None,False,False,False,True,No previous repairs,0,False,0,False,True,True,True,True,True,True,True,,0,True,True,True,False,False,,False,True,False,False
CLM-474031,CUST-7484,PRD-830202,INV-54492381,,previous_authorized_repair,train,Valid Claim,Laptop,ProBook,LP-900,PC World,2024-09-25,2463.22,True,SN-L-250840,SN-L-250840,SN-L-250840,SN-L-250840,SN-L-250840,Matched,LP-900,LP-900,LP-900,LP-900,ProBook Warranty Services,2024-09-25,2026-09-25,24,687,Active,Active,False,2024-11-03,2024-11-07,2024-10-21,,43,4,Factory SSD Failure,Primary storage failure.,None,False,False,False,True,One or more authorized repairs,2,False,0,False,True,True,True,True,True,True,True,,0,True,True,True,False,False,,False,False,False,False
CLM-474968,CUST-1430,PRD-379052,INV-30585690,,replacement_not_eligible,train,Invalid Claim,Television,ViewOptics,TV-65Q,Home Screen,2024-02-29,2798.21,True,SN-T-104359,SN-T-104359,SN-T-104359,SN-T-104359,SN-T-104359,Matched,TV-65Q,TV-65Q,TV-65Q,TV-65Q,ViewOptics Warranty Services,2024-02-29,2025-08-29,18,396,Active,Active,False,2024-07-12,2024-07-29,2024-07-02,,151,17,Display Panel Defect,Internal panel line defect.,None,False,False,False,True,Replacement requested before policy repair threshold,1,False,0,True,True,True,True,True,True,True,True,,0,True,True,True,False,False,,False,True,False,False
CLM-475090,CUST-4434,PRD-783737,INV-26154220,DUP-498988,duplicate_claim,train,Manual Review,Laptop,OmniLap,LP-500,OfficeDirect,2024-06-02,3301.33,True,SN-L-283602,SN-L-283602,SN-L-283602,SN-L-283602,SN-L-283602,Matched,LP-500,LP-500,LP-500,LP-500,OmniLap Warranty Services,2024-06-02,2026-06-02,24,588,Active,Active,False,2024-09-13,2024-10-22,,,142,39,Motherboard Defect,Component failure on main board.,None,False,False,False,True,No previous repairs,0,False,0,False,True,True,True,True,True,True,True,,0,True,True,True,True,False,,False,False,False,True
CLM-475301,CUST-9369,PRD-154347,INV-45503367,,extended_warranty,train,Valid Claim,Laptop,UltraTech,LP-500,OfficeDirect,2024-02-25,711.87,True,SN-L-970699,SN-L-970699,SN-L-970699,SN-L-970699,SN-L-970699,Matched,LP-500,LP-500,LP-500,LP-500,UltraTech Warranty Services,2024-02-25,2027-02-25,36,939,Active,Active,True,2024-06-17,2024-07-31,,,157,44,Keyboard Failure,Multiple keys non-functional.,None,False,False,False,True,No previous repairs,0,False,0,False,True,True,True,True,True,True,True,,0,True,True,True,False,False,,False,False,False,False
CLM-475477,CUST-8762,PRD-197678,INV-97710027,DUP-923982,duplicate_claim,train,Manual Review,Smartphone,TechCorp,SP-100,Mobile Hub,2023-06-10,2144.02,True,SN-S-794776,SN-S-794776,SN-S-794776,SN-S-794776,SN-S-794776,Matched,SP-100,SP-100,SP-100,SP-100,TechCorp Warranty Services,2023-06-10,2024-06-10,12,68,Active,Active,False,2024-03-20,2024-04-03,,,298,14,Battery Manufacturing Defect,Battery swelling or sudden degradation.,None,False,False,False,True,No previous repairs,0,False,0,False,True,True,True,True,True,True,True,,0,True,True,True,True,False,,False,False,False,True
CLM-476267,CUST-6628,PRD-266748,INV-81810948,,expired_warranty,train,Invalid Claim,Smartphone,ApexPhone,SP-X,Mobile Hub,2023-03-21,2758.07,True,SN-S-801200,SN-S-801200,SN-S-801200,SN-S-801200,SN-S-801200,Matched,SP-X,SP-X,SP-X,SP-X,ApexPhone Warranty Services,2023-03-21,2024-03-21,12,-138,Expired,Expired,False,2024-07-20,2024-08-06,,,504,17,Battery Manufacturing Defect,Battery swelling or sudden degradation.,None,False,False,False,True,No previous repairs,0,False,0,False,True,True,True,True,True,True,True,,0,True,True,True,False,False,,False,True,False,False
CLM-476738,CUST-6850,PRD-280251,INV-55386805,,borderline_reporting,train,Manual Review,Television,VisionMax,TV-43U,Electro Store,2023-08-29,421.88,True,SN-T-271318,SN-T-271318,SN-T-271318,SN-T-271318,SN-T-271318,Matched,TV-43U,TV-43U,TV-43U,TV-43U,VisionMax Warranty Services,2023-08-29,2025-02-28,18,0,Active,Active,False,2025-02-25,2025-02-28,,,549,3,Display Panel Defect,Internal panel line defect.,None,False,False,False,True,Claim submitted on warranty expiry boundary,0,False,0,False,True,True,True,True,True,True,True,,0,True,True,True,False,False,,False,False,True,True
CLM-478007,CUST-6084,PRD-707601,INV-88851835,,unauthorized_repair,train,Invalid Claim,Smartphone,TechCorp,SP-100,TechMart,2024-03-18,829.96,True,SN-S-424803,SN-S-424803,SN-S-424803,SN-S-424803,SN-S-424803,Matched,SP-100,SP-100,SP-100,SP-100,TechCorp Warranty Services,2024-03-18,2025-03-18,12,219,Active,Active,False,2024-08-02,2024-08-11,,,146,9,Charging Port Failure,Charging connector failure under normal usage.,Unauthorized Modification,False,False,True,False,Unauthorized repair reported,0,False,0,False,True,True,True,True,True,True,True,,0,True,True,True,False,False,,False,True,False,True
CLM-478035,CUST-1884,PRD-120733,INV-56524622,,missing_mandatory_document,train,Manual Review,Television,VisionMax,TV-65Q,Vision Retail,2024-07-08,3166.43,True,SN-T-434347,SN-T-434347,SN-T-434347,SN-T-434347,SN-T-434347,Matched,TV-65Q,TV-65Q,TV-65Q,TV-65Q,VisionMax Warranty Services,2024-07-08,2026-01-08,18,453,Active,Active,False,2024-09-19,2024-10-12,,,96,23,Main Board Defect,Smart hub system failure.,None,False,False,False,True,No previous repairs,0,False,0,False,True,True,True,False,True,True,True,Product ID Tag Photo,1,False,False,True,False,False,,False,False,False,True
CLM-483380,CUST-6904,PRD-305909,INV-36724061,,previous_authorized_repair,train,Valid Claim,Television,VisionMax,TV-43U,Home Screen,2023-02-03,1067.82,True,SN-T-361609,SN-T-361609,SN-T-361609,SN-T-361609,SN-T-361609,Matched,TV-43U,TV-43U,TV-43U,TV-43U,VisionMax Warranty Services,2023-02-03,2024-08-03,18,475,Active,Active,False,2023-03-20,2023-04-16,2023-02-27,,72,27,Power Supply Failure,Internal power board failure.,None,False,False,False,True,One or more authorized repairs,1,False,0,False,True,True,True,True,True,True,True,,0,True,True,True,False,False,,False,False,False,False
CLM-484783,CUST-4489,PRD-495266,INV-98691908,,excluded_damage,train,Invalid Claim,Laptop,OmniLap,LP-500,OfficeDirect,2024-06-12,3373.09,True,SN-L-758342,SN-L-758342,SN-L-758342,SN-L-758342,SN-L-758342,Matched,LP-500,LP-500,LP-500,LP-500,OmniLap Warranty Services,2024-06-12,2026-06-12,24,562,Active,Active,False,2024-10-21,2024-11-27,,,168,37,Liquid Damage,Liquid spill marks internal.,Liquid Contact,False,True,False,True,No previous repairs,0,False,0,False,True,True,True,True,True,True,True,,0,True,True,True,False,False,,False,True,False,False
CLM-487421,CUST-8096,PRD-288358,INV-63015826,,previous_authorized_repair,train,Valid Claim,Smartphone,TechCorp,SP-200,TechMart,2024-04-17,1812.02,True,SN-S-144770,SN-S-144770,SN-S-144770,SN-S-144770,SN-S-144770,Matched,SP-200,SP-200,SP-200,SP-200,TechCorp Warranty Services,2024-04-17,2025-04-17,12,246,Active,Active,False,2024-08-01,2024-08-14,2024-07-22,,119,13,Manufacturing Defect,Internal motherboard defect causing bootloop.,None,False,False,False,True,One or more authorized repairs,1,False,0,False,True,True,True,True,True,True,True,,0,True,True,True,False,False,,False,False,False,False
CLM-487692,CUST-2970,PRD-133183,INV-98349411,,unauthorized_repair,train,Invalid Claim,Television,CineDisplay,TV-65Q,Home Screen,2024-05-02,3286.21,True,SN-T-887017,SN-T-887017,SN-T-887017,SN-T-887017,SN-T-887017,Matched,TV-65Q,TV-65Q,TV-65Q,TV-65Q,CineDisplay Warranty Services,2024-05-02,2025-11-02,18,516,Active,Active,False,2024-05-26,2024-06-04,,,33,9,Main Board Defect,Smart hub system failure.,Unauthorized Modification,False,False,True,False,Unauthorized repair reported,0,False,0,False,True,True,True,True,True,True,True,,0,True,True,True,False,False,,False,True,False,True
CLM-488885,CUST-3996,PRD-829576,INV-25278272,,previous_authorized_repair,train,Valid Claim,Television,ViewOptics,TV-65Q,Vision Retail,2023-04-06,1492.6,True,SN-T-868677,SN-T-868677,SN-T-868677,SN-T-868677,SN-T-868677,Matched,TV-65Q,TV-65Q,TV-65Q,TV-65Q,ViewOptics Warranty Services,2023-04-06,2024-10-06,18,339,Active,Active,False,2023-10-18,2023-11-02,2023-10-01,,210,15,Power Supply Failure,Internal power board failure.,None,False,False,False,True,One or more authorized repairs,1,False,0,False,True,True,True,True,True,True,True,,0,True,True,True,False,False,,False,False,False,False
CLM-488944,CUST-8237,PRD-509735,INV-38372352,,previous_authorized_repair,train,Valid Claim,Smartphone,ApexPhone,SP-200,City Electronics,2024-03-02,3210.0,True,SN-S-382507,SN-S-382507,SN-S-382507,SN-S-382507,SN-S-382507,Matched,SP-200,SP-200,SP-200,SP-200,ApexPhone Warranty Services,2024-03-02,2025-03-02,12,235,Active,Active,False,2024-06-26,2024-07-10,2024-06-05,,130,14,Manufacturing Defect,Internal motherboard defect causing bootloop.,None,False,False,False,True,One or more authorized repairs,1,False,0,False,True,True,True,True,True,True,True,,0,True,True,True,False,False,,False,False,False,False
CLM-490371,CUST-8849,PRD-412348,INV-38720823,,near_expiry_boundary,train,Valid Claim,Laptop,ProBook,LP-900,Digital Bazaar,2023-12-21,826.93,True,SN-L-182868,SN-L-182868,SN-L-182868,SN-L-182868,SN-L-182868,Matched,LP-900,LP-900,LP-900,LP-900,ProBook Warranty Services,2023-12-21,2025-12-21,24,2,Active,Active,False,2025-12-10,2025-12-19,,,729,9,Factory SSD Failure,Primary storage failure.,None,False,False,False,True,No previous repairs,0,False,0,False,True,True,True,True,True,True,True,,0,True,True,True,False,False,,False,False,True,False
CLM-490529,CUST-8060,PRD-546403,INV-27976443,,standard_covered,train,Valid Claim,Laptop,OmniLap,LP-Pro,PC World,2024-07-03,3106.23,True,SN-L-399628,SN-L-399628,SN-L-399628,SN-L-399628,SN-L-399628,Matched,LP-Pro,LP-Pro,LP-Pro,LP-Pro,OmniLap Warranty Services,2024-07-03,2026-07-03,24,631,Active,Active,False,2024-09-16,2024-10-10,,,99,24,Motherboard Defect,Component failure on main board.,None,False,False,False,True,No previous repairs,0,False,0,False,True,True,True,True,True,True,True,,0,True,True,True,False,False,,False,False,False,False
CLM-491145,CUST-4846,PRD-889471,INV-82148284,,standard_covered,train,Valid Claim,Laptop,ProBook,LP-500,OfficeDirect,2024-05-19,604.47,True,SN-L-419149,SN-L-419149,SN-L-419149,SN-L-419149,SN-L-419149,Matched,LP-500,LP-500,LP-500,LP-500,ProBook Warranty Services,2024-05-19,2026-05-19,24,631,Active,Active,False,2024-07-27,2024-08-26,,,99,30,Motherboard Defect,Component failure on main board.,None,False,False,False,True,No previous repairs,0,False,0,False,True,True,True,True,True,True,True,,0,True,True,True,False,False,,False,False,False,False
CLM-491948,CUST-6833,PRD-573273,INV-30937370,,complex_covered,train,Valid Claim,Smartphone,ApexPhone,SP-100,City Electronics,2023-08-23,2759.44,True,SN-S-316823,SN-S-316823,SN-S-316823,SN-S-316823,SN-S-316823,Matched,SP-100,SP-100,SP-100,SP-100,ApexPhone Warranty Services,2023-08-23,2024-08-23,12,215,Active,Active,False,2024-01-17,2024-01-21,,,151,4,Screen Defect (Non-Impact),Touch failure or dead pixels with no physical drop. Additional diagnostic evidence supplied.,None,False,False,False,True,Complex repair history with supporting diagnostics,0,False,0,False,True,True,True,True,True,True,True,,0,True,True,True,False,False,,False,False,False,False
CLM-492142,CUST-4811,PRD-414341,INV-30485751,,borderline_reporting,train,Manual Review,Television,CineDisplay,TV-65Q,Home Screen,2023-02-13,3347.31,True,SN-T-601946,SN-T-601946,SN-T-601946,SN-T-601946,SN-T-601946,Matched,TV-65Q,TV-65Q,TV-65Q,TV-65Q,CineDisplay Warranty Services,2023-02-13,2024-08-13,18,0,Active,Active,False,2024-08-03,2024-08-13,,,547,10,Display Panel Defect,Internal panel line defect.,None,False,False,False,True,Claim submitted on warranty expiry boundary,0,False,0,False,True,True,True,True,True,True,True,,0,True,True,True,False,False,,False,False,True,True
CLM-496131,CUST-1354,PRD-509799,INV-34804490,,missing_mandatory_document,train,Manual Review,Smartphone,ApexPhone,SP-200,Mobile Hub,2023-05-07,624.65,True,SN-S-747137,SN-S-747137,SN-S-747137,SN-S-747137,SN-S-747137,Matched,SP-200,SP-200,SP-200,SP-200,ApexPhone Warranty Services,2023-05-07,2024-05-07,12,248,Active,Active,False,2023-08-09,2023-09-02,,,118,24,Charging Port Failure,Charging connector failure under normal usage.,None,False,False,False,True,No previous repairs,0,False,0,False,False,True,True,True,False,True,True,Purchase Receipt|Serial Number Photo,2,False,False,True,False,False,,False,False,False,True
CLM-496438,CUST-6895,PRD-923903,INV-74153249,DUP-475799,duplicate_claim,train,Manual Review,Television,CineDisplay,TV-55OLED,Vision Retail,2023-08-04,1005.2,True,SN-T-300258,SN-T-300258,SN-T-300258,SN-T-300258,SN-T-300258,Matched,TV-55OLED,TV-55OLED,TV-55OLED,TV-55OLED,CineDisplay Warranty Services,2023-08-04,2025-02-04,18,267,Active,Active,False,2024-05-09,2024-05-13,,,283,4,Display Panel Defect,Internal panel line defect.,None,False,False,False,True,No previous repairs,0,False,0,False,True,True,True,True,True,True,True,,0,True,True,True,True,False,,False,False,False,True
CLM-497234,CUST-4240,PRD-239952,INV-30224364,,contradictory_information,train,Manual Review,Smartphone,ApexPhone,SP-X,TechMart,2024-11-27,1527.82,True,SN-S-386596,SN-S-386596,SN-S-386596,SN-S-386596,SN-S-386596,Matched,SP-X,SP-X,SP-X,SP-X,ApexPhone Warranty Services,2024-11-27,2025-11-27,12,349,Active,Active,False,2024-11-14,2024-12-13,,,16,29,Screen Defect (Non-Impact),Reported fault date predates the purchase date.,None,False,False,False,True,No previous repairs,0,False,0,False,True,True,True,True,True,True,True,,0,False,False,True,False,True,Fault date before purchase date,False,False,False,True
CLM-497358,CUST-5617,PRD-338963,INV-86660490,,missing_mandatory_document,train,Manual Review,Television,VisionMax,TV-43U,Vision Retail,2023-01-27,1578.78,True,SN-T-972944,SN-T-972944,SN-T-972944,SN-T-972944,SN-T-972944,Matched,TV-43U,TV-43U,TV-43U,TV-43U,VisionMax Warranty Services,2023-01-27,2024-07-27,18,408,Active,Active,False,2023-05-31,2023-06-15,,,139,15,Power Supply Failure,Internal power board failure.,None,False,False,False,True,No previous repairs,0,False,0,False,False,True,True,True,True,True,True,Purchase Receipt,1,False,False,True,False,False,,False,False,False,True
CLM-497976,CUST-9046,PRD-647933,INV-33342969,,borderline_reporting,train,Manual Review,Smartphone,ApexPhone,SP-X,TechMart,2024-08-22,3172.58,True,SN-S-365503,SN-S-365503,SN-S-365503,SN-S-365503,SN-S-365503,Matched,SP-X,SP-X,SP-X,SP-X,ApexPhone Warranty Services,2024-08-22,2025-08-22,12,0,Active,Active,False,2025-08-18,2025-08-22,,,365,4,Manufacturing Defect,Internal motherboard defect causing bootloop.,None,False,False,False,True,Claim submitted on warranty expiry boundary,0,False,0,False,True,True,True,True,True,True,True,,0,True,True,True,False,False,,False,False,True,True
CLM-499918,CUST-2791,PRD-322590,INV-70614013,,expired_warranty,train,Invalid Claim,Laptop,UltraTech,LP-900,Digital Bazaar,2024-08-08,1680.62,True,SN-L-878533,SN-L-878533,SN-L-878533,SN-L-878533,SN-L-878533,Matched,LP-900,LP-900,LP-900,LP-900,UltraTech Warranty Services,2024-08-08,2026-08-08,24,-101,Expired,Expired,False,2026-10-14,2026-11-17,,,831,34,Motherboard Defect,Component failure on main board.,None,False,False,False,True,No previous repairs,0,False,0,False,True,True,True,True,True,True,True,,0,True,True,True,False,False,,False,True,False,False
CLM-501027,CUST-7277,PRD-159936,INV-41936764,,expired_warranty,train,Invalid Claim,Television,VisionMax,TV-43U,Electro Store,2023-06-07,2363.24,True,SN-T-961639,SN-T-961639,SN-T-961639,SN-T-961639,SN-T-961639,Matched,TV-43U,TV-43U,TV-43U,TV-43U,VisionMax Warranty Services,2023-06-07,2024-12-07,18,-54,Expired,Expired,False,2025-01-23,2025-01-30,,,603,7,Power Supply Failure,Internal power board failure.,None,False,False,False,True,No previous repairs,0,False,0,False,True,True,True,True,True,True,True,,0,True,True,True,False,False,,False,True,False,False
CLM-501375,CUST-4600,PRD-818366,INV-21199497,,replacement_not_eligible,train,Invalid Claim,Laptop,ProBook,LP-900,OfficeDirect,2023-01-31,2587.94,True,SN-L-327496,SN-L-327496,SN-L-327496,SN-L-327496,SN-L-327496,Matched,LP-900,LP-900,LP-900,LP-900,ProBook Warranty Services,2023-01-31,2025-01-31,24,649,Active,Active,False,2023-04-05,2023-04-23,2023-03-26,,82,18,Display Failure,Backlight failure without screen crack.,None,False,False,False,True,Replacement requested before policy repair threshold,2,False,0,True,True,True,True,True,True,True,True,,0,True,True,True,False,False,,False,True,False,False
CLM-501885,CUST-8698,PRD-711746,INV-16174008,DUP-998004,duplicate_claim,train,Manual Review,Television,ViewOptics,TV-43U,Home Screen,2023-06-14,2767.11,True,SN-T-354948,SN-T-354948,SN-T-354948,SN-T-354948,SN-T-354948,Matched,TV-43U,TV-43U,TV-43U,TV-43U,ViewOptics Warranty Services,2023-06-14,2024-12-14,18,271,Active,Active,False,2024-03-05,2024-03-18,,,278,13,Power Supply Failure,Internal power board failure.,None,False,False,False,True,No previous repairs,0,False,0,False,True,True,True,True,True,True,True,,0,True,True,True,True,False,,False,False,False,True
CLM-502284,CUST-5961,PRD-176833,INV-92467167,,standard_covered,train,Valid Claim,Laptop,UltraTech,LP-500,PC World,2024-10-12,1937.15,True,SN-L-305837,SN-L-305837,SN-L-305837,SN-L-305837,SN-L-305837,Matched,LP-500,LP-500,LP-500,LP-500,UltraTech Warranty Services,2024-10-12,2026-10-12,24,613,Active,Active,False,2025-01-04,2025-02-06,,,117,33,Display Failure,Backlight failure without screen crack.,None,False,False,False,True,No previous repairs,0,False,0,False,True,True,True,True,True,True,True,,0,True,True,True,False,False,,False,False,False,False
CLM-502370,CUST-5839,PRD-912738,INV-43077929,,near_expiry_boundary,train,Valid Claim,Laptop,UltraTech,LP-Pro,PC World,2023-07-10,2538.91,True,SN-L-552825,SN-L-552825,SN-L-552825,SN-L-552825,SN-L-552825,Matched,LP-Pro,LP-Pro,LP-Pro,LP-Pro,UltraTech Warranty Services,2023-07-10,2025-07-10,24,8,Active,Active,False,2025-06-29,2025-07-02,,,723,3,Factory SSD Failure,Primary storage failure.,None,False,False,False,True,No previous repairs,0,False,0,False,True,True,True,True,True,True,True,,0,True,True,True,False,False,,False,False,True,False
CLM-502834,CUST-6861,PRD-789700,INV-42926044,,replacement_not_eligible,train,Invalid Claim,Smartphone,MobileX,SP-100,TechMart,2023-11-27,393.35,True,SN-S-288643,SN-S-288643,SN-S-288643,SN-S-288643,SN-S-288643,Matched,SP-100,SP-100,SP-100,SP-100,MobileX Warranty Services,2023-11-27,2024-11-27,12,277,Active,Active,False,2024-02-12,2024-02-24,2024-02-02,,89,12,Charging Port Failure,Charging connector failure under normal usage.,None,False,False,False,True,Replacement requested before policy repair threshold,1,False,0,True,True,True,True,True,True,True,True,,0,True,True,True,False,False,,False,True,False,False
CLM-504253,CUST-4398,PRD-973383,INV-55926778,,serial_mismatch,train,Manual Review,Television,VisionMax,TV-65Q,Vision Retail,2024-10-23,2493.84,True,SN-T-463773,SN-T-678406,SN-T-463773,SN-T-463773,SN-T-463773,Mismatch,TV-65Q,TV-65Q,TV-65Q,TV-65Q,VisionMax Warranty Services,2024-10-23,2026-04-23,18,363,Active,Active,False,2025-04-08,2025-04-25,,,184,17,Main Board Defect,Smart hub system failure.,None,False,False,False,True,No previous repairs,0,False,0,False,True,True,True,True,True,True,True,,0,False,False,True,False,True,Conflicting serial numbers,False,False,False,True
CLM-505376,CUST-7498,PRD-644700,INV-42122457,,near_expiry_boundary,train,Valid Claim,Laptop,ProBook,LP-Pro,OfficeDirect,2024-05-05,1999.47,True,SN-L-883159,SN-L-883159,SN-L-883159,SN-L-883159,SN-L-883159,Matched,LP-Pro,LP-Pro,LP-Pro,LP-Pro,ProBook Warranty Services,2024-05-05,2026-05-05,24,7,Active,Active,False,2026-04-20,2026-04-28,,,723,8,Keyboard Failure,Multiple keys non-functional.,None,False,False,False,True,No previous repairs,0,False,0,False,True,True,True,True,True,True,True,,0,True,True,True,False,False,,False,False,True,False
CLM-505667,CUST-9903,PRD-659552,INV-74553231,,missing_mandatory_document,train,Manual Review,Smartphone,MobileX,SP-X,City Electronics,2024-10-07,1139.65,True,SN-S-614034,SN-S-614034,SN-S-614034,SN-S-614034,SN-S-614034,Matched,SP-X,SP-X,SP-X,SP-X,MobileX Warranty Services,2024-10-07,2025-10-07,12,155,Active,Active,False,2025-04-27,2025-05-05,,,210,8,Charging Port Failure,Charging connector failure under normal usage.,None,False,False,False,True,No previous repairs,0,False,0,False,False,True,True,True,True,True,True,Purchase Receipt,1,False,False,True,False,False,,False,False,False,True
CLM-507379,CUST-8879,PRD-423316,INV-31508787,,contradictory_information,train,Manual Review,Smartphone,ApexPhone,SP-X,TechMart,2024-02-25,2711.39,True,SN-S-162099,SN-S-162099,SN-S-162099,SN-S-162099,SN-S-162099,Matched,SP-X,SP-X,SP-X,SP-X,ApexPhone Warranty Services,2024-02-25,2025-02-25,12,282,Active,Active,False,2024-05-06,2024-05-19,2024-01-26,,84,13,Screen Defect (Non-Impact),Touch failure or dead pixels with no physical drop.,None,False,False,False,True,Conflicting repair record predates purchase,1,False,0,False,True,True,True,True,True,True,True,,0,False,False,True,False,True,Repair date before purchase date,False,False,False,True
CLM-507409,CUST-5808,PRD-777504,INV-91051682,,replacement_not_eligible,train,Invalid Claim,Television,VisionMax,TV-55OLED,Home Screen,2024-06-07,2919.4,True,SN-T-135399,SN-T-135399,SN-T-135399,SN-T-135399,SN-T-135399,Matched,TV-55OLED,TV-55OLED,TV-55OLED,TV-55OLED,VisionMax Warranty Services,2024-06-07,2025-12-07,18,439,Active,Active,False,2024-09-12,2024-09-24,2024-09-02,,109,12,Power Supply Failure,Internal power board failure.,None,False,False,False,True,Replacement requested before policy repair threshold,1,False,0,True,True,True,True,True,True,True,True,,0,True,True,True,False,False,,False,True,False,False
CLM-507477,CUST-4562,PRD-820463,INV-23813714,,replacement_not_eligible,train,Invalid Claim,Television,CineDisplay,TV-43U,Vision Retail,2024-09-08,2029.21,True,SN-T-397391,SN-T-397391,SN-T-397391,SN-T-397391,SN-T-397391,Matched,TV-43U,TV-43U,TV-43U,TV-43U,CineDisplay Warranty Services,2024-09-08,2026-03-08,18,410,Active,Active,False,2024-12-24,2025-01-22,2024-12-14,,136,29,Display Panel Defect,Internal panel line defect.,None,False,False,False,True,Replacement requested before policy repair threshold,1,False,0,True,True,True,True,True,True,True,True,,0,True,True,True,False,False,,False,True,False,False
CLM-508556,CUST-2930,PRD-778267,INV-47487708,DUP-525362,duplicate_claim,train,Manual Review,Television,ViewOptics,TV-43U,Vision Retail,2023-09-27,2345.79,True,SN-T-751493,SN-T-751493,SN-T-751493,SN-T-751493,SN-T-751493,Matched,TV-43U,TV-43U,TV-43U,TV-43U,ViewOptics Warranty Services,2023-09-27,2025-03-27,18,285,Active,Active,False,2024-05-29,2024-06-15,,,262,17,Main Board Defect,Smart hub system failure.,None,False,False,False,True,No previous repairs,0,False,0,False,True,True,True,True,True,True,True,,0,True,True,True,True,False,,False,False,False,True
CLM-509035,CUST-1498,PRD-888807,INV-73190952,,serial_mismatch,train,Manual Review,Television,VisionMax,TV-65Q,Electro Store,2023-10-08,3490.73,True,SN-T-365329,SN-T-576557,SN-T-365329,SN-T-365329,SN-T-365329,Mismatch,TV-65Q,TV-65Q,TV-65Q,TV-65Q,VisionMax Warranty Services,2023-10-08,2025-04-08,18,478,Active,Active,False,2023-11-26,2023-12-17,,,70,21,Main Board Defect,Smart hub system failure.,None,False,False,False,True,No previous repairs,0,False,0,False,True,True,True,True,True,True,True,,0,False,False,True,False,True,Conflicting serial numbers,False,False,False,True
CLM-509392,CUST-8938,PRD-600124,INV-63709262,,invalid_receipt,train,Invalid Claim,Laptop,OmniLap,LP-900,OfficeDirect,2023-11-30,2626.34,False,SN-L-946785,SN-L-946785,SN-L-946785,SN-L-946785,SN-L-946785,Matched,LP-900,LP-900,LP-900,LP-900,OmniLap Warranty Services,2023-11-30,2025-11-30,24,594,Active,Active,False,2024-03-18,2024-04-15,,,137,28,Factory SSD Failure,Primary storage failure.,None,False,False,False,True,No previous repairs,0,False,0,False,True,False,True,True,True,True,True,,0,False,False,True,False,False,,False,True,False,False
CLM-511366,CUST-3990,PRD-132597,INV-21598781,,serial_mismatch,train,Manual Review,Smartphone,ApexPhone,SP-100,Mobile Hub,2023-04-01,771.96,True,SN-S-585496,SN-S-757063,SN-S-585496,SN-S-585496,SN-S-585496,Mismatch,SP-100,SP-100,SP-100,SP-100,ApexPhone Warranty Services,2023-04-01,2024-04-01,12,281,Active,Active,False,2023-06-06,2023-06-25,,,85,19,Manufacturing Defect,Internal motherboard defect causing bootloop.,None,False,False,False,True,No previous repairs,0,False,0,False,True,True,True,True,True,True,True,,0,False,False,True,False,True,Conflicting serial numbers,False,False,False,True
CLM-512401,CUST-3494,PRD-685304,INV-81971570,,borderline_reporting,train,Manual Review,Television,CineDisplay,TV-55OLED,Electro Store,2023-06-18,174.62,True,SN-T-969307,SN-T-969307,SN-T-969307,SN-T-969307,SN-T-969307,Matched,TV-55OLED,TV-55OLED,TV-55OLED,TV-55OLED,CineDisplay Warranty Services,2023-06-18,2024-12-18,18,0,Active,Active,False,2024-12-07,2024-12-18,,,549,11,Power Supply Failure,Internal power board failure.,None,False,False,False,True,Claim submitted on warranty expiry boundary,0,False,0,False,True,True,True,True,True,True,True,,0,True,True,True,False,False,,False,False,True,True
CLM-512773,CUST-1699,PRD-863092,INV-57364760,,contradictory_information,train,Manual Review,Television,ViewOptics,TV-65Q,Electro Store,2023-08-22,1522.6,True,SN-T-299528,SN-T-299528,SN-T-299528,SN-T-299528,SN-T-299528,Matched,TV-65Q,TV-65Q,TV-65Q,TV-65Q,ViewOptics Warranty Services,2023-08-22,2025-02-22,18,535,Active,Active,False,2023-07-23,2023-09-06,,,15,45,Main Board Defect,Reported fault date predates the purchase date.,None,False,False,False,True,No previous repairs,0,False,0,False,True,True,True,True,True,True,True,,0,False,False,False,False,True,Fault date before purchase date,False,False,False,True
CLM-512936,CUST-7275,PRD-365375,INV-67621412,,replacement_not_eligible,train,Invalid Claim,Laptop,UltraTech,LP-900,Digital Bazaar,2023-10-06,819.06,True,SN-L-883369,SN-L-883369,SN-L-883369,SN-L-883369,SN-L-883369,Matched,LP-900,LP-900,LP-900,LP-900,UltraTech Warranty Services,2023-10-06,2025-10-06,24,613,Active,Active,False,2023-12-22,2024-02-01,2023-12-12,,118,41,Display Failure,Backlight failure without screen crack.,None,False,False,False,True,Replacement requested before policy repair threshold,2,False,0,True,True,True,True,True,True,True,True,,0,True,True,True,False,False,,False,True,False,False
CLM-514619,CUST-9136,PRD-241000,INV-78129491,,missing_mandatory_document,train,Manual Review,Television,ViewOptics,TV-43U,Vision Retail,2023-02-12,904.57,True,SN-T-858466,SN-T-858466,SN-T-858466,SN-T-858466,SN-T-858466,Matched,TV-43U,TV-43U,TV-43U,TV-43U,ViewOptics Warranty Services,2023-02-12,2024-08-12,18,497,Active,Active,False,2023-03-22,2023-04-03,,,50,12,Display Panel Defect,Internal panel line defect.,None,False,False,False,True,No previous repairs,0,False,0,False,True,True,True,False,True,True,True,Product ID Tag Photo,1,False,False,True,False,False,,False,False,False,True
CLM-515461,CUST-8316,PRD-375016,INV-82287061,,standard_covered,train,Valid Claim,Smartphone,MobileX,SP-X,City Electronics,2024-08-24,1772.54,True,SN-S-978157,SN-S-978157,SN-S-978157,SN-S-978157,SN-S-978157,Matched,SP-X,SP-X,SP-X,SP-X,MobileX Warranty Services,2024-08-24,2025-08-24,12,258,Active,Active,False,2024-11-28,2024-12-09,,,107,11,Charging Port Failure,Charging connector failure under normal usage.,None,False,False,False,True,No previous repairs,0,False,0,False,True,True,True,True,True,True,True,,0,True,True,True,False,False,,False,False,False,False
CLM-516138,CUST-7164,PRD-636448,INV-51273379,,previous_authorized_repair,train,Valid Claim,Smartphone,ApexPhone,SP-200,Mobile Hub,2023-01-10,498.23,True,SN-S-980357,SN-S-980357,SN-S-980357,SN-S-980357,SN-S-980357,Matched,SP-200,SP-200,SP-200,SP-200,ApexPhone Warranty Services,2023-01-10,2024-01-10,12,328,Active,Active,False,2023-01-30,2023-02-16,2023-01-12,,37,17,Battery Manufacturing Defect,Battery swelling or sudden degradation.,None,False,False,False,True,One or more authorized repairs,1,False,0,False,True,True,True,True,True,True,True,,0,True,True,True,False,False,,False,False,False,False
CLM-517091,CUST-9422,PRD-589608,INV-23740579,,expired_warranty,train,Invalid Claim,Laptop,ProBook,LP-900,OfficeDirect,2023-10-08,842.03,True,SN-L-265146,SN-L-265146,SN-L-265146,SN-L-265146,SN-L-265146,Matched,LP-900,LP-900,LP-900,LP-900,ProBook Warranty Services,2023-10-08,2025-10-08,24,-166,Expired,Expired,False,2026-03-02,2026-03-23,,,897,21,Motherboard Defect,Component failure on main board.,None,False,False,False,True,No previous repairs,0,False,0,False,True,True,True,True,True,True,True,,0,True,True,True,False,False,,False,True,False,False
CLM-517576,CUST-9312,PRD-714011,INV-19957701,,standard_covered,train,Valid Claim,Smartphone,MobileX,SP-X,City Electronics,2023-10-09,1189.87,True,SN-S-935012,SN-S-935012,SN-S-935012,SN-S-935012,SN-S-935012,Matched,SP-X,SP-X,SP-X,SP-X,MobileX Warranty Services,2023-10-09,2024-10-09,12,151,Active,Active,False,2024-04-26,2024-05-11,,,215,15,Manufacturing Defect,Internal motherboard defect causing bootloop.,None,False,False,False,True,No previous repairs,0,False,0,False,True,True,True,True,True,True,True,,0,True,True,True,False,False,,False,False,False,False
CLM-517824,CUST-3719,PRD-164051,INV-92698414,,near_expiry_boundary,train,Valid Claim,Television,VisionMax,TV-43U,Electro Store,2023-12-26,616.44,True,SN-T-716482,SN-T-716482,SN-T-716482,SN-T-716482,SN-T-716482,Matched,TV-43U,TV-43U,TV-43U,TV-43U,VisionMax Warranty Services,2023-12-26,2025-06-26,18,8,Active,Active,False,2025-06-17,2025-06-18,,,540,1,Main Board Defect,Smart hub system failure.,None,False,False,False,True,No previous repairs,0,False,0,False,True,True,True,True,True,True,True,,0,True,True,True,False,False,,False,False,True,False
CLM-518458,CUST-2065,PRD-336494,INV-27103487,,unauthorized_repair,train,Invalid Claim,Television,CineDisplay,TV-65Q,Electro Store,2023-03-08,1019.74,True,SN-T-284055,SN-T-284055,SN-T-284055,SN-T-284055,SN-T-284055,Matched,TV-65Q,TV-65Q,TV-65Q,TV-65Q,CineDisplay Warranty Services,2023-03-08,2024-09-08,18,443,Active,Active,False,2023-05-25,2023-06-23,,,107,29,Main Board Defect,Smart hub system failure.,Unauthorized Modification,False,False,True,False,Unauthorized repair reported,0,False,0,False,True,True,True,True,True,True,True,,0,True,True,True,False,False,,False,True,False,True
CLM-519144,CUST-1466,PRD-899577,INV-26019511,,excluded_damage,train,Invalid Claim,Television,CineDisplay,TV-55OLED,Vision Retail,2024-05-18,2711.81,True,SN-T-288085,SN-T-288085,SN-T-288085,SN-T-288085,SN-T-288085,Matched,TV-55OLED,TV-55OLED,TV-55OLED,TV-55OLED,CineDisplay Warranty Services,2024-05-18,2025-11-18,18,418,Active,Active,False,2024-09-07,2024-09-26,,,131,19,Cracked Screen,External screen crack from impact.,Physical Impact,True,False,False,True,No previous repairs,0,False,0,False,True,True,True,True,True,True,True,,0,True,True,True,False,False,,False,True,False,False
CLM-519909,CUST-6355,PRD-360722,INV-89345641,,replacement_not_eligible,train,Invalid Claim,Laptop,ProBook,LP-900,PC World,2023-05-08,1432.57,True,SN-L-225052,SN-L-225052,SN-L-225052,SN-L-225052,SN-L-225052,Matched,LP-900,LP-900,LP-900,LP-900,ProBook Warranty Services,2023-05-08,2025-05-08,24,680,Active,Active,False,2023-06-09,2023-06-28,2023-05-30,,51,19,Factory SSD Failure,Primary storage failure.,None,False,False,False,True,Replacement requested before policy repair threshold,2,False,0,True,True,True,True,True,True,True,True,,0,True,True,True,False,False,,False,True,False,False
CLM-520848,CUST-7204,PRD-758802,INV-57141449,,previous_authorized_repair,train,Valid Claim,Television,ViewOptics,TV-55OLED,Electro Store,2023-06-20,1979.18,True,SN-T-540038,SN-T-540038,SN-T-540038,SN-T-540038,SN-T-540038,Matched,TV-55OLED,TV-55OLED,TV-55OLED,TV-55OLED,ViewOptics Warranty Services,2023-06-20,2024-12-20,18,273,Active,Active,False,2024-03-18,2024-03-22,2024-02-24,,276,4,Power Supply Failure,Internal power board failure.,None,False,False,False,True,One or more authorized repairs,1,False,0,False,True,True,True,True,True,True,True,,0,True,True,True,False,False,,False,False,False,False
CLM-521312,CUST-6458,PRD-150252,INV-17220926,,serial_mismatch,train,Manual Review,Smartphone,ApexPhone,SP-X,Mobile Hub,2024-08-04,3400.59,True,SN-S-308102,SN-S-931377,SN-S-308102,SN-S-308102,SN-S-308102,Mismatch,SP-X,SP-X,SP-X,SP-X,ApexPhone Warranty Services,2024-08-04,2025-08-04,12,269,Active,Active,False,2024-10-29,2024-11-08,,,96,10,Screen Defect (Non-Impact),Touch failure or dead pixels with no physical drop.,None,False,False,False,True,No previous repairs,0,False,0,False,True,True,True,True,True,True,True,,0,False,False,True,False,True,Conflicting serial numbers,False,False,False,True
CLM-521412,CUST-2640,PRD-812756,INV-12005006,DUP-251352,duplicate_claim,train,Manual Review,Smartphone,MobileX,SP-100,Mobile Hub,2024-09-04,1318.03,True,SN-S-495351,SN-S-495351,SN-S-495351,SN-S-495351,SN-S-495351,Matched,SP-100,SP-100,SP-100,SP-100,MobileX Warranty Services,2024-09-04,2025-09-04,12,257,Active,Active,False,2024-12-13,2024-12-21,,,108,8,Screen Defect (Non-Impact),Touch failure or dead pixels with no physical drop.,None,False,False,False,True,No previous repairs,0,False,0,False,True,True,True,True,True,True,True,,0,True,True,True,True,False,,False,False,False,True
CLM-522049,CUST-8470,PRD-444528,INV-47037308,,borderline_reporting,train,Manual Review,Laptop,ProBook,LP-Pro,PC World,2023-11-18,812.57,True,SN-L-895304,SN-L-895304,SN-L-895304,SN-L-895304,SN-L-895304,Matched,LP-Pro,LP-Pro,LP-Pro,LP-Pro,ProBook Warranty Services,2023-11-18,2025-11-18,24,0,Active,Active,False,2025-11-09,2025-11-18,,,731,9,Motherboard Defect,Component failure on main board.,None,False,False,False,True,Claim submitted on warranty expiry boundary,0,False,0,False,True,True,True,True,True,True,True,,0,True,True,True,False,False,,False,False,True,True
CLM-523210,CUST-8377,PRD-976497,INV-77385565,,serial_mismatch,train,Manual Review,Television,ViewOptics,TV-43U,Vision Retail,2023-09-22,1398.96,True,SN-T-545625,SN-T-846610,SN-T-545625,SN-T-545625,SN-T-545625,Mismatch,TV-43U,TV-43U,TV-43U,TV-43U,ViewOptics Warranty Services,2023-09-22,2025-03-22,18,452,Active,Active,False,2023-12-10,2023-12-26,,,95,16,Main Board Defect,Smart hub system failure.,None,False,False,False,True,No previous repairs,0,False,0,False,True,True,True,True,True,True,True,,0,False,False,True,False,True,Conflicting serial numbers,False,False,False,True
CLM-523832,CUST-9042,PRD-642138,INV-23769080,,standard_covered,train,Valid Claim,Laptop,OmniLap,LP-500,PC World,2023-02-25,3073.61,True,SN-L-147726,SN-L-147726,SN-L-147726,SN-L-147726,SN-L-147726,Matched,LP-500,LP-500,LP-500,LP-500,OmniLap Warranty Services,2023-02-25,2025-02-25,24,610,Active,Active,False,2023-05-20,2023-06-26,,,121,37,Display Failure,Backlight failure without screen crack.,None,False,False,False,True,No previous repairs,0,False,0,False,True,True,True,True,True,True,True,,0,True,True,True,False,False,,False,False,False,False
CLM-523842,CUST-2067,PRD-292257,INV-63356772,,borderline_reporting,train,Manual Review,Laptop,ProBook,LP-Pro,Digital Bazaar,2023-03-06,2421.36,True,SN-L-603028,SN-L-603028,SN-L-603028,SN-L-603028,SN-L-603028,Matched,LP-Pro,LP-Pro,LP-Pro,LP-Pro,ProBook Warranty Services,2023-03-06,2025-03-06,24,0,Active,Active,False,2025-03-04,2025-03-06,,,731,2,Keyboard Failure,Multiple keys non-functional.,None,False,False,False,True,Claim submitted on warranty expiry boundary,0,False,0,False,True,True,True,True,True,True,True,,0,True,True,True,False,False,,False,False,True,True
CLM-523880,CUST-6054,PRD-135604,INV-70080733,,missing_mandatory_document,train,Manual Review,Laptop,ProBook,LP-900,PC World,2023-08-13,1522.87,True,SN-L-863559,SN-L-863559,SN-L-863559,SN-L-863559,SN-L-863559,Matched,LP-900,LP-900,LP-900,LP-900,ProBook Warranty Services,2023-08-13,2025-08-13,24,651,Active,Active,False,2023-09-25,2023-11-01,,,80,37,Display Failure,Backlight failure without screen crack.,None,False,False,False,True,No previous repairs,0,False,0,False,False,True,True,True,True,True,True,Purchase Receipt,1,False,False,True,False,False,,False,False,False,True
CLM-523922,CUST-2060,PRD-551530,INV-55951720,,serial_mismatch,train,Manual Review,Laptop,ProBook,LP-Pro,PC World,2024-05-10,903.16,True,SN-L-283906,SN-L-335206,SN-L-283906,SN-L-283906,SN-L-283906,Mismatch,LP-Pro,LP-Pro,LP-Pro,LP-Pro,ProBook Warranty Services,2024-05-10,2026-05-10,24,689,Active,Active,False,2024-06-06,2024-06-20,,,41,14,Factory SSD Failure,Primary storage failure.,None,False,False,False,True,No previous repairs,0,False,0,False,True,True,True,True,True,True,True,,0,False,False,True,False,True,Conflicting serial numbers,False,False,False,True
CLM-524427,CUST-4943,PRD-562820,INV-40935620,,service_center_unclear,train,Manual Review,Smartphone,TechCorp,SP-100,City Electronics,2023-10-11,888.47,True,SN-S-754688,SN-S-754688,SN-S-754688,SN-S-754688,SN-S-754688,Matched,SP-100,SP-100,SP-100,SP-100,TechCorp Warranty Services,2023-10-11,2024-10-11,12,238,Active,Active,False,2024-01-22,2024-02-16,2024-01-02,,128,25,Battery Manufacturing Defect,Battery swelling or sudden degradation.,None,False,False,False,False,Service-center authorization is unclear,1,False,0,False,True,True,True,True,True,True,True,,0,True,True,True,False,False,,False,False,False,True
CLM-525081,CUST-2018,PRD-924547,INV-67027331,,unauthorized_repair,train,Invalid Claim,Laptop,ProBook,LP-500,Digital Bazaar,2024-02-26,3126.51,True,SN-L-546370,SN-L-546370,SN-L-546370,SN-L-546370,SN-L-546370,Matched,LP-500,LP-500,LP-500,LP-500,ProBook Warranty Services,2024-02-26,2026-02-26,24,628,Active,Active,False,2024-05-10,2024-06-08,,,103,29,Motherboard Defect,Component failure on main board.,Unauthorized Modification,False,False,True,False,Unauthorized repair reported,0,False,0,False,True,True,True,True,True,True,True,,0,True,True,True,False,False,,False,True,False,True
CLM-525847,CUST-4006,PRD-161654,INV-47385696,,standard_covered,train,Valid Claim,Television,VisionMax,TV-43U,Home Screen,2024-04-04,1699.8,True,SN-T-662336,SN-T-662336,SN-T-662336,SN-T-662336,SN-T-662336,Matched,TV-43U,TV-43U,TV-43U,TV-43U,VisionMax Warranty Services,2024-04-04,2025-10-04,18,284,Active,Active,False,2024-11-26,2024-12-24,,,264,28,Display Panel Defect,Internal panel line defect.,None,False,False,False,True,No previous repairs,0,False,0,False,True,True,True,True,True,True,True,,0,True,True,True,False,False,,False,False,False,False
CLM-527054,CUST-2759,PRD-761453,INV-10425250,,service_center_unclear,train,Manual Review,Smartphone,TechCorp,SP-200,Mobile Hub,2023-06-27,949.88,True,SN-S-273688,SN-S-273688,SN-S-273688,SN-S-273688,SN-S-273688,Matched,SP-200,SP-200,SP-200,SP-200,TechCorp Warranty Services,2023-06-27,2024-06-27,12,262,Active,Active,False,2023-09-20,2023-10-09,2023-08-31,,104,19,Screen Defect (Non-Impact),Touch failure or dead pixels with no physical drop.,None,False,False,False,False,Service-center authorization is unclear,1,False,0,False,True,True,True,True,True,True,True,,0,True,True,True,False,False,,False,False,False,True
CLM-527527,CUST-5673,PRD-903982,INV-34465275,,excluded_damage,train,Invalid Claim,Television,ViewOptics,TV-55OLED,Home Screen,2023-06-14,3410.24,True,SN-T-748680,SN-T-748680,SN-T-748680,SN-T-748680,SN-T-748680,Matched,TV-55OLED,TV-55OLED,TV-55OLED,TV-55OLED,ViewOptics Warranty Services,2023-06-14,2024-12-14,18,484,Active,Active,False,2023-08-12,2023-08-18,,,65,6,Liquid Damage,Liquid intrusion.,Liquid Contact,False,True,False,True,No previous repairs,0,False,0,False,True,True,True,True,True,True,True,,0,True,True,True,False,False,,False,True,False,False
CLM-529914,CUST-3318,PRD-760471,INV-48949552,,serial_mismatch,train,Manual Review,Television,CineDisplay,TV-55OLED,Electro Store,2024-09-21,1902.89,True,SN-T-438046,SN-T-941811,SN-T-438046,SN-T-438046,SN-T-438046,Mismatch,TV-55OLED,TV-55OLED,TV-55OLED,TV-55OLED,CineDisplay Warranty Services,2024-09-21,2026-03-21,18,435,Active,Active,False,2025-01-03,2025-01-10,,,111,7,Power Supply Failure,Internal power board failure.,None,False,False,False,True,No previous repairs,0,False,0,False,True,True,True,True,True,True,True,,0,False,False,True,False,True,Conflicting serial numbers,False,False,False,True
CLM-530780,CUST-3594,PRD-827718,INV-51708177,,standard_covered,train,Valid Claim,Television,CineDisplay,TV-55OLED,Home Screen,2024-10-07,1995.31,True,SN-T-130271,SN-T-130271,SN-T-130271,SN-T-130271,SN-T-130271,Matched,TV-55OLED,TV-55OLED,TV-55OLED,TV-55OLED,CineDisplay Warranty Services,2024-10-07,2026-04-07,18,387,Active,Active,False,2025-02-26,2025-03-16,,,160,18,Main Board Defect,Smart hub system failure.,None,False,False,False,True,No previous repairs,0,False,0,False,True,True,True,True,True,True,True,,0,True,True,True,False,False,,False,False,False,False
CLM-530927,CUST-1104,PRD-882275,INV-65350347,,near_expiry_boundary,train,Valid Claim,Smartphone,ApexPhone,SP-X,TechMart,2023-02-04,610.6,True,SN-S-649395,SN-S-649395,SN-S-649395,SN-S-649395,SN-S-649395,Matched,SP-X,SP-X,SP-X,SP-X,ApexPhone Warranty Services,2023-02-04,2024-02-04,12,8,Active,Active,False,2024-01-25,2024-01-27,,,357,2,Manufacturing Defect,Internal motherboard defect causing bootloop.,None,False,False,False,True,No previous repairs,0,False,0,False,True,True,True,True,True,True,True,,0,True,True,True,False,False,,False,False,False,False
CLM-531692,CUST-3881,PRD-302769,INV-79519112,,standard_covered,train,Valid Claim,Smartphone,ApexPhone,SP-X,TechMart,2023-04-20,1706.24,True,SN-S-887443,SN-S-887443,SN-S-887443,SN-S-887443,SN-S-887443,Matched,SP-X,SP-X,SP-X,SP-X,ApexPhone Warranty Services,2023-04-20,2024-04-20,12,216,Active,Active,False,2023-08-30,2023-09-17,,,150,18,Charging Port Failure,Charging connector failure under normal usage.,None,False,False,False,True,No previous repairs,0,False,0,False,True,True,True,True,True,True,True,,0,True,True,True,False,False,,False,False,False,False
CLM-531856,CUST-7468,PRD-195042,INV-63770881,,excluded_damage,train,Invalid Claim,Smartphone,MobileX,SP-X,Mobile Hub,2023-03-29,2478.37,True,SN-S-809381,SN-S-809381,SN-S-809381,SN-S-809381,SN-S-809381,Matched,SP-X,SP-X,SP-X,SP-X,MobileX Warranty Services,2023-03-29,2024-03-29,12,300,Active,Active,False,2023-05-31,2023-06-03,,,66,3,Unauthorized Repair,Device opened by third-party technician.,Unauthorized Modification,False,False,True,True,No previous repairs,0,False,0,False,True,True,True,True,True,True,True,,0,True,True,True,False,False,,False,True,False,False
CLM-532592,CUST-7232,PRD-561406,INV-74019136,,standard_covered,train,Valid Claim,Television,ViewOptics,TV-43U,Home Screen,2024-03-06,169.75,True,SN-T-973349,SN-T-973349,SN-T-973349,SN-T-973349,SN-T-973349,Matched,TV-43U,TV-43U,TV-43U,TV-43U,ViewOptics Warranty Services,2024-03-06,2025-09-06,18,507,Active,Active,False,2024-04-05,2024-04-17,,,42,12,Power Supply Failure,Internal power board failure.,None,False,False,False,True,No previous repairs,0,False,0,False,True,True,True,True,True,True,True,,0,True,True,True,False,False,,False,False,False,False
CLM-533703,CUST-6682,PRD-403915,INV-52885071,,previous_authorized_repair,train,Valid Claim,Smartphone,ApexPhone,SP-100,City Electronics,2023-12-06,712.42,True,SN-S-247475,SN-S-247475,SN-S-247475,SN-S-247475,SN-S-247475,Matched,SP-100,SP-100,SP-100,SP-100,ApexPhone Warranty Services,2023-12-06,2024-12-06,12,196,Active,Active,False,2024-04-25,2024-05-24,2024-03-31,,170,29,Manufacturing Defect,Internal motherboard defect causing bootloop.,None,False,False,False,True,One or more authorized repairs,1,False,0,False,True,True,True,True,True,True,True,,0,True,True,True,False,False,,False,False,False,False
CLM-534503,CUST-4460,PRD-276456,INV-12941149,,previous_authorized_repair,train,Valid Claim,Television,VisionMax,TV-55OLED,Home Screen,2023-08-18,2125.47,True,SN-T-339513,SN-T-339513,SN-T-339513,SN-T-339513,SN-T-339513,Matched,TV-55OLED,TV-55OLED,TV-55OLED,TV-55OLED,VisionMax Warranty Services,2023-08-18,2025-02-18,18,457,Active,Active,False,2023-11-13,2023-11-19,2023-10-28,,93,6,Main Board Defect,Smart hub system failure.,None,False,False,False,True,One or more authorized repairs,1,False,0,False,True,True,True,True,True,True,True,,0,True,True,True,False,False,,False,False,False,False
CLM-536720,CUST-7492,PRD-407861,INV-38884210,,contradictory_information,train,Manual Review,Television,CineDisplay,TV-43U,Electro Store,2024-05-17,2367.03,True,SN-T-726774,SN-T-726774,SN-T-726774,SN-T-726774,SN-T-726774,Matched,TV-43U,TV-43U,TV-43U,TV-43U,CineDisplay Warranty Services,2024-05-17,2025-11-17,18,413,Active,Active,False,2024-09-20,2024-09-30,2024-05-02,,136,10,Power Supply Failure,Internal power board failure.,None,False,False,False,True,Conflicting repair record predates purchase,1,False,0,False,True,True,True,True,True,True,True,,0,False,False,True,False,True,Repair date before purchase date,False,False,False,True
CLM-536790,CUST-9625,PRD-906841,INV-43878996,,near_expiry_boundary,train,Valid Claim,Smartphone,TechCorp,SP-100,TechMart,2023-06-02,2880.97,True,SN-S-649857,SN-S-649857,SN-S-649857,SN-S-649857,SN-S-649857,Matched,SP-100,SP-100,SP-100,SP-100,TechCorp Warranty Services,2023-06-02,2024-06-02,12,13,Active,Active,False,2024-05-18,2024-05-20,,,353,2,Screen Defect (Non-Impact),Touch failure or dead pixels with no physical drop.,None,False,False,False,True,No previous repairs,0,False,0,False,True,True,True,True,True,True,True,,0,True,True,True,False,False,,False,False,False,False
CLM-537496,CUST-4715,PRD-989360,INV-74994010,,excluded_damage,train,Invalid Claim,Laptop,UltraTech,LP-Pro,OfficeDirect,2023-11-10,1395.87,True,SN-L-927691,SN-L-927691,SN-L-927691,SN-L-927691,SN-L-927691,Matched,LP-Pro,LP-Pro,LP-Pro,LP-Pro,UltraTech Warranty Services,2023-11-10,2025-11-10,24,651,Active,Active,False,2024-01-06,2024-01-29,,,80,23,Physical Damage,Hinge broken or chassis damage.,Physical Impact,True,False,False,True,No previous repairs,0,False,0,False,True,True,True,True,True,True,True,,0,True,True,True,False,False,,False,True,False,False
CLM-538571,CUST-8596,PRD-549210,INV-51050127,,invalid_receipt,train,Invalid Claim,Television,CineDisplay,TV-43U,Electro Store,2023-06-29,1669.57,False,SN-T-861945,SN-T-861945,SN-T-861945,SN-T-861945,SN-T-861945,Matched,TV-43U,TV-43U,TV-43U,TV-43U,CineDisplay Warranty Services,2023-06-29,2024-12-29,18,403,Active,Active,False,2023-11-19,2023-11-22,,,146,3,Power Supply Failure,Internal power board failure.,None,False,False,False,True,No previous repairs,0,False,0,False,True,False,True,True,True,True,True,,0,False,False,True,False,False,,False,True,False,False
CLM-538669,CUST-7528,PRD-952708,INV-54058573,,standard_covered,train,Valid Claim,Television,ViewOptics,TV-55OLED,Home Screen,2023-01-25,1083.32,True,SN-T-333752,SN-T-333752,SN-T-333752,SN-T-333752,SN-T-333752,Matched,TV-55OLED,TV-55OLED,TV-55OLED,TV-55OLED,ViewOptics Warranty Services,2023-01-25,2024-07-25,18,426,Active,Active,False,2023-05-23,2023-05-26,,,121,3,Main Board Defect,Smart hub system failure.,None,False,False,False,True,No previous repairs,0,False,0,False,True,True,True,True,True,True,True,,0,True,True,True,False,False,,False,False,False,False
CLM-539460,CUST-1888,PRD-882634,INV-35176902,,standard_covered,train,Valid Claim,Smartphone,MobileX,SP-X,TechMart,2024-07-09,1886.77,True,SN-S-789606,SN-S-789606,SN-S-789606,SN-S-789606,SN-S-789606,Matched,SP-X,SP-X,SP-X,SP-X,MobileX Warranty Services,2024-07-09,2025-07-09,12,114,Active,Active,False,2025-02-25,2025-03-17,,,251,20,Charging Port Failure,Charging connector failure under normal usage.,None,False,False,False,True,No previous repairs,0,False,0,False,True,True,True,True,True,True,True,,0,True,True,True,False,False,,False,False,False,False
CLM-539628,CUST-7775,PRD-864764,INV-53414191,,expired_warranty,train,Invalid Claim,Laptop,OmniLap,LP-500,OfficeDirect,2024-08-22,1660.47,True,SN-L-916558,SN-L-916558,SN-L-916558,SN-L-916558,SN-L-916558,Matched,LP-500,LP-500,LP-500,LP-500,OmniLap Warranty Services,2024-08-22,2026-08-22,24,-159,Expired,Expired,False,2026-12-21,2027-01-28,,,889,38,Keyboard Failure,Multiple keys non-functional.,None,False,False,False,True,No previous repairs,0,False,0,False,True,True,True,True,True,True,True,,0,True,True,True,False,False,,False,True,False,False
CLM-540798,CUST-6432,PRD-723758,INV-67774765,,near_expiry_boundary,train,Valid Claim,Laptop,OmniLap,LP-Pro,PC World,2024-10-24,504.91,True,SN-L-274418,SN-L-274418,SN-L-274418,SN-L-274418,SN-L-274418,Matched,LP-Pro,LP-Pro,LP-Pro,LP-Pro,OmniLap Warranty Services,2024-10-24,2026-10-24,24,7,Active,Active,False,2026-10-13,2026-10-17,,,723,4,Motherboard Defect,Component failure on main board.,None,False,False,False,True,No previous repairs,0,False,0,False,True,True,True,True,True,True,True,,0,True,True,True,False,False,,False,False,True,False
CLM-541428,CUST-3161,PRD-522819,INV-97241147,,near_expiry_boundary,train,Valid Claim,Smartphone,TechCorp,SP-100,City Electronics,2023-01-01,1161.25,True,SN-S-578693,SN-S-578693,SN-S-578693,SN-S-578693,SN-S-578693,Matched,SP-100,SP-100,SP-100,SP-100,TechCorp Warranty Services,2023-01-01,2024-01-01,12,9,Active,Active,False,2023-12-21,2023-12-23,,,356,2,Charging Port Failure,Charging connector failure under normal usage.,None,False,False,False,True,No previous repairs,0,False,0,False,True,True,True,True,True,True,True,,0,True,True,True,False,False,,False,False,False,False
CLM-543804,CUST-9589,PRD-734212,INV-43050557,,expired_warranty,train,Invalid Claim,Smartphone,TechCorp,SP-200,Mobile Hub,2024-05-14,961.76,True,SN-S-307731,SN-S-307731,SN-S-307731,SN-S-307731,SN-S-307731,Matched,SP-200,SP-200,SP-200,SP-200,TechCorp Warranty Services,2024-05-14,2025-05-14,12,-126,Expired,Expired,False,2025-09-06,2025-09-17,,,491,11,Charging Port Failure,Charging connector failure under normal usage.,None,False,False,False,True,No previous repairs,0,False,0,False,True,True,True,True,True,True,True,,0,True,True,True,False,False,,False,True,False,False
CLM-543942,CUST-4978,PRD-833911,INV-23676961,,standard_covered,train,Valid Claim,Laptop,UltraTech,LP-Pro,Digital Bazaar,2024-02-11,2485.6,True,SN-L-493537,SN-L-493537,SN-L-493537,SN-L-493537,SN-L-493537,Matched,LP-Pro,LP-Pro,LP-Pro,LP-Pro,UltraTech Warranty Services,2024-02-11,2026-02-11,24,653,Active,Active,False,2024-04-09,2024-04-29,,,78,20,Keyboard Failure,Multiple keys non-functional.,None,False,False,False,True,No previous repairs,0,False,0,False,True,True,True,True,True,True,True,,0,True,True,True,False,False,,False,False,False,False
CLM-544189,CUST-9800,PRD-570342,INV-83487621,,extended_warranty,train,Valid Claim,Laptop,OmniLap,LP-Pro,OfficeDirect,2023-02-12,3322.38,True,SN-L-229221,SN-L-229221,SN-L-229221,SN-L-229221,SN-L-229221,Matched,LP-Pro,LP-Pro,LP-Pro,LP-Pro,OmniLap Warranty Services,2023-02-12,2026-02-12,36,855,Active,Active,True,2023-09-21,2023-10-11,,,241,20,Motherboard Defect,Component failure on main board.,None,False,False,False,True,No previous repairs,0,False,0,False,True,True,True,True,True,True,True,,0,True,True,True,False,False,,False,False,False,False
CLM-545031,CUST-2979,PRD-709800,INV-41193292,,unauthorized_repair,train,Invalid Claim,Laptop,OmniLap,LP-Pro,OfficeDirect,2023-08-01,866.16,True,SN-L-755017,SN-L-755017,SN-L-755017,SN-L-755017,SN-L-755017,Matched,LP-Pro,LP-Pro,LP-Pro,LP-Pro,OmniLap Warranty Services,2023-08-01,2025-08-01,24,617,Active,Active,False,2023-11-11,2023-11-23,,,114,12,Factory SSD Failure,Primary storage failure.,Unauthorized Modification,False,False,True,False,Unauthorized repair reported,0,False,0,False,True,True,True,True,True,True,True,,0,True,True,True,False,False,,False,True,False,True
CLM-545567,CUST-1653,PRD-443272,INV-58771134,,serial_mismatch,train,Manual Review,Laptop,ProBook,LP-900,PC World,2023-03-03,1488.09,True,SN-L-967962,SN-L-759835,SN-L-967962,SN-L-967962,SN-L-967962,Mismatch,LP-900,LP-900,LP-900,LP-900,ProBook Warranty Services,2023-03-03,2025-03-03,24,475,Active,Active,False,2023-10-12,2023-11-14,,,256,33,Display Failure,Backlight failure without screen crack.,None,False,False,False,True,No previous repairs,0,False,0,False,True,True,True,True,True,True,True,,0,False,False,True,False,True,Conflicting serial numbers,False,False,False,True
CLM-546134,CUST-8528,PRD-931063,INV-28795756,,missing_mandatory_document,train,Manual Review,Laptop,OmniLap,LP-500,OfficeDirect,2023-06-05,1082.44,True,SN-L-787781,SN-L-787781,SN-L-787781,SN-L-787781,SN-L-787781,Matched,LP-500,LP-500,LP-500,LP-500,OmniLap Warranty Services,2023-06-05,2025-06-05,24,495,Active,Active,False,2023-12-15,2024-01-27,,,236,43,Display Failure,Backlight failure without screen crack.,None,False,False,False,True,No previous repairs,0,False,0,False,True,True,True,True,False,True,True,Serial Number Photo,1,False,False,True,False,False,,False,False,False,True
CLM-546608,CUST-6568,PRD-336446,INV-77304275,,serial_mismatch,train,Manual Review,Smartphone,TechCorp,SP-X,TechMart,2023-08-29,2907.85,True,SN-S-905142,SN-S-728275,SN-S-905142,SN-S-905142,SN-S-905142,Mismatch,SP-X,SP-X,SP-X,SP-X,TechCorp Warranty Services,2023-08-29,2024-08-29,12,141,Active,Active,False,2024-03-21,2024-04-10,,,225,20,Battery Manufacturing Defect,Battery swelling or sudden degradation.,None,False,False,False,True,No previous repairs,0,False,0,False,True,True,True,True,True,True,True,,0,False,False,True,False,True,Conflicting serial numbers,False,False,False,True
CLM-548595,CUST-3100,PRD-666384,INV-59178730,,excluded_damage,train,Invalid Claim,Television,CineDisplay,TV-55OLED,Vision Retail,2023-03-04,1318.74,True,SN-T-436050,SN-T-436050,SN-T-436050,SN-T-436050,SN-T-436050,Matched,TV-55OLED,TV-55OLED,TV-55OLED,TV-55OLED,CineDisplay Warranty Services,2023-03-04,2024-09-04,18,499,Active,Active,False,2023-03-30,2023-04-24,,,51,25,Liquid Damage,Liquid intrusion.,Liquid Contact,False,True,False,True,No previous repairs,0,False,0,False,True,True,True,True,True,True,True,,0,True,True,True,False,False,,False,True,False,False
CLM-548996,CUST-8696,PRD-395048,INV-28805567,,late_reporting,train,Invalid Claim,Television,VisionMax,TV-43U,Home Screen,2024-03-02,2656.16,True,SN-T-696831,SN-T-696831,SN-T-696831,SN-T-696831,SN-T-696831,Matched,TV-43U,TV-43U,TV-43U,TV-43U,VisionMax Warranty Services,2024-03-02,2025-09-02,18,487,Active,Active,False,2024-03-22,2024-05-03,,,62,42,Display Panel Defect,Internal panel line defect.,None,False,False,False,True,No previous repairs,0,False,0,False,True,True,True,True,True,True,True,,0,True,True,False,False,False,,False,True,False,False
CLM-549527,CUST-7576,PRD-260773,INV-36925055,,contradictory_information,train,Manual Review,Smartphone,ApexPhone,SP-200,City Electronics,2023-04-03,909.24,True,SN-S-623954,SN-S-623954,SN-S-623954,SN-S-623954,SN-S-623954,Matched,SP-200,SP-200,SP-200,SP-200,ApexPhone Warranty Services,2023-04-03,2024-04-03,12,268,Active,Active,False,2023-06-25,2023-07-10,2023-03-05,,98,15,Screen Defect (Non-Impact),Touch failure or dead pixels with no physical drop.,None,False,False,False,True,Conflicting repair record predates purchase,1,False,0,False,True,True,True,True,True,True,True,,0,False,False,True,False,True,Repair date before purchase date,False,False,False,True
CLM-550013,CUST-5781,PRD-780552,INV-65540647,,near_expiry_boundary,train,Valid Claim,Laptop,ProBook,LP-Pro,Digital Bazaar,2023-11-29,1449.13,True,SN-L-922543,SN-L-922543,SN-L-922543,SN-L-922543,SN-L-922543,Matched,LP-Pro,LP-Pro,LP-Pro,LP-Pro,ProBook Warranty Services,2023-11-29,2025-11-29,24,12,Active,Active,False,2025-11-09,2025-11-17,,,719,8,Factory SSD Failure,Primary storage failure.,None,False,False,False,True,No previous repairs,0,False,0,False,True,True,True,True,True,True,True,,0,True,True,True,False,False,,False,False,True,False
CLM-550257,CUST-2847,PRD-703559,INV-42357445,,near_expiry_boundary,train,Valid Claim,Television,ViewOptics,TV-65Q,Home Screen,2023-09-03,1823.6,True,SN-T-921875,SN-T-921875,SN-T-921875,SN-T-921875,SN-T-921875,Matched,TV-65Q,TV-65Q,TV-65Q,TV-65Q,ViewOptics Warranty Services,2023-09-03,2025-03-03,18,4,Active,Active,False,2025-02-26,2025-02-27,,,543,1,Power Supply Failure,Internal power board failure.,None,False,False,False,True,No previous repairs,0,False,0,False,True,True,True,True,True,True,True,,0,True,True,True,False,False,,False,False,True,False
CLM-550938,CUST-6606,PRD-281890,INV-83085160,,expired_warranty,train,Invalid Claim,Smartphone,TechCorp,SP-200,TechMart,2024-08-28,2475.35,True,SN-S-953452,SN-S-953452,SN-S-953452,SN-S-953452,SN-S-953452,Matched,SP-200,SP-200,SP-200,SP-200,TechCorp Warranty Services,2024-08-28,2025-08-28,12,-48,Expired,Expired,False,2025-09-21,2025-10-15,,,413,24,Charging Port Failure,Charging connector failure under normal usage.,None,False,False,False,True,No previous repairs,0,False,0,False,True,True,True,True,True,True,True,,0,True,True,True,False,False,,False,True,False,False
CLM-553704,CUST-9218,PRD-715841,INV-79296719,,late_reporting,train,Invalid Claim,Laptop,OmniLap,LP-500,OfficeDirect,2024-11-28,3474.13,True,SN-L-946699,SN-L-946699,SN-L-946699,SN-L-946699,SN-L-946699,Matched,LP-500,LP-500,LP-500,LP-500,OmniLap Warranty Services,2024-11-28,2026-11-28,24,646,Active,Active,False,2024-12-18,2025-02-20,,,84,64,Keyboard Failure,Multiple keys non-functional.,None,False,False,False,True,No previous repairs,0,False,0,False,True,True,True,True,True,True,True,,0,True,True,False,False,False,,False,True,False,False
CLM-555250,CUST-6437,PRD-298809,INV-38052785,,expired_warranty,train,Invalid Claim,Laptop,UltraTech,LP-Pro,OfficeDirect,2024-04-05,2629.04,True,SN-L-419939,SN-L-419939,SN-L-419939,SN-L-419939,SN-L-419939,Matched,LP-Pro,LP-Pro,LP-Pro,LP-Pro,UltraTech Warranty Services,2024-04-05,2026-04-05,24,-92,Expired,Expired,False,2026-06-01,2026-07-06,,,822,35,Factory SSD Failure,Primary storage failure.,None,False,False,False,True,No previous repairs,0,False,0,False,True,True,True,True,True,True,True,,0,True,True,True,False,False,,False,True,False,False
CLM-555376,CUST-7018,PRD-242011,INV-79696025,,standard_covered,train,Valid Claim,Laptop,OmniLap,LP-900,PC World,2023-07-11,1043.51,True,SN-L-455505,SN-L-455505,SN-L-455505,SN-L-455505,SN-L-455505,Matched,LP-900,LP-900,LP-900,LP-900,OmniLap Warranty Services,2023-07-11,2025-07-11,24,451,Active,Active,False,2024-04-10,2024-04-16,,,280,6,Factory SSD Failure,Primary storage failure.,None,False,False,False,True,No previous repairs,0,False,0,False,True,True,True,True,True,True,True,,0,True,True,True,False,False,,False,False,False,False
CLM-555398,CUST-6277,PRD-590056,INV-91644298,,standard_covered,train,Valid Claim,Television,ViewOptics,TV-65Q,Home Screen,2024-03-30,646.92,True,SN-T-614084,SN-T-614084,SN-T-614084,SN-T-614084,SN-T-614084,Matched,TV-65Q,TV-65Q,TV-65Q,TV-65Q,ViewOptics Warranty Services,2024-03-30,2025-09-30,18,483,Active,Active,False,2024-05-30,2024-06-04,,,66,5,Display Panel Defect,Internal panel line defect.,None,False,False,False,True,No previous repairs,0,False,0,False,True,True,True,True,True,True,True,,0,True,True,True,False,False,,False,False,False,False
CLM-556217,CUST-3903,PRD-813521,INV-49479427,,unauthorized_repair,train,Invalid Claim,Television,ViewOptics,TV-55OLED,Home Screen,2023-01-19,565.91,True,SN-T-278875,SN-T-278875,SN-T-278875,SN-T-278875,SN-T-278875,Matched,TV-55OLED,TV-55OLED,TV-55OLED,TV-55OLED,ViewOptics Warranty Services,2023-01-19,2024-07-19,18,421,Active,Active,False,2023-05-19,2023-05-25,,,126,6,Main Board Defect,Smart hub system failure.,Unauthorized Modification,False,False,True,False,Unauthorized repair reported,0,False,0,False,True,True,True,True,True,True,True,,0,True,True,True,False,False,,False,True,False,True
CLM-557325,CUST-2986,PRD-571482,INV-80834264,,missing_mandatory_document,train,Manual Review,Smartphone,ApexPhone,SP-100,TechMart,2024-08-01,2823.99,True,SN-S-335490,SN-S-335490,SN-S-335490,SN-S-335490,SN-S-335490,Matched,SP-100,SP-100,SP-100,SP-100,ApexPhone Warranty Services,2024-08-01,2025-08-01,12,50,Active,Active,False,2025-05-23,2025-06-12,,,315,20,Charging Port Failure,Charging connector failure under normal usage.,None,False,False,False,True,No previous repairs,0,False,0,False,True,True,False,True,True,True,True,Warranty Card,1,False,False,True,False,False,,False,False,False,True
CLM-557892,CUST-1916,PRD-821645,INV-40742311,,standard_covered,train,Valid Claim,Television,ViewOptics,TV-65Q,Electro Store,2023-08-13,2903.04,True,SN-T-684004,SN-T-684004,SN-T-684004,SN-T-684004,SN-T-684004,Matched,TV-65Q,TV-65Q,TV-65Q,TV-65Q,ViewOptics Warranty Services,2023-08-13,2025-02-13,18,338,Active,Active,False,2024-02-15,2024-03-12,,,212,26,Main Board Defect,Smart hub system failure.,None,False,False,False,True,No previous repairs,0,False,0,False,True,True,True,True,True,True,True,,0,True,True,True,False,False,,False,False,False,False
CLM-558506,CUST-7832,PRD-110824,INV-43032305,,contradictory_information,train,Manual Review,Television,ViewOptics,TV-65Q,Vision Retail,2023-01-19,851.68,True,SN-T-166191,SN-T-166191,SN-T-166191,SN-T-166191,SN-T-166191,Matched,TV-65Q,TV-65Q,TV-65Q,TV-65Q,ViewOptics Warranty Services,2023-01-19,2024-07-19,18,446,Active,Active,False,2023-04-09,2023-04-30,2022-12-30,,101,21,Power Supply Failure,Internal power board failure.,None,False,False,False,True,Conflicting repair record predates purchase,1,False,0,False,True,True,True,True,True,True,True,,0,False,False,True,False,True,Repair date before purchase date,False,False,False,True
CLM-558980,CUST-9307,PRD-128363,INV-61604364,,standard_covered,train,Valid Claim,Laptop,ProBook,LP-500,PC World,2023-10-21,1700.08,True,SN-L-972097,SN-L-972097,SN-L-972097,SN-L-972097,SN-L-972097,Matched,LP-500,LP-500,LP-500,LP-500,ProBook Warranty Services,2023-10-21,2025-10-21,24,629,Active,Active,False,2023-12-26,2024-01-31,,,102,36,Motherboard Defect,Component failure on main board.,None,False,False,False,True,No previous repairs,0,False,0,False,True,True,True,True,True,True,True,,0,True,True,True,False,False,,False,False,False,False
CLM-562979,CUST-4610,PRD-347743,INV-40860700,,complex_covered,train,Valid Claim,Smartphone,ApexPhone,SP-100,City Electronics,2023-09-22,2830.54,True,SN-S-221916,SN-S-221916,SN-S-221916,SN-S-221916,SN-S-221916,Matched,SP-100,SP-100,SP-100,SP-100,ApexPhone Warranty Services,2023-09-22,2024-09-22,12,137,Active,Active,False,2024-04-24,2024-05-08,2024-03-29,,229,14,Manufacturing Defect,Internal motherboard defect causing bootloop. Additional diagnostic evidence supplied.,None,False,False,False,True,Complex repair history with supporting diagnostics,1,False,0,False,True,True,True,True,True,True,True,,0,True,True,True,False,False,,False,False,False,False
CLM-563493,CUST-8303,PRD-280463,INV-60213478,,near_expiry_boundary,train,Valid Claim,Television,CineDisplay,TV-65Q,Electro Store,2024-08-17,1460.3,True,SN-T-685098,SN-T-685098,SN-T-685098,SN-T-685098,SN-T-685098,Matched,TV-65Q,TV-65Q,TV-65Q,TV-65Q,CineDisplay Warranty Services,2024-08-17,2026-02-17,18,5,Active,Active,False,2026-01-24,2026-02-12,,,544,19,Main Board Defect,Smart hub system failure.,None,False,False,False,True,No previous repairs,0,False,0,False,True,True,True,True,True,True,True,,0,True,True,True,False,False,,False,False,True,False
CLM-564122,CUST-3872,PRD-738513,INV-60785855,,previous_authorized_repair,train,Valid Claim,Laptop,UltraTech,LP-Pro,PC World,2024-07-29,1177.86,True,SN-L-282664,SN-L-282664,SN-L-282664,SN-L-282664,SN-L-282664,Matched,LP-Pro,LP-Pro,LP-Pro,LP-Pro,UltraTech Warranty Services,2024-07-29,2026-07-29,24,551,Active,Active,False,2024-12-10,2025-01-24,2024-12-01,,179,45,Display Failure,Backlight failure without screen crack.,None,False,False,False,True,One or more authorized repairs,2,False,0,False,True,True,True,True,True,True,True,,0,True,True,True,False,False,,False,False,True,False
CLM-564515,CUST-2310,PRD-894352,INV-99847647,,service_center_unclear,train,Manual Review,Laptop,ProBook,LP-500,PC World,2024-11-19,1689.68,True,SN-L-273648,SN-L-273648,SN-L-273648,SN-L-273648,SN-L-273648,Matched,LP-500,LP-500,LP-500,LP-500,ProBook Warranty Services,2024-11-19,2026-11-19,24,598,Active,Active,False,2025-03-07,2025-03-31,2025-02-15,,132,24,Factory SSD Failure,Primary storage failure.,None,False,False,False,False,Service-center authorization is unclear,1,False,0,False,True,True,True,True,True,True,True,,0,True,True,True,False,False,,False,False,False,True
CLM-565734,CUST-4714,PRD-807339,INV-97614538,,expired_warranty,train,Invalid Claim,Television,VisionMax,TV-55OLED,Vision Retail,2024-03-20,2995.75,True,SN-T-956835,SN-T-956835,SN-T-956835,SN-T-956835,SN-T-956835,Matched,TV-55OLED,TV-55OLED,TV-55OLED,TV-55OLED,VisionMax Warranty Services,2024-03-20,2025-09-20,18,-28,Expired,Expired,False,2025-09-27,2025-10-18,,,577,21,Power Supply Failure,Internal power board failure.,None,False,False,False,True,No previous repairs,0,False,0,False,True,True,True,True,True,True,True,,0,True,True,True,False,False,,False,True,False,False
CLM-566231,CUST-3375,PRD-153717,INV-51101815,DUP-917632,duplicate_claim,train,Manual Review,Laptop,OmniLap,LP-900,OfficeDirect,2024-04-28,1267.97,True,SN-L-375623,SN-L-375623,SN-L-375623,SN-L-375623,SN-L-375623,Matched,LP-900,LP-900,LP-900,LP-900,OmniLap Warranty Services,2024-04-28,2026-04-28,24,498,Active,Active,False,2024-11-23,2024-12-16,,,232,23,Display Failure,Backlight failure without screen crack.,None,False,False,False,True,No previous repairs,0,False,0,False,True,True,True,True,True,True,True,,0,True,True,True,True,False,,False,False,False,True
CLM-570029,CUST-1565,PRD-997726,INV-58508204,,invalid_receipt,train,Invalid Claim,Smartphone,TechCorp,SP-X,City Electronics,2023-09-10,2263.69,False,SN-S-544638,SN-S-544638,SN-S-544638,SN-S-544638,SN-S-544638,Matched,SP-X,SP-X,SP-X,SP-X,TechCorp Warranty Services,2023-09-10,2024-09-10,12,316,Active,Active,False,2023-10-07,2023-10-30,,,50,23,Screen Defect (Non-Impact),Touch failure or dead pixels with no physical drop.,None,False,False,False,True,No previous repairs,0,False,0,False,True,False,True,True,True,True,True,,0,False,False,True,False,False,,False,True,False,False
CLM-573345,CUST-3591,PRD-349312,INV-14051460,,late_reporting,train,Invalid Claim,Laptop,ProBook,LP-Pro,OfficeDirect,2024-08-18,642.07,True,SN-L-794940,SN-L-794940,SN-L-794940,SN-L-794940,SN-L-794940,Matched,LP-Pro,LP-Pro,LP-Pro,LP-Pro,ProBook Warranty Services,2024-08-18,2026-08-18,24,660,Active,Active,False,2024-09-07,2024-10-27,,,70,50,Motherboard Defect,Component failure on main board.,None,False,False,False,True,No previous repairs,0,False,0,False,True,True,True,True,True,True,True,,0,True,True,False,False,False,,False,True,False,False
CLM-573429,CUST-7176,PRD-117058,INV-61224263,,invalid_receipt,train,Invalid Claim,Smartphone,ApexPhone,SP-200,TechMart,2024-09-07,2340.63,False,SN-S-703950,SN-S-703950,SN-S-703950,SN-S-703950,SN-S-703950,Matched,SP-200,SP-200,SP-200,SP-200,ApexPhone Warranty Services,2024-09-07,2025-09-07,12,208,Active,Active,False,2025-01-16,2025-02-11,,,157,26,Manufacturing Defect,Internal motherboard defect causing bootloop.,None,False,False,False,True,No previous repairs,0,False,0,False,True,False,True,True,True,True,True,,0,False,False,True,False,False,,False,True,False,False
CLM-574143,CUST-1890,PRD-783291,INV-68500818,,expired_warranty,train,Invalid Claim,Smartphone,MobileX,SP-100,City Electronics,2023-03-17,635.55,True,SN-S-331381,SN-S-331381,SN-S-331381,SN-S-331381,SN-S-331381,Matched,SP-100,SP-100,SP-100,SP-100,MobileX Warranty Services,2023-03-17,2024-03-17,12,-127,Expired,Expired,False,2024-07-16,2024-07-22,,,493,6,Charging Port Failure,Charging connector failure under normal usage.,None,False,False,False,True,No previous repairs,0,False,0,False,True,True,True,True,True,True,True,,0,True,True,True,False,False,,False,True,False,False
CLM-574312,CUST-3167,PRD-273838,INV-42470699,,service_center_unclear,train,Manual Review,Laptop,ProBook,LP-900,OfficeDirect,2023-02-19,3036.66,True,SN-L-275113,SN-L-275113,SN-L-275113,SN-L-275113,SN-L-275113,Matched,LP-900,LP-900,LP-900,LP-900,ProBook Warranty Services,2023-02-19,2025-02-19,24,610,Active,Active,False,2023-06-02,2023-06-20,2023-05-13,,121,18,Factory SSD Failure,Primary storage failure.,None,False,False,False,False,Service-center authorization is unclear,1,False,0,False,True,True,True,True,True,True,True,,0,True,True,True,False,False,,False,False,False,True
CLM-574320,CUST-7451,PRD-433434,INV-15350579,,contradictory_information,train,Manual Review,Television,VisionMax,TV-43U,Home Screen,2024-08-17,1313.47,True,SN-T-478222,SN-T-478222,SN-T-478222,SN-T-478222,SN-T-478222,Matched,TV-43U,TV-43U,TV-43U,TV-43U,VisionMax Warranty Services,2024-08-17,2026-02-17,18,530,Active,Active,False,2024-07-14,2024-09-05,,,19,53,Main Board Defect,Reported fault date predates the purchase date.,None,False,False,False,True,No previous repairs,0,False,0,False,True,True,True,True,True,True,True,,0,False,False,False,False,True,Fault date before purchase date,False,False,False,True
CLM-574345,CUST-1828,PRD-674789,INV-47763008,,standard_covered,train,Valid Claim,Smartphone,ApexPhone,SP-200,TechMart,2024-08-20,1807.9,True,SN-S-325595,SN-S-325595,SN-S-325595,SN-S-325595,SN-S-325595,Matched,SP-200,SP-200,SP-200,SP-200,ApexPhone Warranty Services,2024-08-20,2025-08-20,12,292,Active,Active,False,2024-10-03,2024-11-01,,,73,29,Battery Manufacturing Defect,Battery swelling or sudden degradation.,None,False,False,False,True,No previous repairs,0,False,0,False,True,True,True,True,True,True,True,,0,True,True,True,False,False,,False,False,False,False
CLM-575861,CUST-2727,PRD-186354,INV-32420574,,excluded_damage,train,Invalid Claim,Smartphone,ApexPhone,SP-X,TechMart,2024-07-29,2260.25,True,SN-S-963617,SN-S-963617,SN-S-963617,SN-S-963617,SN-S-963617,Matched,SP-X,SP-X,SP-X,SP-X,ApexPhone Warranty Services,2024-07-29,2025-07-29,12,247,Active,Active,False,2024-11-18,2024-11-24,,,118,6,Physical Damage,Cracked screen or casing from impact.,Physical Impact,True,False,False,True,No previous repairs,0,False,0,False,True,True,True,True,True,True,True,,0,True,True,True,False,False,,False,True,False,False
CLM-576192,CUST-3774,PRD-328997,INV-48718971,,missing_mandatory_document,train,Manual Review,Smartphone,TechCorp,SP-100,City Electronics,2024-05-13,3296.34,True,SN-S-387150,SN-S-387150,SN-S-387150,SN-S-387150,SN-S-387150,Matched,SP-100,SP-100,SP-100,SP-100,TechCorp Warranty Services,2024-05-13,2025-05-13,12,222,Active,Active,False,2024-09-24,2024-10-03,,,143,9,Charging Port Failure,Charging connector failure under normal usage.,None,False,False,False,True,No previous repairs,0,False,0,False,True,True,True,True,False,True,True,Serial Number Photo,1,False,False,True,False,False,,False,False,False,True
CLM-576201,CUST-2137,PRD-501704,INV-29263245,,late_reporting,train,Invalid Claim,Smartphone,MobileX,SP-100,City Electronics,2023-07-01,391.36,True,SN-S-270832,SN-S-270832,SN-S-270832,SN-S-270832,SN-S-270832,Matched,SP-100,SP-100,SP-100,SP-100,MobileX Warranty Services,2023-07-01,2024-07-01,12,299,Active,Active,False,2023-07-21,2023-09-06,,,67,47,Charging Port Failure,Charging connector failure under normal usage.,None,False,False,False,True,No previous repairs,0,False,0,False,True,True,True,True,True,True,True,,0,True,True,False,False,False,,False,True,False,False
CLM-576440,CUST-5489,PRD-350496,INV-20750109,,excluded_damage,train,Invalid Claim,Smartphone,TechCorp,SP-200,Mobile Hub,2024-10-21,2907.71,True,SN-S-432591,SN-S-432591,SN-S-432591,SN-S-432591,SN-S-432591,Matched,SP-200,SP-200,SP-200,SP-200,TechCorp Warranty Services,2024-10-21,2025-10-21,12,210,Active,Active,False,2025-02-23,2025-03-25,,,155,30,Liquid Damage,Liquid contact indicator triggered.,Liquid Contact,False,True,False,True,No previous repairs,0,False,0,False,True,True,True,True,True,True,True,,0,True,True,True,False,False,,False,True,True,False
CLM-578263,CUST-6761,PRD-357618,INV-86188876,,previous_authorized_repair,train,Valid Claim,Smartphone,TechCorp,SP-100,TechMart,2023-11-22,2038.08,True,SN-S-721301,SN-S-721301,SN-S-721301,SN-S-721301,SN-S-721301,Matched,SP-100,SP-100,SP-100,SP-100,TechCorp Warranty Services,2023-11-22,2024-11-22,12,313,Active,Active,False,2023-12-26,2024-01-14,2023-12-06,,53,19,Battery Manufacturing Defect,Battery swelling or sudden degradation.,None,False,False,False,True,One or more authorized repairs,1,False,0,False,True,True,True,True,True,True,True,,0,True,True,True,False,False,,False,False,False,False
CLM-579898,CUST-3871,PRD-725654,INV-95938445,,complex_covered,train,Valid Claim,Smartphone,ApexPhone,SP-100,Mobile Hub,2024-02-15,1806.13,True,SN-S-502995,SN-S-502995,SN-S-502995,SN-S-502995,SN-S-502995,Matched,SP-100,SP-100,SP-100,SP-100,ApexPhone Warranty Services,2024-02-15,2025-02-15,12,316,Active,Active,False,2024-04-04,2024-04-05,,,50,1,Battery Manufacturing Defect,Battery swelling or sudden degradation. Additional diagnostic evidence supplied.,None,False,False,False,True,Complex repair history with supporting diagnostics,0,False,0,False,True,True,True,True,True,True,True,,0,True,True,True,False,False,,False,False,False,False
CLM-580165,CUST-7617,PRD-697974,INV-19408620,,expired_warranty,train,Invalid Claim,Smartphone,TechCorp,SP-X,Mobile Hub,2024-05-17,1959.43,True,SN-S-908442,SN-S-908442,SN-S-908442,SN-S-908442,SN-S-908442,Matched,SP-X,SP-X,SP-X,SP-X,TechCorp Warranty Services,2024-05-17,2025-05-17,12,-126,Expired,Expired,False,2025-08-28,2025-09-20,,,491,23,Charging Port Failure,Charging connector failure under normal usage.,None,False,False,False,True,No previous repairs,0,False,0,False,True,True,True,True,True,True,True,,0,True,True,True,False,False,,False,True,False,False
CLM-580809,CUST-2114,PRD-216284,INV-74114251,,borderline_reporting,train,Manual Review,Television,CineDisplay,TV-43U,Home Screen,2023-05-11,1869.84,True,SN-T-799486,SN-T-799486,SN-T-799486,SN-T-799486,SN-T-799486,Matched,TV-43U,TV-43U,TV-43U,TV-43U,CineDisplay Warranty Services,2023-05-11,2024-11-11,18,0,Active,Active,False,2024-10-31,2024-11-11,,,550,11,Main Board Defect,Smart hub system failure.,None,False,False,False,True,Claim submitted on warranty expiry boundary,0,False,0,False,True,True,True,True,True,True,True,,0,True,True,True,False,False,,False,False,True,True
CLM-582028,CUST-3200,PRD-194830,INV-45496015,,standard_covered,train,Valid Claim,Smartphone,ApexPhone,SP-X,TechMart,2024-07-21,536.69,True,SN-S-800305,SN-S-800305,SN-S-800305,SN-S-800305,SN-S-800305,Matched,SP-X,SP-X,SP-X,SP-X,ApexPhone Warranty Services,2024-07-21,2025-07-21,12,288,Active,Active,False,2024-10-02,2024-10-06,,,77,4,Battery Manufacturing Defect,Battery swelling or sudden degradation.,None,False,False,False,True,No previous repairs,0,False,0,False,True,True,True,True,True,True,True,,0,True,True,True,False,False,,False,False,False,False
CLM-582168,CUST-6185,PRD-990843,INV-11904117,,late_reporting,train,Invalid Claim,Laptop,OmniLap,LP-500,OfficeDirect,2024-11-14,654.2,True,SN-L-857830,SN-L-857830,SN-L-857830,SN-L-857830,SN-L-857830,Matched,LP-500,LP-500,LP-500,LP-500,OmniLap Warranty Services,2024-11-14,2026-11-14,24,658,Active,Active,False,2024-12-04,2025-01-25,,,72,52,Keyboard Failure,Multiple keys non-functional.,None,False,False,False,True,No previous repairs,0,False,0,False,True,True,True,True,True,True,True,,0,True,True,False,False,False,,False,True,False,False
CLM-582517,CUST-9274,PRD-797165,INV-32986369,,unauthorized_repair,train,Invalid Claim,Television,ViewOptics,TV-43U,Home Screen,2024-04-30,435.53,True,SN-T-975365,SN-T-975365,SN-T-975365,SN-T-975365,SN-T-975365,Matched,TV-43U,TV-43U,TV-43U,TV-43U,ViewOptics Warranty Services,2024-04-30,2025-10-30,18,410,Active,Active,False,2024-09-03,2024-09-15,,,138,12,Power Supply Failure,Internal power board failure.,Unauthorized Modification,False,False,True,False,Unauthorized repair reported,0,False,0,False,True,True,True,True,True,True,True,,0,True,True,True,False,False,,False,True,False,True
CLM-586466,CUST-7493,PRD-298331,INV-93967184,,near_expiry_boundary,train,Valid Claim,Laptop,OmniLap,LP-900,PC World,2024-01-16,1173.46,True,SN-L-186424,SN-L-186424,SN-L-186424,SN-L-186424,SN-L-186424,Matched,LP-900,LP-900,LP-900,LP-900,OmniLap Warranty Services,2024-01-16,2026-01-16,24,3,Active,Active,False,2026-01-06,2026-01-13,,,728,7,Keyboard Failure,Multiple keys non-functional.,None,False,False,False,True,No previous repairs,0,False,0,False,True,True,True,True,True,True,True,,0,True,True,True,False,False,,False,False,True,False
CLM-586550,CUST-3088,PRD-518272,INV-15614174,,standard_covered,train,Valid Claim,Laptop,ProBook,LP-Pro,OfficeDirect,2024-01-14,1182.67,True,SN-L-975136,SN-L-975136,SN-L-975136,SN-L-975136,SN-L-975136,Matched,LP-Pro,LP-Pro,LP-Pro,LP-Pro,ProBook Warranty Services,2024-01-14,2026-01-14,24,488,Active,Active,False,2024-09-10,2024-09-13,,,243,3,Keyboard Failure,Multiple keys non-functional.,None,False,False,False,True,No previous repairs,0,False,0,False,True,True,True,True,True,True,True,,0,True,True,True,False,False,,False,False,False,False
CLM-586918,CUST-9900,PRD-425490,INV-50603163,,standard_covered,train,Valid Claim,Television,ViewOptics,TV-43U,Home Screen,2023-10-19,2199.12,True,SN-T-487477,SN-T-487477,SN-T-487477,SN-T-487477,SN-T-487477,Matched,TV-43U,TV-43U,TV-43U,TV-43U,ViewOptics Warranty Services,2023-10-19,2025-04-19,18,278,Active,Active,False,2024-06-19,2024-07-15,,,270,26,Display Panel Defect,Internal panel line defect.,None,False,False,False,True,No previous repairs,0,False,0,False,True,True,True,True,True,True,True,,0,True,True,True,False,False,,False,False,False,False
CLM-587230,CUST-4458,PRD-753971,INV-34842009,,excluded_damage,train,Invalid Claim,Laptop,OmniLap,LP-900,Digital Bazaar,2023-09-29,412.04,True,SN-L-947075,SN-L-947075,SN-L-947075,SN-L-947075,SN-L-947075,Matched,LP-900,LP-900,LP-900,LP-900,OmniLap Warranty Services,2023-09-29,2025-09-29,24,656,Active,Active,False,2023-11-15,2023-12-13,,,75,28,Liquid Damage,Liquid spill marks internal.,Liquid Contact,False,True,False,True,No previous repairs,0,False,0,False,True,True,True,True,True,True,True,,0,True,True,True,False,False,,False,True,False,False
CLM-589207,CUST-1466,PRD-843137,INV-73149753,DUP-755687,duplicate_claim,train,Manual Review,Television,ViewOptics,TV-55OLED,Electro Store,2023-01-30,264.65,True,SN-T-436669,SN-T-436669,SN-T-436669,SN-T-436669,SN-T-436669,Matched,TV-55OLED,TV-55OLED,TV-55OLED,TV-55OLED,ViewOptics Warranty Services,2023-01-30,2024-07-30,18,330,Active,Active,False,2023-08-07,2023-09-04,,,217,28,Display Panel Defect,Internal panel line defect.,None,False,False,False,True,No previous repairs,0,False,0,False,True,True,True,True,True,True,True,,0,True,True,True,True,False,,False,False,False,True
CLM-589220,CUST-9737,PRD-585520,INV-89933222,,unauthorized_repair,train,Invalid Claim,Television,ViewOptics,TV-65Q,Electro Store,2024-04-09,933.36,True,SN-T-105466,SN-T-105466,SN-T-105466,SN-T-105466,SN-T-105466,Matched,TV-65Q,TV-65Q,TV-65Q,TV-65Q,ViewOptics Warranty Services,2024-04-09,2025-10-09,18,434,Active,Active,False,2024-07-10,2024-08-01,,,114,22,Power Supply Failure,Internal power board failure.,Unauthorized Modification,False,False,True,False,Unauthorized repair reported,0,False,0,False,True,True,True,True,True,True,True,,0,True,True,True,False,False,,False,True,False,True
CLM-591595,CUST-8185,PRD-765941,INV-63576791,DUP-126658,duplicate_claim,train,Manual Review,Smartphone,MobileX,SP-X,Mobile Hub,2024-01-25,815.44,True,SN-S-318716,SN-S-318716,SN-S-318716,SN-S-318716,SN-S-318716,Matched,SP-X,SP-X,SP-X,SP-X,MobileX Warranty Services,2024-01-25,2025-01-25,12,93,Active,Active,False,2024-09-29,2024-10-24,,,273,25,Manufacturing Defect,Internal motherboard defect causing bootloop.,None,False,False,False,True,No previous repairs,0,False,0,False,True,True,True,True,True,True,True,,0,True,True,True,True,False,,False,False,False,True
CLM-592338,CUST-3420,PRD-692059,INV-42262445,,excluded_damage,train,Invalid Claim,Television,CineDisplay,TV-65Q,Home Screen,2023-07-25,654.08,True,SN-T-647639,SN-T-647639,SN-T-647639,SN-T-647639,SN-T-647639,Matched,TV-65Q,TV-65Q,TV-65Q,TV-65Q,CineDisplay Warranty Services,2023-07-25,2025-01-25,18,405,Active,Active,False,2023-12-03,2023-12-17,,,145,14,Electrical Surge,High voltage power surge damage.,Electrical Surge,False,False,False,True,No previous repairs,0,False,0,False,True,True,True,True,True,True,True,,0,True,True,True,False,False,,False,True,False,False
CLM-593238,CUST-7034,PRD-300332,INV-95205708,,borderline_reporting,train,Manual Review,Laptop,ProBook,LP-900,PC World,2024-03-16,1970.67,True,SN-L-484487,SN-L-484487,SN-L-484487,SN-L-484487,SN-L-484487,Matched,LP-900,LP-900,LP-900,LP-900,ProBook Warranty Services,2024-03-16,2026-03-16,24,0,Active,Active,False,2026-03-07,2026-03-16,,,730,9,Motherboard Defect,Component failure on main board.,None,False,False,False,True,Claim submitted on warranty expiry boundary,0,False,0,False,True,True,True,True,True,True,True,,0,True,True,True,False,False,,False,False,True,True
CLM-593923,CUST-4080,PRD-363684,INV-19189076,,complex_covered,train,Valid Claim,Laptop,OmniLap,LP-Pro,PC World,2024-10-26,761.06,True,SN-L-398505,SN-L-398505,SN-L-398505,SN-L-398505,SN-L-398505,Matched,LP-Pro,LP-Pro,LP-Pro,LP-Pro,OmniLap Warranty Services,2024-10-26,2026-10-26,24,480,Active,Active,False,2025-06-14,2025-07-03,,,250,19,Display Failure,Backlight failure without screen crack. Additional diagnostic evidence supplied.,None,False,False,False,True,Complex repair history with supporting diagnostics,0,False,0,False,True,True,True,True,True,True,True,,0,True,True,True,False,False,,False,False,False,False
CLM-594435,CUST-3279,PRD-973278,INV-30628088,,unauthorized_repair,train,Invalid Claim,Laptop,OmniLap,LP-Pro,PC World,2024-08-24,3423.77,True,SN-L-441919,SN-L-441919,SN-L-441919,SN-L-441919,SN-L-441919,Matched,LP-Pro,LP-Pro,LP-Pro,LP-Pro,OmniLap Warranty Services,2024-08-24,2026-08-24,24,524,Active,Active,False,2025-02-05,2025-03-18,,,206,41,Motherboard Defect,Component failure on main board.,Unauthorized Modification,False,False,True,False,Unauthorized repair reported,0,False,0,False,True,True,True,True,True,True,True,,0,True,True,True,False,False,,False,True,False,True
CLM-594626,CUST-2356,PRD-119469,INV-57380159,,missing_mandatory_document,train,Manual Review,Laptop,UltraTech,LP-Pro,PC World,2023-04-05,2021.03,True,SN-L-336800,SN-L-336800,SN-L-336800,SN-L-336800,SN-L-336800,Matched,LP-Pro,LP-Pro,LP-Pro,LP-Pro,UltraTech Warranty Services,2023-04-05,2025-04-05,24,544,Active,Active,False,2023-09-23,2023-10-09,,,187,16,Display Failure,Backlight failure without screen crack.,None,False,False,False,True,No previous repairs,0,False,0,False,True,True,True,True,True,True,False,Technical Diagnostic Report,1,False,False,True,False,False,,False,False,False,True
CLM-594820,CUST-3174,PRD-920142,INV-58104396,,excluded_damage,train,Invalid Claim,Smartphone,MobileX,SP-100,TechMart,2023-01-13,1140.9,True,SN-S-685616,SN-S-685616,SN-S-685616,SN-S-685616,SN-S-685616,Matched,SP-100,SP-100,SP-100,SP-100,MobileX Warranty Services,2023-01-13,2024-01-13,12,325,Active,Active,False,2023-02-06,2023-02-22,,,40,16,Physical Damage,Cracked screen or casing from impact.,Physical Impact,True,False,False,True,No previous repairs,0,False,0,False,True,True,True,True,True,True,True,,0,True,True,True,False,False,,False,True,False,False
CLM-595695,CUST-7684,PRD-332567,INV-24284340,,borderline_reporting,train,Manual Review,Television,ViewOptics,TV-65Q,Electro Store,2024-02-07,906.48,True,SN-T-959162,SN-T-959162,SN-T-959162,SN-T-959162,SN-T-959162,Matched,TV-65Q,TV-65Q,TV-65Q,TV-65Q,ViewOptics Warranty Services,2024-02-07,2025-08-07,18,0,Active,Active,False,2025-07-29,2025-08-07,,,547,9,Display Panel Defect,Internal panel line defect.,None,False,False,False,True,Claim submitted on warranty expiry boundary,0,False,0,False,True,True,True,True,True,True,True,,0,True,True,True,False,False,,False,False,True,True
CLM-596556,CUST-1892,PRD-770809,INV-18505267,,excluded_damage,train,Invalid Claim,Television,ViewOptics,TV-55OLED,Vision Retail,2024-11-27,1398.93,True,SN-T-628027,SN-T-628027,SN-T-628027,SN-T-628027,SN-T-628027,Matched,TV-55OLED,TV-55OLED,TV-55OLED,TV-55OLED,ViewOptics Warranty Services,2024-11-27,2026-05-27,18,381,Active,Active,False,2025-04-24,2025-05-11,,,165,17,Electrical Surge,High voltage power surge damage.,Electrical Surge,False,False,False,True,No previous repairs,0,False,0,False,True,True,True,True,True,True,True,,0,True,True,True,False,False,,False,True,False,False
CLM-597008,CUST-5104,PRD-534759,INV-26138312,,serial_mismatch,train,Manual Review,Laptop,UltraTech,LP-Pro,OfficeDirect,2024-03-23,2018.98,True,SN-L-980673,SN-L-783768,SN-L-980673,SN-L-980673,SN-L-980673,Mismatch,LP-Pro,LP-Pro,LP-Pro,LP-Pro,UltraTech Warranty Services,2024-03-23,2026-03-23,24,432,Active,Active,False,2024-12-18,2025-01-15,,,298,28,Factory SSD Failure,Primary storage failure.,None,False,False,False,True,No previous repairs,0,False,0,False,True,True,True,True,True,True,True,,0,False,False,True,False,True,Conflicting serial numbers,False,False,False,True
CLM-597885,CUST-5102,PRD-509911,INV-43172390,,unauthorized_repair,train,Invalid Claim,Laptop,OmniLap,LP-500,OfficeDirect,2024-03-18,511.27,True,SN-L-603281,SN-L-603281,SN-L-603281,SN-L-603281,SN-L-603281,Matched,LP-500,LP-500,LP-500,LP-500,OmniLap Warranty Services,2024-03-18,2026-03-18,24,619,Active,Active,False,2024-07-03,2024-07-07,,,111,4,Motherboard Defect,Component failure on main board.,Unauthorized Modification,False,False,True,False,Unauthorized repair reported,0,False,0,False,True,True,True,True,True,True,True,,0,True,True,True,False,False,,False,True,False,True
CLM-597904,CUST-3664,PRD-507603,INV-82848400,,late_reporting,train,Invalid Claim,Smartphone,MobileX,SP-100,TechMart,2024-03-14,1610.19,True,SN-S-581111,SN-S-581111,SN-S-581111,SN-S-581111,SN-S-581111,Matched,SP-100,SP-100,SP-100,SP-100,MobileX Warranty Services,2024-03-14,2025-03-14,12,299,Active,Active,False,2024-04-03,2024-05-19,,,66,46,Battery Manufacturing Defect,Battery swelling or sudden degradation.,None,False,False,False,True,No previous repairs,0,False,0,False,True,True,True,True,True,True,True,,0,True,True,False,False,False,,False,True,False,False
CLM-599553,CUST-7843,PRD-480017,INV-48858073,,standard_covered,train,Valid Claim,Smartphone,MobileX,SP-100,City Electronics,2023-11-17,535.83,True,SN-S-181644,SN-S-181644,SN-S-181644,SN-S-181644,SN-S-181644,Matched,SP-100,SP-100,SP-100,SP-100,MobileX Warranty Services,2023-11-17,2024-11-17,12,138,Active,Active,False,2024-07-01,2024-07-02,,,228,1,Charging Port Failure,Charging connector failure under normal usage.,None,False,False,False,True,No previous repairs,0,False,0,False,True,True,True,True,True,True,True,,0,True,True,True,False,False,,False,False,False,False
CLM-601277,CUST-8311,PRD-560523,INV-25526124,,invalid_receipt,train,Invalid Claim,Smartphone,TechCorp,SP-200,TechMart,2024-11-20,1765.26,False,SN-S-415986,SN-S-415986,SN-S-415986,SN-S-415986,SN-S-415986,Matched,SP-200,SP-200,SP-200,SP-200,TechCorp Warranty Services,2024-11-20,2025-11-20,12,276,Active,Active,False,2025-02-09,2025-02-17,,,89,8,Charging Port Failure,Charging connector failure under normal usage.,None,False,False,False,True,No previous repairs,0,False,0,False,True,False,True,True,True,True,True,,0,False,False,True,False,False,,False,True,False,False
CLM-603895,CUST-9192,PRD-503763,INV-30679969,,expired_warranty,train,Invalid Claim,Smartphone,TechCorp,SP-100,TechMart,2024-06-02,787.21,True,SN-S-565330,SN-S-565330,SN-S-565330,SN-S-565330,SN-S-565330,Matched,SP-100,SP-100,SP-100,SP-100,TechCorp Warranty Services,2024-06-02,2025-06-02,12,-152,Expired,Expired,False,2025-10-08,2025-11-01,,,517,24,Manufacturing Defect,Internal motherboard defect causing bootloop.,None,False,False,False,True,No previous repairs,0,False,0,False,True,True,True,True,True,True,True,,0,True,True,True,False,False,,False,True,False,False
CLM-604481,CUST-1925,PRD-566927,INV-96538031,,borderline_reporting,train,Manual Review,Laptop,UltraTech,LP-500,OfficeDirect,2023-09-25,2439.8,True,SN-L-899816,SN-L-899816,SN-L-899816,SN-L-899816,SN-L-899816,Matched,LP-500,LP-500,LP-500,LP-500,UltraTech Warranty Services,2023-09-25,2025-09-25,24,0,Active,Active,False,2025-09-23,2025-09-25,,,731,2,Keyboard Failure,Multiple keys non-functional.,None,False,False,False,True,Claim submitted on warranty expiry boundary,0,False,0,False,True,True,True,True,True,True,True,,0,True,True,True,False,False,,False,False,True,True
CLM-605385,CUST-9834,PRD-174755,INV-27758595,,standard_covered,train,Valid Claim,Television,VisionMax,TV-65Q,Home Screen,2024-11-16,2573.23,True,SN-T-392004,SN-T-392004,SN-T-392004,SN-T-392004,SN-T-392004,Matched,TV-65Q,TV-65Q,TV-65Q,TV-65Q,VisionMax Warranty Services,2024-11-16,2026-05-16,18,388,Active,Active,False,2025-03-25,2025-04-23,,,158,29,Power Supply Failure,Internal power board failure.,None,False,False,False,True,No previous repairs,0,False,0,False,True,True,True,True,True,True,True,,0,True,True,True,False,False,,False,False,False,False
CLM-605625,CUST-4770,PRD-698738,INV-91478884,,standard_covered,train,Valid Claim,Smartphone,MobileX,SP-200,TechMart,2023-02-20,2836.47,True,SN-S-693419,SN-S-693419,SN-S-693419,SN-S-693419,SN-S-693419,Matched,SP-200,SP-200,SP-200,SP-200,MobileX Warranty Services,2023-02-20,2024-02-20,12,191,Active,Active,False,2023-08-05,2023-08-13,,,174,8,Charging Port Failure,Charging connector failure under normal usage.,None,False,False,False,True,No previous repairs,0,False,0,False,True,True,True,True,True,True,True,,0,True,True,True,False,False,,False,False,False,False
CLM-608950,CUST-2196,PRD-114097,INV-36363828,DUP-714127,duplicate_claim,train,Manual Review,Laptop,OmniLap,LP-900,PC World,2024-07-03,1752.3,True,SN-L-203043,SN-L-203043,SN-L-203043,SN-L-203043,SN-L-203043,Matched,LP-900,LP-900,LP-900,LP-900,OmniLap Warranty Services,2024-07-03,2026-07-03,24,518,Active,Active,False,2025-01-02,2025-01-31,,,212,29,Motherboard Defect,Component failure on main board.,None,False,False,False,True,No previous repairs,0,False,0,False,True,True,True,True,True,True,True,,0,True,True,True,True,False,,False,False,False,True
CLM-609462,CUST-7148,PRD-736756,INV-52088657,,replacement_not_eligible,train,Invalid Claim,Laptop,UltraTech,LP-500,PC World,2023-03-20,2272.4,True,SN-L-756075,SN-L-756075,SN-L-756075,SN-L-756075,SN-L-756075,Matched,LP-500,LP-500,LP-500,LP-500,UltraTech Warranty Services,2023-03-20,2025-03-20,24,587,Active,Active,False,2023-07-31,2023-08-11,2023-07-21,,144,11,Keyboard Failure,Multiple keys non-functional.,None,False,False,False,True,Replacement requested before policy repair threshold,2,False,0,True,True,True,True,True,True,True,True,,0,True,True,True,False,False,,False,True,False,False
CLM-609573,CUST-3350,PRD-134783,INV-23930806,,contradictory_information,train,Manual Review,Laptop,ProBook,LP-Pro,Digital Bazaar,2023-11-26,2442.46,True,SN-L-278169,SN-L-278169,SN-L-278169,SN-L-278169,SN-L-278169,Matched,LP-Pro,LP-Pro,LP-Pro,LP-Pro,ProBook Warranty Services,2023-11-26,2025-11-26,24,718,Active,Active,False,2023-11-18,2023-12-09,,,13,21,Display Failure,Reported fault date predates the purchase date.,None,False,False,False,True,No previous repairs,0,False,0,False,True,True,True,True,True,True,True,,0,False,False,True,False,True,Fault date before purchase date,False,False,False,True
CLM-611626,CUST-8598,PRD-309594,INV-28605786,,excluded_damage,train,Invalid Claim,Laptop,OmniLap,LP-900,OfficeDirect,2024-04-15,3078.57,True,SN-L-837468,SN-L-837468,SN-L-837468,SN-L-837468,SN-L-837468,Matched,LP-900,LP-900,LP-900,LP-900,OmniLap Warranty Services,2024-04-15,2026-04-15,24,575,Active,Active,False,2024-08-07,2024-09-17,,,155,41,Physical Damage,Hinge broken or chassis damage.,Physical Impact,True,False,False,True,No previous repairs,0,False,0,False,True,True,True,True,True,True,True,,0,True,True,True,False,False,,False,True,False,False
CLM-613146,CUST-7693,PRD-231417,INV-69610531,,service_center_unclear,train,Manual Review,Laptop,OmniLap,LP-900,PC World,2023-08-26,1632.47,True,SN-L-323753,SN-L-323753,SN-L-323753,SN-L-323753,SN-L-323753,Matched,LP-900,LP-900,LP-900,LP-900,OmniLap Warranty Services,2023-08-26,2025-08-26,24,553,Active,Active,False,2024-01-11,2024-02-20,2023-12-22,,178,40,Motherboard Defect,Component failure on main board.,None,False,False,False,False,Service-center authorization is unclear,1,False,0,False,True,True,True,True,True,True,True,,0,True,True,True,False,False,,False,False,False,True
CLM-613399,CUST-5802,PRD-422920,INV-21503407,,invalid_receipt,train,Invalid Claim,Laptop,UltraTech,LP-900,Digital Bazaar,2023-04-22,1415.39,False,SN-L-754753,SN-L-754753,SN-L-754753,SN-L-754753,SN-L-754753,Matched,LP-900,LP-900,LP-900,LP-900,UltraTech Warranty Services,2023-04-22,2025-04-22,24,673,Active,Active,False,2023-05-28,2023-06-19,,,58,22,Keyboard Failure,Multiple keys non-functional.,None,False,False,False,True,No previous repairs,0,False,0,False,True,False,True,True,True,True,True,,0,False,False,True,False,False,,False,True,False,False
CLM-614703,CUST-3185,PRD-479597,INV-15950635,,standard_covered,train,Valid Claim,Smartphone,TechCorp,SP-200,TechMart,2024-11-03,1330.2,True,SN-S-868544,SN-S-868544,SN-S-868544,SN-S-868544,SN-S-868544,Matched,SP-200,SP-200,SP-200,SP-200,TechCorp Warranty Services,2024-11-03,2025-11-03,12,164,Active,Active,False,2025-05-12,2025-05-23,,,201,11,Manufacturing Defect,Internal motherboard defect causing bootloop.,None,False,False,False,True,No previous repairs,0,False,0,False,True,True,True,True,True,True,True,,0,True,True,True,False,False,,False,False,False,False
CLM-617843,CUST-4995,PRD-499674,INV-72372114,,standard_covered,train,Valid Claim,Television,ViewOptics,TV-55OLED,Home Screen,2023-03-30,2059.0,True,SN-T-971084,SN-T-971084,SN-T-971084,SN-T-971084,SN-T-971084,Matched,TV-55OLED,TV-55OLED,TV-55OLED,TV-55OLED,ViewOptics Warranty Services,2023-03-30,2024-09-30,18,278,Active,Active,False,2023-12-05,2023-12-27,,,272,22,Power Supply Failure,Internal power board failure.,None,False,False,False,True,No previous repairs,0,False,0,False,True,True,True,True,True,True,True,,0,True,True,True,False,False,,False,False,False,False
CLM-619582,CUST-4211,PRD-968253,INV-12884611,,unauthorized_repair,train,Invalid Claim,Smartphone,MobileX,SP-X,TechMart,2024-07-21,739.86,True,SN-S-456324,SN-S-456324,SN-S-456324,SN-S-456324,SN-S-456324,Matched,SP-X,SP-X,SP-X,SP-X,MobileX Warranty Services,2024-07-21,2025-07-21,12,319,Active,Active,False,2024-09-04,2024-09-05,,,46,1,Screen Defect (Non-Impact),Touch failure or dead pixels with no physical drop.,Unauthorized Modification,False,False,True,False,Unauthorized repair reported,0,False,0,False,True,True,True,True,True,True,True,,0,True,True,True,False,False,,False,True,False,True
CLM-619618,CUST-3441,PRD-682985,INV-45652586,,standard_covered,train,Valid Claim,Television,CineDisplay,TV-65Q,Home Screen,2023-04-28,2919.21,True,SN-T-545790,SN-T-545790,SN-T-545790,SN-T-545790,SN-T-545790,Matched,TV-65Q,TV-65Q,TV-65Q,TV-65Q,CineDisplay Warranty Services,2023-04-28,2024-10-28,18,411,Active,Active,False,2023-09-10,2023-09-13,,,138,3,Main Board Defect,Smart hub system failure.,None,False,False,False,True,No previous repairs,0,False,0,False,True,True,True,True,True,True,True,,0,True,True,True,False,False,,False,False,False,False
CLM-620983,CUST-8296,PRD-662569,INV-58149482,,extended_warranty,train,Valid Claim,Laptop,UltraTech,LP-500,Digital Bazaar,2023-12-06,2745.47,True,SN-L-868577,SN-L-868577,SN-L-868577,SN-L-868577,SN-L-868577,Matched,LP-500,LP-500,LP-500,LP-500,UltraTech Warranty Services,2023-12-06,2026-12-06,36,808,Active,Active,True,2024-08-18,2024-09-19,,,288,32,Factory SSD Failure,Primary storage failure.,None,False,False,False,True,No previous repairs,0,False,0,False,True,True,True,True,True,True,True,,0,True,True,True,False,False,,False,False,False,False
CLM-621250,CUST-5344,PRD-498858,INV-16379551,,excluded_damage,train,Invalid Claim,Laptop,ProBook,LP-900,Digital Bazaar,2023-03-19,1146.02,True,SN-L-988494,SN-L-988494,SN-L-988494,SN-L-988494,SN-L-988494,Matched,LP-900,LP-900,LP-900,LP-900,ProBook Warranty Services,2023-03-19,2025-03-19,24,614,Active,Active,False,2023-06-04,2023-07-14,,,117,40,Liquid Damage,Liquid spill marks internal.,Liquid Contact,False,True,False,True,No previous repairs,0,False,0,False,True,True,True,True,True,True,True,,0,True,True,True,False,False,,False,True,False,False
CLM-623226,CUST-2968,PRD-981373,INV-85726861,,missing_mandatory_document,train,Manual Review,Television,ViewOptics,TV-55OLED,Vision Retail,2023-01-29,1454.59,True,SN-T-255363,SN-T-255363,SN-T-255363,SN-T-255363,SN-T-255363,Matched,TV-55OLED,TV-55OLED,TV-55OLED,TV-55OLED,ViewOptics Warranty Services,2023-01-29,2024-07-29,18,274,Active,Active,False,2023-10-10,2023-10-29,,,273,19,Power Supply Failure,Internal power board failure.,None,False,False,False,True,No previous repairs,0,False,0,False,False,True,True,False,True,True,True,Purchase Receipt|Product ID Tag Photo,2,False,False,True,False,False,,False,False,False,True
CLM-624385,CUST-2007,PRD-749994,INV-22151134,,expired_warranty,train,Invalid Claim,Television,VisionMax,TV-65Q,Electro Store,2024-01-24,879.0,True,SN-T-908812,SN-T-908812,SN-T-908812,SN-T-908812,SN-T-908812,Matched,TV-65Q,TV-65Q,TV-65Q,TV-65Q,VisionMax Warranty Services,2024-01-24,2025-07-24,18,-30,Expired,Expired,False,2025-07-29,2025-08-23,,,577,25,Power Supply Failure,Internal power board failure.,None,False,False,False,True,No previous repairs,0,False,0,False,True,True,True,True,True,True,True,,0,True,True,True,False,False,,False,True,False,False
CLM-624509,CUST-4706,PRD-519403,INV-43644452,DUP-879286,duplicate_claim,train,Manual Review,Laptop,ProBook,LP-Pro,PC World,2024-09-21,768.5,True,SN-L-396012,SN-L-396012,SN-L-396012,SN-L-396012,SN-L-396012,Matched,LP-Pro,LP-Pro,LP-Pro,LP-Pro,ProBook Warranty Services,2024-09-21,2026-09-21,24,540,Active,Active,False,2025-02-15,2025-03-30,,,190,43,Motherboard Defect,Component failure on main board.,None,False,False,False,True,No previous repairs,0,False,0,False,True,True,True,True,True,True,True,,0,True,True,True,True,False,,False,False,False,True
CLM-624914,CUST-9723,PRD-430209,INV-70245170,,unauthorized_repair,train,Invalid Claim,Television,CineDisplay,TV-43U,Electro Store,2023-02-18,1209.41,True,SN-T-335455,SN-T-335455,SN-T-335455,SN-T-335455,SN-T-335455,Matched,TV-43U,TV-43U,TV-43U,TV-43U,CineDisplay Warranty Services,2023-02-18,2024-08-18,18,467,Active,Active,False,2023-04-28,2023-05-09,,,80,11,Power Supply Failure,Internal power board failure.,Unauthorized Modification,False,False,True,False,Unauthorized repair reported,0,False,0,False,True,True,True,True,True,True,True,,0,True,True,True,False,False,,False,True,False,True
CLM-625863,CUST-7705,PRD-371555,INV-84371711,,previous_authorized_repair,train,Valid Claim,Television,ViewOptics,TV-43U,Home Screen,2023-12-06,2568.83,True,SN-T-206176,SN-T-206176,SN-T-206176,SN-T-206176,SN-T-206176,Matched,TV-43U,TV-43U,TV-43U,TV-43U,ViewOptics Warranty Services,2023-12-06,2025-06-06,18,407,Active,Active,False,2024-04-01,2024-04-25,2024-03-18,,141,24,Display Panel Defect,Internal panel line defect.,None,False,False,False,True,One or more authorized repairs,1,False,0,False,True,True,True,True,True,True,True,,0,True,True,True,False,False,,False,False,False,False
CLM-626435,CUST-7981,PRD-574084,INV-70552489,,unauthorized_repair,train,Invalid Claim,Television,ViewOptics,TV-43U,Electro Store,2024-04-21,1716.3,True,SN-T-143141,SN-T-143141,SN-T-143141,SN-T-143141,SN-T-143141,Matched,TV-43U,TV-43U,TV-43U,TV-43U,ViewOptics Warranty Services,2024-04-21,2025-10-21,18,408,Active,Active,False,2024-08-13,2024-09-08,,,140,26,Main Board Defect,Smart hub system failure.,Unauthorized Modification,False,False,True,False,Unauthorized repair reported,0,False,0,False,True,True,True,True,True,True,True,,0,True,True,True,False,False,,False,True,False,True
CLM-629390,CUST-6741,PRD-750967,INV-19466596,,contradictory_information,train,Manual Review,Laptop,ProBook,LP-Pro,PC World,2024-08-28,908.12,True,SN-L-509992,SN-L-509992,SN-L-509992,SN-L-509992,SN-L-509992,Matched,LP-Pro,LP-Pro,LP-Pro,LP-Pro,ProBook Warranty Services,2024-08-28,2026-08-28,24,726,Active,Active,False,2024-07-29,2024-09-01,,,4,34,Keyboard Failure,Reported fault date predates the purchase date.,None,False,False,False,True,No previous repairs,0,False,0,False,True,True,True,True,True,True,True,,0,False,False,True,False,True,Fault date before purchase date,False,False,False,True
CLM-630188,CUST-5301,PRD-106154,INV-21419108,,expired_warranty,train,Invalid Claim,Television,VisionMax,TV-55OLED,Electro Store,2023-02-20,1485.07,True,SN-T-881519,SN-T-881519,SN-T-881519,SN-T-881519,SN-T-881519,Matched,TV-55OLED,TV-55OLED,TV-55OLED,TV-55OLED,VisionMax Warranty Services,2023-02-20,2024-08-20,18,-63,Expired,Expired,False,2024-09-27,2024-10-22,,,610,25,Main Board Defect,Smart hub system failure.,None,False,False,False,True,No previous repairs,0,False,0,False,True,True,True,True,True,True,True,,0,True,True,True,False,False,,False,True,False,False
CLM-631296,CUST-5915,PRD-476221,INV-71367643,,standard_covered,train,Valid Claim,Smartphone,ApexPhone,SP-X,City Electronics,2023-09-29,1209.19,True,SN-S-350280,SN-S-350280,SN-S-350280,SN-S-350280,SN-S-350280,Matched,SP-X,SP-X,SP-X,SP-X,ApexPhone Warranty Services,2023-09-29,2024-09-29,12,254,Active,Active,False,2023-12-25,2024-01-19,,,112,25,Charging Port Failure,Charging connector failure under normal usage.,None,False,False,False,True,No previous repairs,0,False,0,False,True,True,True,True,True,True,True,,0,True,True,True,False,False,,False,False,False,False
CLM-633981,CUST-7010,PRD-168879,INV-82751830,,near_expiry_boundary,train,Valid Claim,Smartphone,ApexPhone,SP-X,TechMart,2023-04-27,2905.75,True,SN-S-700534,SN-S-700534,SN-S-700534,SN-S-700534,SN-S-700534,Matched,SP-X,SP-X,SP-X,SP-X,ApexPhone Warranty Services,2023-04-27,2024-04-27,12,10,Active,Active,False,2024-04-10,2024-04-17,,,356,7,Battery Manufacturing Defect,Battery swelling or sudden degradation.,None,False,False,False,True,No previous repairs,0,False,0,False,True,True,True,True,True,True,True,,0,True,True,True,False,False,,False,False,False,False
CLM-634710,CUST-4302,PRD-627912,INV-91553176,,borderline_reporting,train,Manual Review,Smartphone,MobileX,SP-200,Mobile Hub,2024-06-07,1008.53,True,SN-S-492482,SN-S-492482,SN-S-492482,SN-S-492482,SN-S-492482,Matched,SP-200,SP-200,SP-200,SP-200,MobileX Warranty Services,2024-06-07,2025-06-07,12,0,Active,Active,False,2025-05-31,2025-06-07,,,365,7,Charging Port Failure,Charging connector failure under normal usage.,None,False,False,False,True,Claim submitted on warranty expiry boundary,0,False,0,False,True,True,True,True,True,True,True,,0,True,True,True,False,False,,False,False,True,True
CLM-634853,CUST-7866,PRD-747507,INV-59970552,,complex_covered,train,Valid Claim,Television,CineDisplay,TV-55OLED,Vision Retail,2024-05-25,1373.01,True,SN-T-292847,SN-T-292847,SN-T-292847,SN-T-292847,SN-T-292847,Matched,TV-55OLED,TV-55OLED,TV-55OLED,TV-55OLED,CineDisplay Warranty Services,2024-05-25,2025-11-25,18,409,Active,Active,False,2024-09-29,2024-10-12,2024-09-05,,140,13,Power Supply Failure,Internal power board failure. Additional diagnostic evidence supplied.,None,False,False,False,True,Complex repair history with supporting diagnostics,1,False,0,False,True,True,True,True,True,True,True,,0,True,True,True,False,False,,False,False,False,False
CLM-635714,CUST-2859,PRD-836549,INV-13088008,,contradictory_information,train,Manual Review,Television,VisionMax,TV-55OLED,Electro Store,2024-11-13,2866.03,True,SN-T-188914,SN-T-188914,SN-T-188914,SN-T-188914,SN-T-188914,Matched,TV-55OLED,TV-55OLED,TV-55OLED,TV-55OLED,VisionMax Warranty Services,2024-11-13,2026-05-13,18,472,Active,Active,False,2025-01-23,2025-01-26,2024-11-03,,74,3,Power Supply Failure,Internal power board failure.,None,False,False,False,True,Conflicting repair record predates purchase,1,False,0,False,True,True,True,True,True,True,True,,0,False,False,True,False,True,Repair date before purchase date,False,False,False,True
CLM-636819,CUST-8116,PRD-496886,INV-74450415,,invalid_receipt,train,Invalid Claim,Smartphone,ApexPhone,SP-100,TechMart,2023-12-17,1119.71,False,SN-S-811259,SN-S-811259,SN-S-811259,SN-S-811259,SN-S-811259,Matched,SP-100,SP-100,SP-100,SP-100,ApexPhone Warranty Services,2023-12-17,2024-12-17,12,300,Active,Active,False,2024-01-27,2024-02-21,,,66,25,Charging Port Failure,Charging connector failure under normal usage.,None,False,False,False,True,No previous repairs,0,False,0,False,True,False,True,True,True,True,True,,0,False,False,True,False,False,,False,True,False,False
CLM-636869,CUST-6304,PRD-782918,INV-30990005,DUP-594797,duplicate_claim,train,Manual Review,Television,VisionMax,TV-65Q,Vision Retail,2023-08-04,792.88,True,SN-T-739135,SN-T-739135,SN-T-739135,SN-T-739135,SN-T-739135,Matched,TV-65Q,TV-65Q,TV-65Q,TV-65Q,VisionMax Warranty Services,2023-08-04,2025-02-04,18,438,Active,Active,False,2023-11-11,2023-11-24,,,112,13,Main Board Defect,Smart hub system failure.,None,False,False,False,True,No previous repairs,0,False,0,False,True,True,True,True,True,True,True,,0,True,True,True,True,False,,False,False,False,True
CLM-636900,CUST-6793,PRD-333760,INV-99300492,,standard_covered,train,Valid Claim,Laptop,ProBook,LP-Pro,Digital Bazaar,2023-12-04,3302.79,True,SN-L-688967,SN-L-688967,SN-L-688967,SN-L-688967,SN-L-688967,Matched,LP-Pro,LP-Pro,LP-Pro,LP-Pro,ProBook Warranty Services,2023-12-04,2025-12-04,24,473,Active,Active,False,2024-07-21,2024-08-18,,,258,28,Motherboard Defect,Component failure on main board.,None,False,False,False,True,No previous repairs,0,False,0,False,True,True,True,True,True,True,True,,0,True,True,True,False,False,,False,False,False,False
CLM-638792,CUST-1207,PRD-433232,INV-28416255,,previous_authorized_repair,train,Valid Claim,Laptop,UltraTech,LP-Pro,Digital Bazaar,2023-11-13,2500.02,True,SN-L-157701,SN-L-157701,SN-L-157701,SN-L-157701,SN-L-157701,Matched,LP-Pro,LP-Pro,LP-Pro,LP-Pro,UltraTech Warranty Services,2023-11-13,2025-11-13,24,639,Active,Active,False,2024-02-02,2024-02-13,2024-01-17,,92,11,Keyboard Failure,Multiple keys non-functional.,None,False,False,False,True,One or more authorized repairs,2,False,0,False,True,True,True,True,True,True,True,,0,True,True,True,False,False,,False,False,False,False
CLM-642138,CUST-6085,PRD-148958,INV-96492401,,expired_warranty,train,Invalid Claim,Television,ViewOptics,TV-65Q,Home Screen,2024-04-24,2529.22,True,SN-T-197429,SN-T-197429,SN-T-197429,SN-T-197429,SN-T-197429,Matched,TV-65Q,TV-65Q,TV-65Q,TV-65Q,ViewOptics Warranty Services,2024-04-24,2025-10-24,18,-133,Expired,Expired,False,2026-02-26,2026-03-06,,,681,8,Display Panel Defect,Internal panel line defect.,None,False,False,False,True,No previous repairs,0,False,0,False,True,True,True,True,True,True,True,,0,True,True,True,False,False,,False,True,False,False
CLM-645072,CUST-5949,PRD-745394,INV-36738452,,standard_covered,train,Valid Claim,Laptop,UltraTech,LP-Pro,PC World,2024-03-10,3497.9,True,SN-L-769975,SN-L-769975,SN-L-769975,SN-L-769975,SN-L-769975,Matched,LP-Pro,LP-Pro,LP-Pro,LP-Pro,UltraTech Warranty Services,2024-03-10,2026-03-10,24,446,Active,Active,False,2024-11-18,2024-12-19,,,284,31,Display Failure,Backlight failure without screen crack.,None,False,False,False,True,No previous repairs,0,False,0,False,True,True,True,True,True,True,True,,0,True,True,True,False,False,,False,False,False,False
CLM-645884,CUST-3292,PRD-593882,INV-20526386,,near_expiry_boundary,train,Valid Claim,Television,VisionMax,TV-65Q,Vision Retail,2024-07-07,1827.66,True,SN-T-809922,SN-T-809922,SN-T-809922,SN-T-809922,SN-T-809922,Matched,TV-65Q,TV-65Q,TV-65Q,TV-65Q,VisionMax Warranty Services,2024-07-07,2026-01-07,18,3,Active,Active,False,2026-01-03,2026-01-04,,,546,1,Power Supply Failure,Internal power board failure.,None,False,False,False,True,No previous repairs,0,False,0,False,True,True,True,True,True,True,True,,0,True,True,True,False,False,,False,False,True,False
CLM-646050,CUST-1724,PRD-845119,INV-38351125,,serial_mismatch,train,Manual Review,Laptop,UltraTech,LP-500,Digital Bazaar,2023-05-22,1161.49,True,SN-L-341249,SN-L-456082,SN-L-341249,SN-L-341249,SN-L-341249,Mismatch,LP-500,LP-500,LP-500,LP-500,UltraTech Warranty Services,2023-05-22,2025-05-22,24,609,Active,Active,False,2023-09-15,2023-09-21,,,122,6,Factory SSD Failure,Primary storage failure.,None,False,False,False,True,No previous repairs,0,False,0,False,True,True,True,True,True,True,True,,0,False,False,True,False,True,Conflicting serial numbers,False,False,False,True
CLM-649653,CUST-3897,PRD-605108,INV-71928895,,serial_mismatch,train,Manual Review,Laptop,OmniLap,LP-900,PC World,2024-12-01,1825.72,True,SN-L-356950,SN-L-942726,SN-L-356950,SN-L-356950,SN-L-356950,Mismatch,LP-900,LP-900,LP-900,LP-900,OmniLap Warranty Services,2024-12-01,2026-12-01,24,579,Active,Active,False,2025-04-23,2025-05-01,,,151,8,Factory SSD Failure,Primary storage failure.,None,False,False,False,True,No previous repairs,0,False,0,False,True,True,True,True,True,True,True,,0,False,False,True,False,True,Conflicting serial numbers,False,False,False,True
CLM-649983,CUST-9085,PRD-773567,INV-65200819,,unauthorized_repair,train,Invalid Claim,Laptop,ProBook,LP-900,Digital Bazaar,2023-10-26,3474.51,True,SN-L-663858,SN-L-663858,SN-L-663858,SN-L-663858,SN-L-663858,Matched,LP-900,LP-900,LP-900,LP-900,ProBook Warranty Services,2023-10-26,2025-10-26,24,656,Active,Active,False,2023-12-16,2024-01-09,,,75,24,Motherboard Defect,Component failure on main board.,Unauthorized Modification,False,False,True,False,Unauthorized repair reported,0,False,0,False,True,True,True,True,True,True,True,,0,True,True,True,False,False,,False,True,False,True
CLM-651248,CUST-8826,PRD-142273,INV-19506414,,near_expiry_boundary,train,Valid Claim,Smartphone,TechCorp,SP-100,Mobile Hub,2023-05-04,916.97,True,SN-S-460263,SN-S-460263,SN-S-460263,SN-S-460263,SN-S-460263,Matched,SP-100,SP-100,SP-100,SP-100,TechCorp Warranty Services,2023-05-04,2024-05-04,12,5,Active,Active,False,2024-04-28,2024-04-29,,,361,1,Charging Port Failure,Charging connector failure under normal usage.,None,False,False,False,True,No previous repairs,0,False,0,False,True,True,True,True,True,True,True,,0,True,True,True,False,False,,False,False,True,False
CLM-651533,CUST-8279,PRD-371018,INV-31896876,,late_reporting,train,Invalid Claim,Smartphone,ApexPhone,SP-200,Mobile Hub,2023-07-27,1179.74,True,SN-S-189092,SN-S-189092,SN-S-189092,SN-S-189092,SN-S-189092,Matched,SP-200,SP-200,SP-200,SP-200,ApexPhone Warranty Services,2023-07-27,2024-07-27,12,309,Active,Active,False,2023-08-16,2023-09-22,,,57,37,Screen Defect (Non-Impact),Touch failure or dead pixels with no physical drop.,None,False,False,False,True,No previous repairs,0,False,0,False,True,True,True,True,True,True,True,,0,True,True,False,False,False,,False,True,False,False
CLM-651560,CUST-2982,PRD-381719,INV-91467062,,serial_mismatch,train,Manual Review,Smartphone,MobileX,SP-200,TechMart,2024-03-03,2317.75,True,SN-S-921079,SN-S-849484,SN-S-921079,SN-S-921079,SN-S-921079,Mismatch,SP-200,SP-200,SP-200,SP-200,MobileX Warranty Services,2024-03-03,2025-03-03,12,52,Active,Active,False,2024-12-23,2025-01-10,,,313,18,Battery Manufacturing Defect,Battery swelling or sudden degradation.,None,False,False,False,True,No previous repairs,0,False,0,False,True,True,True,True,True,True,True,,0,False,False,True,False,True,Conflicting serial numbers,False,False,False,True
CLM-654000,CUST-1660,PRD-665624,INV-38859601,,previous_authorized_repair,train,Valid Claim,Television,ViewOptics,TV-55OLED,Home Screen,2023-06-11,2950.35,True,SN-T-194813,SN-T-194813,SN-T-194813,SN-T-194813,SN-T-194813,Matched,TV-55OLED,TV-55OLED,TV-55OLED,TV-55OLED,ViewOptics Warranty Services,2023-06-11,2024-12-11,18,363,Active,Active,False,2023-12-03,2023-12-14,2023-11-26,,186,11,Main Board Defect,Smart hub system failure.,None,False,False,False,True,One or more authorized repairs,1,False,0,False,True,True,True,True,True,True,True,,0,True,True,True,False,False,,False,False,False,False
CLM-655364,CUST-9054,PRD-542488,INV-23182514,,previous_authorized_repair,train,Valid Claim,Television,ViewOptics,TV-43U,Vision Retail,2023-11-07,3407.86,True,SN-T-957091,SN-T-957091,SN-T-957091,SN-T-957091,SN-T-957091,Matched,TV-43U,TV-43U,TV-43U,TV-43U,ViewOptics Warranty Services,2023-11-07,2025-05-07,18,376,Active,Active,False,2024-04-18,2024-04-26,2024-04-04,,171,8,Power Supply Failure,Internal power board failure.,None,False,False,False,True,One or more authorized repairs,1,False,0,False,True,True,True,True,True,True,True,,0,True,True,True,False,False,,False,False,False,False
CLM-656387,CUST-2462,PRD-307183,INV-36017047,,missing_mandatory_document,train,Manual Review,Television,VisionMax,TV-65Q,Electro Store,2024-03-17,3234.17,True,SN-T-829605,SN-T-829605,SN-T-829605,SN-T-829605,SN-T-829605,Matched,TV-65Q,TV-65Q,TV-65Q,TV-65Q,VisionMax Warranty Services,2024-03-17,2025-09-17,18,411,Active,Active,False,2024-07-20,2024-08-02,,,138,13,Power Supply Failure,Internal power board failure.,None,False,False,False,True,No previous repairs,0,False,0,False,False,True,True,True,True,True,True,Purchase Receipt,1,False,False,True,False,False,,False,False,False,True
CLM-657322,CUST-8102,PRD-843881,INV-58612055,,standard_covered,train,Valid Claim,Smartphone,ApexPhone,SP-X,City Electronics,2024-03-06,2279.21,True,SN-S-113266,SN-S-113266,SN-S-113266,SN-S-113266,SN-S-113266,Matched,SP-X,SP-X,SP-X,SP-X,ApexPhone Warranty Services,2024-03-06,2025-03-06,12,264,Active,Active,False,2024-05-19,2024-06-15,,,101,27,Charging Port Failure,Charging connector failure under normal usage.,None,False,False,False,True,No previous repairs,0,False,0,False,True,True,True,True,True,True,True,,0,True,True,True,False,False,,False,False,False,False
CLM-659357,CUST-2584,PRD-625318,INV-62868861,,near_expiry_boundary,train,Valid Claim,Smartphone,ApexPhone,SP-200,Mobile Hub,2024-09-17,1400.21,True,SN-S-813449,SN-S-813449,SN-S-813449,SN-S-813449,SN-S-813449,Matched,SP-200,SP-200,SP-200,SP-200,ApexPhone Warranty Services,2024-09-17,2025-09-17,12,8,Active,Active,False,2025-08-28,2025-09-09,,,357,12,Manufacturing Defect,Internal motherboard defect causing bootloop.,None,False,False,False,True,No previous repairs,0,False,0,False,True,True,True,True,True,True,True,,0,True,True,True,False,False,,False,False,False,False
CLM-659393,CUST-4941,PRD-923771,INV-12226394,,missing_mandatory_document,train,Manual Review,Television,CineDisplay,TV-65Q,Home Screen,2024-04-17,3145.23,True,SN-T-254444,SN-T-254444,SN-T-254444,SN-T-254444,SN-T-254444,Matched,TV-65Q,TV-65Q,TV-65Q,TV-65Q,CineDisplay Warranty Services,2024-04-17,2025-10-17,18,466,Active,Active,False,2024-07-02,2024-07-08,,,82,6,Display Panel Defect,Internal panel line defect.,None,False,False,False,True,No previous repairs,0,False,0,False,False,True,True,False,True,True,True,Purchase Receipt|Product ID Tag Photo,2,False,False,True,False,False,,False,False,False,True
CLM-659538,CUST-3751,PRD-374647,INV-41708297,,service_center_unclear,train,Manual Review,Laptop,OmniLap,LP-Pro,Digital Bazaar,2023-10-23,207.56,True,SN-L-284490,SN-L-284490,SN-L-284490,SN-L-284490,SN-L-284490,Matched,LP-Pro,LP-Pro,LP-Pro,LP-Pro,OmniLap Warranty Services,2023-10-23,2025-10-23,24,619,Active,Active,False,2024-02-07,2024-02-12,2024-01-18,,112,5,Factory SSD Failure,Primary storage failure.,None,False,False,False,False,Service-center authorization is unclear,1,False,0,False,True,True,True,True,True,True,True,,0,True,True,True,False,False,,False,False,False,True
CLM-660133,CUST-9775,PRD-956137,INV-35566010,,near_expiry_boundary,train,Valid Claim,Television,VisionMax,TV-55OLED,Electro Store,2024-04-05,322.65,True,SN-T-182911,SN-T-182911,SN-T-182911,SN-T-182911,SN-T-182911,Matched,TV-55OLED,TV-55OLED,TV-55OLED,TV-55OLED,VisionMax Warranty Services,2024-04-05,2025-10-05,18,4,Active,Active,False,2025-09-11,2025-10-01,,,544,20,Power Supply Failure,Internal power board failure.,None,False,False,False,True,No previous repairs,0,False,0,False,True,True,True,True,True,True,True,,0,True,True,True,False,False,,False,False,True,False
CLM-660544,CUST-6286,PRD-200291,INV-40262109,,standard_covered,train,Valid Claim,Smartphone,TechCorp,SP-100,Mobile Hub,2023-11-08,1309.18,True,SN-S-260448,SN-S-260448,SN-S-260448,SN-S-260448,SN-S-260448,Matched,SP-100,SP-100,SP-100,SP-100,TechCorp Warranty Services,2023-11-08,2024-11-08,12,247,Active,Active,False,2024-02-18,2024-03-06,,,119,17,Screen Defect (Non-Impact),Touch failure or dead pixels with no physical drop.,None,False,False,False,True,No previous repairs,0,False,0,False,True,True,True,True,True,True,True,,0,True,True,True,False,False,,False,False,False,False
CLM-662349,CUST-5501,PRD-104633,INV-85839721,,borderline_reporting,train,Manual Review,Television,VisionMax,TV-65Q,Vision Retail,2024-05-29,1450.4,True,SN-T-172456,SN-T-172456,SN-T-172456,SN-T-172456,SN-T-172456,Matched,TV-65Q,TV-65Q,TV-65Q,TV-65Q,VisionMax Warranty Services,2024-05-29,2025-11-29,18,0,Active,Active,False,2025-11-19,2025-11-29,,,549,10,Display Panel Defect,Internal panel line defect.,None,False,False,False,True,Claim submitted on warranty expiry boundary,0,False,0,False,True,True,True,True,True,True,True,,0,True,True,True,False,False,,False,False,True,True
CLM-662357,CUST-7211,PRD-271302,INV-33357554,,standard_covered,train,Valid Claim,Laptop,UltraTech,LP-Pro,PC World,2023-05-11,2211.97,True,SN-L-681343,SN-L-681343,SN-L-681343,SN-L-681343,SN-L-681343,Matched,LP-Pro,LP-Pro,LP-Pro,LP-Pro,UltraTech Warranty Services,2023-05-11,2025-05-11,24,476,Active,Active,False,2024-01-01,2024-01-21,,,255,20,Keyboard Failure,Multiple keys non-functional.,None,False,False,False,True,No previous repairs,0,False,0,False,True,True,True,True,True,True,True,,0,True,True,True,False,False,,False,False,False,False
CLM-663945,CUST-8372,PRD-537786,INV-84953463,,unauthorized_repair,train,Invalid Claim,Television,VisionMax,TV-55OLED,Home Screen,2024-03-03,250.85,True,SN-T-549622,SN-T-549622,SN-T-549622,SN-T-549622,SN-T-549622,Matched,TV-55OLED,TV-55OLED,TV-55OLED,TV-55OLED,VisionMax Warranty Services,2024-03-03,2025-09-03,18,354,Active,Active,False,2024-08-17,2024-09-14,,,195,28,Display Panel Defect,Internal panel line defect.,Unauthorized Modification,False,False,True,False,Unauthorized repair reported,0,False,0,False,True,True,True,True,True,True,True,,0,True,True,True,False,False,,False,True,False,True
CLM-664553,CUST-8076,PRD-436190,INV-48894019,,expired_warranty,train,Invalid Claim,Laptop,ProBook,LP-Pro,Digital Bazaar,2024-04-01,2784.33,True,SN-L-511967,SN-L-511967,SN-L-511967,SN-L-511967,SN-L-511967,Matched,LP-Pro,LP-Pro,LP-Pro,LP-Pro,ProBook Warranty Services,2024-04-01,2026-04-01,24,-60,Expired,Expired,False,2026-05-09,2026-05-31,,,790,22,Motherboard Defect,Component failure on main board.,None,False,False,False,True,No previous repairs,0,False,0,False,True,True,True,True,True,True,True,,0,True,True,True,False,False,,False,True,False,False
CLM-666702,CUST-9771,PRD-263798,INV-52075215,,contradictory_information,train,Manual Review,Television,CineDisplay,TV-43U,Home Screen,2024-06-03,501.11,True,SN-T-922312,SN-T-922312,SN-T-922312,SN-T-922312,SN-T-922312,Matched,TV-43U,TV-43U,TV-43U,TV-43U,CineDisplay Warranty Services,2024-06-03,2025-12-03,18,404,Active,Active,False,2024-10-13,2024-10-25,2024-05-07,,144,12,Main Board Defect,Smart hub system failure.,None,False,False,False,True,Conflicting repair record predates purchase,1,False,0,False,True,True,True,True,True,True,True,,0,False,False,True,False,True,Repair date before purchase date,False,False,False,True
CLM-667799,CUST-3111,PRD-267073,INV-98981391,,contradictory_information,train,Manual Review,Smartphone,MobileX,SP-X,TechMart,2024-02-09,2459.82,True,SN-S-756971,SN-S-756971,SN-S-756971,SN-S-756971,SN-S-756971,Matched,SP-X,SP-X,SP-X,SP-X,MobileX Warranty Services,2024-02-09,2025-02-09,12,306,Active,Active,False,2024-04-03,2024-04-09,2024-01-10,,60,6,Manufacturing Defect,Internal motherboard defect causing bootloop.,None,False,False,False,True,Conflicting repair record predates purchase,1,False,0,False,True,True,True,True,True,True,True,,0,False,False,True,False,True,Repair date before purchase date,False,False,False,True
CLM-667881,CUST-4908,PRD-803327,INV-93332410,,expired_warranty,train,Invalid Claim,Television,CineDisplay,TV-43U,Vision Retail,2024-04-17,966.37,True,SN-T-658624,SN-T-658624,SN-T-658624,SN-T-658624,SN-T-658624,Matched,TV-43U,TV-43U,TV-43U,TV-43U,CineDisplay Warranty Services,2024-04-17,2025-10-17,18,-141,Expired,Expired,False,2026-02-22,2026-03-07,,,689,13,Power Supply Failure,Internal power board failure.,None,False,False,False,True,No previous repairs,0,False,0,False,True,True,True,True,True,True,True,,0,True,True,True,False,False,,False,True,False,False
CLM-669170,CUST-2062,PRD-384247,INV-32472549,,unauthorized_repair,train,Invalid Claim,Laptop,ProBook,LP-Pro,Digital Bazaar,2023-08-03,1853.86,True,SN-L-612743,SN-L-612743,SN-L-612743,SN-L-612743,SN-L-612743,Matched,LP-Pro,LP-Pro,LP-Pro,LP-Pro,ProBook Warranty Services,2023-08-03,2025-08-03,24,557,Active,Active,False,2023-12-31,2024-01-24,,,174,24,Motherboard Defect,Component failure on main board.,Unauthorized Modification,False,False,True,False,Unauthorized repair reported,0,False,0,False,True,True,True,True,True,True,True,,0,True,True,True,False,False,,False,True,False,True
CLM-669609,CUST-1721,PRD-122300,INV-65791626,,unauthorized_repair,train,Invalid Claim,Smartphone,ApexPhone,SP-100,TechMart,2024-11-11,1866.88,True,SN-S-201295,SN-S-201295,SN-S-201295,SN-S-201295,SN-S-201295,Matched,SP-100,SP-100,SP-100,SP-100,ApexPhone Warranty Services,2024-11-11,2025-11-11,12,251,Active,Active,False,2025-02-22,2025-03-05,,,114,11,Screen Defect (Non-Impact),Touch failure or dead pixels with no physical drop.,Unauthorized Modification,False,False,True,False,Unauthorized repair reported,0,False,0,False,True,True,True,True,True,True,True,,0,True,True,True,False,False,,False,True,False,True
CLM-669948,CUST-3525,PRD-328621,INV-66791272,,near_expiry_boundary,train,Valid Claim,Television,CineDisplay,TV-55OLED,Home Screen,2023-11-07,2793.41,True,SN-T-764100,SN-T-764100,SN-T-764100,SN-T-764100,SN-T-764100,Matched,TV-55OLED,TV-55OLED,TV-55OLED,TV-55OLED,CineDisplay Warranty Services,2023-11-07,2025-05-07,18,1,Active,Active,False,2025-04-20,2025-05-06,,,546,16,Display Panel Defect,Internal panel line defect.,None,False,False,False,True,No previous repairs,0,False,0,False,True,True,True,True,True,True,True,,0,True,True,True,False,False,,False,False,True,False
CLM-670653,CUST-3302,PRD-700414,INV-41680907,,excluded_damage,train,Invalid Claim,Smartphone,MobileX,SP-100,City Electronics,2024-11-18,524.97,True,SN-S-481088,SN-S-481088,SN-S-481088,SN-S-481088,SN-S-481088,Matched,SP-100,SP-100,SP-100,SP-100,MobileX Warranty Services,2024-11-18,2025-11-18,12,298,Active,Active,False,2025-01-07,2025-01-24,,,67,17,Unauthorized Repair,Device opened by third-party technician.,Unauthorized Modification,False,False,True,True,No previous repairs,0,False,0,False,True,True,True,True,True,True,True,,0,True,True,True,False,False,,False,True,False,False
CLM-670730,CUST-3560,PRD-872841,INV-78006116,,excluded_damage,train,Invalid Claim,Laptop,ProBook,LP-Pro,Digital Bazaar,2024-11-06,336.72,True,SN-L-614382,SN-L-614382,SN-L-614382,SN-L-614382,SN-L-614382,Matched,LP-Pro,LP-Pro,LP-Pro,LP-Pro,ProBook Warranty Services,2024-11-06,2026-11-06,24,574,Active,Active,False,2025-03-02,2025-04-11,,,156,40,Liquid Damage,Liquid spill marks internal.,Liquid Contact,False,True,False,True,No previous repairs,0,False,0,False,True,True,True,True,True,True,True,,0,True,True,True,False,False,,False,True,False,False
CLM-671192,CUST-8689,PRD-203957,INV-55241475,,service_center_unclear,train,Manual Review,Television,CineDisplay,TV-65Q,Electro Store,2024-11-07,454.81,True,SN-T-728455,SN-T-728455,SN-T-728455,SN-T-728455,SN-T-728455,Matched,TV-65Q,TV-65Q,TV-65Q,TV-65Q,CineDisplay Warranty Services,2024-11-07,2026-05-07,18,455,Active,Active,False,2025-01-19,2025-02-06,2024-12-30,,91,18,Main Board Defect,Smart hub system failure.,None,False,False,False,False,Service-center authorization is unclear,1,False,0,False,True,True,True,True,True,True,True,,0,True,True,True,False,False,,False,False,False,True
CLM-672919,CUST-6763,PRD-589968,INV-82177418,,contradictory_information,train,Manual Review,Laptop,ProBook,LP-Pro,OfficeDirect,2023-11-07,325.66,True,SN-L-149500,SN-L-149500,SN-L-149500,SN-L-149500,SN-L-149500,Matched,LP-Pro,LP-Pro,LP-Pro,LP-Pro,ProBook Warranty Services,2023-11-07,2025-11-07,24,564,Active,Active,False,2024-03-20,2024-04-22,2023-10-17,,167,33,Factory SSD Failure,Primary storage failure.,None,False,False,False,True,Conflicting repair record predates purchase,1,False,0,False,True,True,True,True,True,True,True,,0,False,False,True,False,True,Repair date before purchase date,False,False,False,True
CLM-674480,CUST-7084,PRD-235067,INV-22009789,,complex_covered,train,Valid Claim,Smartphone,MobileX,SP-100,TechMart,2024-08-18,983.22,True,SN-S-144033,SN-S-144033,SN-S-144033,SN-S-144033,SN-S-144033,Matched,SP-100,SP-100,SP-100,SP-100,MobileX Warranty Services,2024-08-18,2025-08-18,12,250,Active,Active,False,2024-11-25,2024-12-11,,,115,16,Charging Port Failure,Charging connector failure under normal usage. Additional diagnostic evidence supplied.,None,False,False,False,True,Complex repair history with supporting diagnostics,0,False,0,False,True,True,True,True,True,True,True,,0,True,True,True,False,False,,False,False,False,False
CLM-674531,CUST-7672,PRD-364867,INV-77589149,,late_reporting,train,Invalid Claim,Television,CineDisplay,TV-55OLED,Home Screen,2024-11-21,488.36,True,SN-T-836789,SN-T-836789,SN-T-836789,SN-T-836789,SN-T-836789,Matched,TV-55OLED,TV-55OLED,TV-55OLED,TV-55OLED,CineDisplay Warranty Services,2024-11-21,2026-05-21,18,489,Active,Active,False,2024-12-11,2025-01-17,,,57,37,Display Panel Defect,Internal panel line defect.,None,False,False,False,True,No previous repairs,0,False,0,False,True,True,True,True,True,True,True,,0,True,True,False,False,False,,False,True,False,False
CLM-675147,CUST-1158,PRD-165126,INV-28574987,,previous_authorized_repair,train,Valid Claim,Laptop,OmniLap,LP-900,PC World,2023-04-29,2372.24,True,SN-L-874415,SN-L-874415,SN-L-874415,SN-L-874415,SN-L-874415,Matched,LP-900,LP-900,LP-900,LP-900,OmniLap Warranty Services,2023-04-29,2025-04-29,24,677,Active,Active,False,2023-06-11,2023-06-22,2023-05-26,,54,11,Motherboard Defect,Component failure on main board.,None,False,False,False,True,One or more authorized repairs,2,False,0,False,True,True,True,True,True,True,True,,0,True,True,True,False,False,,False,False,False,False
CLM-675174,CUST-4165,PRD-867308,INV-47072327,,borderline_reporting,train,Manual Review,Television,ViewOptics,TV-65Q,Electro Store,2023-03-10,2534.89,True,SN-T-378928,SN-T-378928,SN-T-378928,SN-T-378928,SN-T-378928,Matched,TV-65Q,TV-65Q,TV-65Q,TV-65Q,ViewOptics Warranty Services,2023-03-10,2024-09-10,18,0,Active,Active,False,2024-09-08,2024-09-10,,,550,2,Power Supply Failure,Internal power board failure.,None,False,False,False,True,Claim submitted on warranty expiry boundary,0,False,0,False,True,True,True,True,True,True,True,,0,True,True,True,False,False,,False,False,True,True
CLM-675450,CUST-9998,PRD-359060,INV-27584297,,standard_covered,train,Valid Claim,Laptop,UltraTech,LP-Pro,PC World,2023-02-22,3257.7,True,SN-L-896907,SN-L-896907,SN-L-896907,SN-L-896907,SN-L-896907,Matched,LP-Pro,LP-Pro,LP-Pro,LP-Pro,UltraTech Warranty Services,2023-02-22,2025-02-22,24,546,Active,Active,False,2023-07-28,2023-08-26,,,185,29,Keyboard Failure,Multiple keys non-functional.,None,False,False,False,True,No previous repairs,0,False,0,False,True,True,True,True,True,True,True,,0,True,True,True,False,False,,False,False,False,False
CLM-676282,CUST-2561,PRD-968677,INV-84759271,,excluded_damage,train,Invalid Claim,Laptop,ProBook,LP-Pro,PC World,2024-03-09,346.82,True,SN-L-842866,SN-L-842866,SN-L-842866,SN-L-842866,SN-L-842866,Matched,LP-Pro,LP-Pro,LP-Pro,LP-Pro,ProBook Warranty Services,2024-03-09,2026-03-09,24,567,Active,Active,False,2024-07-27,2024-08-19,,,163,23,Physical Damage,Hinge broken or chassis damage.,Physical Impact,True,False,False,True,No previous repairs,0,False,0,False,True,True,True,True,True,True,True,,0,True,True,True,False,False,,False,True,False,False
CLM-676870,CUST-2198,PRD-243461,INV-49010740,,extended_warranty,train,Valid Claim,Smartphone,ApexPhone,SP-200,TechMart,2023-07-05,2400.15,True,SN-S-220190,SN-S-220190,SN-S-220190,SN-S-220190,SN-S-220190,Matched,SP-200,SP-200,SP-200,SP-200,ApexPhone Warranty Services,2023-07-05,2025-07-05,24,466,Active,Active,True,2024-03-17,2024-03-26,,,265,9,Manufacturing Defect,Internal motherboard defect causing bootloop.,None,False,False,False,True,No previous repairs,0,False,0,False,True,True,True,True,True,True,True,,0,True,True,True,False,False,,False,False,False,False
CLM-677454,CUST-1833,PRD-555898,INV-93935292,,extended_warranty,train,Valid Claim,Television,ViewOptics,TV-55OLED,Electro Store,2023-02-10,2212.29,True,SN-T-262325,SN-T-262325,SN-T-262325,SN-T-262325,SN-T-262325,Matched,TV-55OLED,TV-55OLED,TV-55OLED,TV-55OLED,ViewOptics Warranty Services,2023-02-10,2025-08-10,30,705,Active,Active,True,2023-08-14,2023-09-05,,,207,22,Display Panel Defect,Internal panel line defect.,None,False,False,False,True,No previous repairs,0,False,0,False,True,True,True,True,True,True,True,,0,True,True,True,False,False,,False,False,False,False
CLM-679038,CUST-6383,PRD-299073,INV-81621574,,standard_covered,train,Valid Claim,Laptop,ProBook,LP-900,PC World,2024-09-30,1423.03,True,SN-L-455007,SN-L-455007,SN-L-455007,SN-L-455007,SN-L-455007,Matched,LP-900,LP-900,LP-900,LP-900,ProBook Warranty Services,2024-09-30,2026-09-30,24,648,Active,Active,False,2024-11-30,2024-12-21,,,82,21,Factory SSD Failure,Primary storage failure.,None,False,False,False,True,No previous repairs,0,False,0,False,True,True,True,True,True,True,True,,0,True,True,True,False,False,,False,False,False,False
CLM-680404,CUST-6105,PRD-450771,INV-32233584,,replacement_not_eligible,train,Invalid Claim,Smartphone,MobileX,SP-100,TechMart,2023-10-15,2810.23,True,SN-S-820431,SN-S-820431,SN-S-820431,SN-S-820431,SN-S-820431,Matched,SP-100,SP-100,SP-100,SP-100,MobileX Warranty Services,2023-10-15,2024-10-15,12,260,Active,Active,False,2024-01-15,2024-01-29,2024-01-05,,106,14,Charging Port Failure,Charging connector failure under normal usage.,None,False,False,False,True,Replacement requested before policy repair threshold,1,False,0,True,True,True,True,True,True,True,True,,0,True,True,True,False,False,,False,True,False,False
CLM-680796,CUST-5254,PRD-134701,INV-35119175,,complex_covered,train,Valid Claim,Laptop,OmniLap,LP-500,PC World,2023-04-14,1987.69,True,SN-L-709231,SN-L-709231,SN-L-709231,SN-L-709231,SN-L-709231,Matched,LP-500,LP-500,LP-500,LP-500,OmniLap Warranty Services,2023-04-14,2025-04-14,24,510,Active,Active,False,2023-11-05,2023-11-21,2023-10-11,,221,16,Display Failure,Backlight failure without screen crack. Additional diagnostic evidence supplied.,None,False,False,False,True,Complex repair history with supporting diagnostics,2,False,0,False,True,True,True,True,True,True,True,,0,True,True,True,False,False,,False,False,False,False
CLM-682662,CUST-5738,PRD-729814,INV-32482565,,expired_warranty,train,Invalid Claim,Laptop,UltraTech,LP-Pro,Digital Bazaar,2024-03-07,268.34,True,SN-L-447617,SN-L-447617,SN-L-447617,SN-L-447617,SN-L-447617,Matched,LP-Pro,LP-Pro,LP-Pro,LP-Pro,UltraTech Warranty Services,2024-03-07,2026-03-07,24,-119,Expired,Expired,False,2026-05-28,2026-07-04,,,849,37,Display Failure,Backlight failure without screen crack.,None,False,False,False,True,No previous repairs,0,False,0,False,True,True,True,True,True,True,True,,0,True,True,True,False,False,,False,True,False,False
CLM-686411,CUST-5124,PRD-698822,INV-64649280,DUP-216941,duplicate_claim,train,Manual Review,Smartphone,ApexPhone,SP-200,Mobile Hub,2024-08-26,2164.54,True,SN-S-304261,SN-S-304261,SN-S-304261,SN-S-304261,SN-S-304261,Matched,SP-200,SP-200,SP-200,SP-200,ApexPhone Warranty Services,2024-08-26,2025-08-26,12,329,Active,Active,False,2024-09-15,2024-10-01,,,36,16,Charging Port Failure,Charging connector failure under normal usage.,None,False,False,False,True,No previous repairs,0,False,0,False,True,True,True,True,True,True,True,,0,True,True,True,True,False,,False,False,False,True
CLM-689112,CUST-9161,PRD-459337,INV-41776042,,expired_warranty,train,Invalid Claim,Smartphone,MobileX,SP-200,City Electronics,2023-07-10,2535.64,True,SN-S-336706,SN-S-336706,SN-S-336706,SN-S-336706,SN-S-336706,Matched,SP-200,SP-200,SP-200,SP-200,MobileX Warranty Services,2023-07-10,2024-07-10,12,-140,Expired,Expired,False,2024-10-28,2024-11-27,,,506,30,Charging Port Failure,Charging connector failure under normal usage.,None,False,False,False,True,No previous repairs,0,False,0,False,True,True,True,True,True,True,True,,0,True,True,True,False,False,,False,True,True,False
CLM-690452,CUST-8141,PRD-107784,INV-95199362,,standard_covered,train,Valid Claim,Smartphone,TechCorp,SP-200,Mobile Hub,2024-03-28,2877.72,True,SN-S-783157,SN-S-783157,SN-S-783157,SN-S-783157,SN-S-783157,Matched,SP-200,SP-200,SP-200,SP-200,TechCorp Warranty Services,2024-03-28,2025-03-28,12,250,Active,Active,False,2024-07-18,2024-07-21,,,115,3,Battery Manufacturing Defect,Battery swelling or sudden degradation.,None,False,False,False,True,No previous repairs,0,False,0,False,True,True,True,True,True,True,True,,0,True,True,True,False,False,,False,False,False,False
CLM-692942,CUST-3284,PRD-875585,INV-83948598,,excluded_damage,train,Invalid Claim,Smartphone,ApexPhone,SP-X,City Electronics,2023-04-26,541.53,True,SN-S-455136,SN-S-455136,SN-S-455136,SN-S-455136,SN-S-455136,Matched,SP-X,SP-X,SP-X,SP-X,ApexPhone Warranty Services,2023-04-26,2024-04-26,12,275,Active,Active,False,2023-07-11,2023-07-26,,,91,15,Liquid Damage,Liquid contact indicator triggered.,Liquid Contact,False,True,False,True,No previous repairs,0,False,0,False,True,True,True,True,True,True,True,,0,True,True,True,False,False,,False,True,False,False
CLM-692976,CUST-6681,PRD-116311,INV-57232974,,expired_warranty,train,Invalid Claim,Smartphone,ApexPhone,SP-200,City Electronics,2024-02-07,1340.52,True,SN-S-613731,SN-S-613731,SN-S-613731,SN-S-613731,SN-S-613731,Matched,SP-200,SP-200,SP-200,SP-200,ApexPhone Warranty Services,2024-02-07,2025-02-07,12,-82,Expired,Expired,False,2025-04-13,2025-04-30,,,448,17,Screen Defect (Non-Impact),Touch failure or dead pixels with no physical drop.,None,False,False,False,True,No previous repairs,0,False,0,False,True,True,True,True,True,True,True,,0,True,True,True,False,False,,False,True,False,False
CLM-693902,CUST-8165,PRD-877957,INV-44215552,,service_center_unclear,train,Manual Review,Smartphone,TechCorp,SP-200,City Electronics,2024-04-01,1316.57,True,SN-S-859356,SN-S-859356,SN-S-859356,SN-S-859356,SN-S-859356,Matched,SP-200,SP-200,SP-200,SP-200,TechCorp Warranty Services,2024-04-01,2025-04-01,12,259,Active,Active,False,2024-06-16,2024-07-16,2024-05-27,,106,30,Charging Port Failure,Charging connector failure under normal usage.,None,False,False,False,False,Service-center authorization is unclear,1,False,0,False,True,True,True,True,True,True,True,,0,True,True,True,False,False,,False,False,True,True
CLM-693954,CUST-9722,PRD-599760,INV-26735821,,invalid_receipt,train,Invalid Claim,Laptop,OmniLap,LP-Pro,Digital Bazaar,2024-05-06,1508.33,False,SN-L-243055,SN-L-243055,SN-L-243055,SN-L-243055,SN-L-243055,Matched,LP-Pro,LP-Pro,LP-Pro,LP-Pro,OmniLap Warranty Services,2024-05-06,2026-05-06,24,661,Active,Active,False,2024-07-13,2024-07-14,,,69,1,Factory SSD Failure,Primary storage failure.,None,False,False,False,True,No previous repairs,0,False,0,False,True,False,True,True,True,True,True,,0,False,False,True,False,False,,False,True,False,False
CLM-694707,CUST-2040,PRD-160114,INV-45950066,,excluded_damage,train,Invalid Claim,Television,CineDisplay,TV-43U,Electro Store,2024-03-08,3141.14,True,SN-T-119943,SN-T-119943,SN-T-119943,SN-T-119943,SN-T-119943,Matched,TV-43U,TV-43U,TV-43U,TV-43U,CineDisplay Warranty Services,2024-03-08,2025-09-08,18,484,Active,Active,False,2024-04-26,2024-05-12,,,65,16,Electrical Surge,High voltage power surge damage.,Electrical Surge,False,False,False,True,No previous repairs,0,False,0,False,True,True,True,True,True,True,True,,0,True,True,True,False,False,,False,True,False,False
CLM-695262,CUST-6456,PRD-276389,INV-36707338,DUP-883572,duplicate_claim,train,Manual Review,Laptop,ProBook,LP-500,PC World,2023-08-22,2420.19,True,SN-L-591075,SN-L-591075,SN-L-591075,SN-L-591075,SN-L-591075,Matched,LP-500,LP-500,LP-500,LP-500,ProBook Warranty Services,2023-08-22,2025-08-22,24,509,Active,Active,False,2024-03-14,2024-03-31,,,222,17,Factory SSD Failure,Primary storage failure.,None,False,False,False,True,No previous repairs,0,False,0,False,True,True,True,True,True,True,True,,0,True,True,True,True,False,,False,False,False,True
CLM-697911,CUST-8398,PRD-456823,INV-40667888,,standard_covered,train,Valid Claim,Laptop,UltraTech,LP-500,Digital Bazaar,2024-11-01,1536.28,True,SN-L-219971,SN-L-219971,SN-L-219971,SN-L-219971,SN-L-219971,Matched,LP-500,LP-500,LP-500,LP-500,UltraTech Warranty Services,2024-11-01,2026-11-01,24,460,Active,Active,False,2025-06-29,2025-07-29,,,270,30,Keyboard Failure,Multiple keys non-functional.,None,False,False,False,True,No previous repairs,0,False,0,False,True,True,True,True,True,True,True,,0,True,True,True,False,False,,False,False,False,False
CLM-699958,CUST-5135,PRD-924080,INV-53389073,,standard_covered,train,Valid Claim,Television,CineDisplay,TV-55OLED,Electro Store,2024-04-10,538.34,True,SN-T-138479,SN-T-138479,SN-T-138479,SN-T-138479,SN-T-138479,Matched,TV-55OLED,TV-55OLED,TV-55OLED,TV-55OLED,CineDisplay Warranty Services,2024-04-10,2025-10-10,18,342,Active,Active,False,2024-10-08,2024-11-02,,,206,25,Display Panel Defect,Internal panel line defect.,None,False,False,False,True,No previous repairs,0,False,0,False,True,True,True,True,True,True,True,,0,True,True,True,False,False,,False,False,False,False
CLM-700480,CUST-7655,PRD-634795,INV-58762794,,standard_covered,train,Valid Claim,Laptop,UltraTech,LP-Pro,PC World,2024-10-16,1868.84,True,SN-L-387892,SN-L-387892,SN-L-387892,SN-L-387892,SN-L-387892,Matched,LP-Pro,LP-Pro,LP-Pro,LP-Pro,UltraTech Warranty Services,2024-10-16,2026-10-16,24,628,Active,Active,False,2024-12-13,2025-01-26,,,102,44,Motherboard Defect,Component failure on main board.,None,False,False,False,True,No previous repairs,0,False,0,False,True,True,True,True,True,True,True,,0,True,True,True,False,False,,False,False,False,False
CLM-701715,CUST-7732,PRD-417386,INV-13012656,,extended_warranty,train,Valid Claim,Laptop,ProBook,LP-900,Digital Bazaar,2024-05-05,966.3,True,SN-L-602073,SN-L-602073,SN-L-602073,SN-L-602073,SN-L-602073,Matched,LP-900,LP-900,LP-900,LP-900,ProBook Warranty Services,2024-05-05,2027-05-05,36,984,Active,Active,True,2024-08-15,2024-08-24,,,111,9,Keyboard Failure,Multiple keys non-functional.,None,False,False,False,True,No previous repairs,0,False,0,False,True,True,True,True,True,True,True,,0,True,True,True,False,False,,False,False,False,False
CLM-703674,CUST-2723,PRD-886214,INV-47608285,,contradictory_information,train,Manual Review,Television,ViewOptics,TV-43U,Electro Store,2024-03-18,2971.79,True,SN-T-618554,SN-T-618554,SN-T-618554,SN-T-618554,SN-T-618554,Matched,TV-43U,TV-43U,TV-43U,TV-43U,ViewOptics Warranty Services,2024-03-18,2025-09-18,18,532,Active,Active,False,2024-02-26,2024-04-04,,,17,38,Power Supply Failure,Reported fault date predates the purchase date.,None,False,False,False,True,No previous repairs,0,False,0,False,True,True,True,True,True,True,True,,0,False,False,False,False,True,Fault date before purchase date,False,False,False,True
CLM-703849,CUST-8215,PRD-942078,INV-28039586,DUP-196598,duplicate_claim,train,Manual Review,Laptop,UltraTech,LP-500,OfficeDirect,2024-04-20,3020.67,True,SN-L-598796,SN-L-598796,SN-L-598796,SN-L-598796,SN-L-598796,Matched,LP-500,LP-500,LP-500,LP-500,UltraTech Warranty Services,2024-04-20,2026-04-20,24,395,Active,Active,False,2025-02-08,2025-03-21,,,335,41,Factory SSD Failure,Primary storage failure.,None,False,False,False,True,No previous repairs,0,False,0,False,True,True,True,True,True,True,True,,0,True,True,True,True,False,,False,False,False,True
CLM-704595,CUST-3608,PRD-527632,INV-34044459,,extended_warranty,train,Valid Claim,Smartphone,ApexPhone,SP-X,TechMart,2024-06-10,2047.3,True,SN-S-893988,SN-S-893988,SN-S-893988,SN-S-893988,SN-S-893988,Matched,SP-X,SP-X,SP-X,SP-X,ApexPhone Warranty Services,2024-06-10,2026-06-10,24,463,Active,Active,True,2025-02-13,2025-03-04,,,267,19,Screen Defect (Non-Impact),Touch failure or dead pixels with no physical drop.,None,False,False,False,True,No previous repairs,0,False,0,False,True,True,True,True,True,True,True,,0,True,True,True,False,False,,False,False,False,False
CLM-705652,CUST-7658,PRD-185230,INV-93303777,,standard_covered,train,Valid Claim,Television,ViewOptics,TV-43U,Electro Store,2024-11-13,2660.75,True,SN-T-361650,SN-T-361650,SN-T-361650,SN-T-361650,SN-T-361650,Matched,TV-43U,TV-43U,TV-43U,TV-43U,ViewOptics Warranty Services,2024-11-13,2026-05-13,18,315,Active,Active,False,2025-06-02,2025-07-02,,,231,30,Display Panel Defect,Internal panel line defect.,None,False,False,False,True,No previous repairs,0,False,0,False,True,True,True,True,True,True,True,,0,True,True,True,False,False,,False,False,True,False
CLM-706236,CUST-3205,PRD-773576,INV-76951647,,extended_warranty,train,Valid Claim,Laptop,OmniLap,LP-Pro,OfficeDirect,2024-04-06,164.53,True,SN-L-909652,SN-L-909652,SN-L-909652,SN-L-909652,SN-L-909652,Matched,LP-Pro,LP-Pro,LP-Pro,LP-Pro,OmniLap Warranty Services,2024-04-06,2027-04-06,36,813,Active,Active,True,2025-01-09,2025-01-13,,,282,4,Factory SSD Failure,Primary storage failure.,None,False,False,False,True,No previous repairs,0,False,0,False,True,True,True,True,True,True,True,,0,True,True,True,False,False,,False,False,False,False
CLM-706435,CUST-5862,PRD-563068,INV-42706202,,contradictory_information,train,Manual Review,Television,VisionMax,TV-43U,Vision Retail,2023-08-10,3381.38,True,SN-T-779367,SN-T-779367,SN-T-779367,SN-T-779367,SN-T-779367,Matched,TV-43U,TV-43U,TV-43U,TV-43U,VisionMax Warranty Services,2023-08-10,2025-02-10,18,388,Active,Active,False,2024-01-04,2024-01-19,2023-07-23,,162,15,Display Panel Defect,Internal panel line defect.,None,False,False,False,True,Conflicting repair record predates purchase,1,False,0,False,True,True,True,True,True,True,True,,0,False,False,True,False,True,Repair date before purchase date,False,False,False,True
CLM-708446,CUST-6443,PRD-750579,INV-93240786,,near_expiry_boundary,train,Valid Claim,Laptop,ProBook,LP-900,OfficeDirect,2023-11-08,1422.63,True,SN-L-242071,SN-L-242071,SN-L-242071,SN-L-242071,SN-L-242071,Matched,LP-900,LP-900,LP-900,LP-900,ProBook Warranty Services,2023-11-08,2025-11-08,24,6,Active,Active,False,2025-10-22,2025-11-02,,,725,11,Motherboard Defect,Component failure on main board.,None,False,False,False,True,No previous repairs,0,False,0,False,True,True,True,True,True,True,True,,0,True,True,True,False,False,,False,False,True,False
CLM-708761,CUST-7834,PRD-567944,INV-10761353,DUP-969512,duplicate_claim,train,Manual Review,Television,CineDisplay,TV-55OLED,Vision Retail,2024-03-11,2703.45,True,SN-T-422979,SN-T-422979,SN-T-422979,SN-T-422979,SN-T-422979,Matched,TV-55OLED,TV-55OLED,TV-55OLED,TV-55OLED,CineDisplay Warranty Services,2024-03-11,2025-09-11,18,315,Active,Active,False,2024-10-18,2024-10-31,,,234,13,Main Board Defect,Smart hub system failure.,None,False,False,False,True,No previous repairs,0,False,0,False,True,True,True,True,True,True,True,,0,True,True,True,True,False,,False,False,False,True
CLM-709856,CUST-1601,PRD-144597,INV-88547299,,serial_mismatch,train,Manual Review,Laptop,OmniLap,LP-900,PC World,2024-10-19,1442.03,True,SN-L-909889,SN-L-696337,SN-L-909889,SN-L-909889,SN-L-909889,Mismatch,LP-900,LP-900,LP-900,LP-900,OmniLap Warranty Services,2024-10-19,2026-10-19,24,588,Active,Active,False,2025-02-03,2025-03-10,,,142,35,Factory SSD Failure,Primary storage failure.,None,False,False,False,True,No previous repairs,0,False,0,False,True,True,True,True,True,True,True,,0,False,False,True,False,True,Conflicting serial numbers,False,False,False,True
CLM-710582,CUST-2310,PRD-795458,INV-58262270,,invalid_receipt,train,Invalid Claim,Smartphone,MobileX,SP-X,City Electronics,2023-07-26,1484.12,False,SN-S-766478,SN-S-766478,SN-S-766478,SN-S-766478,SN-S-766478,Matched,SP-X,SP-X,SP-X,SP-X,MobileX Warranty Services,2023-07-26,2024-07-26,12,211,Active,Active,False,2023-12-13,2023-12-28,,,155,15,Battery Manufacturing Defect,Battery swelling or sudden degradation.,None,False,False,False,True,No previous repairs,0,False,0,False,True,False,True,True,True,True,True,,0,False,False,True,False,False,,False,True,False,False
CLM-710950,CUST-1120,PRD-102088,INV-78654208,,previous_authorized_repair,train,Valid Claim,Laptop,UltraTech,LP-900,OfficeDirect,2023-11-06,3498.09,True,SN-L-589368,SN-L-589368,SN-L-589368,SN-L-589368,SN-L-589368,Matched,LP-900,LP-900,LP-900,LP-900,UltraTech Warranty Services,2023-11-06,2025-11-06,24,635,Active,Active,False,2024-01-17,2024-02-10,2024-01-03,,96,24,Factory SSD Failure,Primary storage failure.,None,False,False,False,True,One or more authorized repairs,2,False,0,False,True,True,True,True,True,True,True,,0,True,True,True,False,False,,False,False,False,False
CLM-711284,CUST-9748,PRD-539399,INV-70305001,,expired_warranty,train,Invalid Claim,Laptop,OmniLap,LP-500,PC World,2023-03-06,3388.02,True,SN-L-507652,SN-L-507652,SN-L-507652,SN-L-507652,SN-L-507652,Matched,LP-500,LP-500,LP-500,LP-500,OmniLap Warranty Services,2023-03-06,2025-03-06,24,-36,Expired,Expired,False,2025-03-20,2025-04-11,,,767,22,Display Failure,Backlight failure without screen crack.,None,False,False,False,True,No previous repairs,0,False,0,False,True,True,True,True,True,True,True,,0,True,True,True,False,False,,False,True,False,False
CLM-711490,CUST-6071,PRD-525443,INV-83435357,,late_reporting,train,Invalid Claim,Smartphone,TechCorp,SP-X,Mobile Hub,2023-04-10,3056.24,True,SN-S-621690,SN-S-621690,SN-S-621690,SN-S-621690,SN-S-621690,Matched,SP-X,SP-X,SP-X,SP-X,TechCorp Warranty Services,2023-04-10,2024-04-10,12,311,Active,Active,False,2023-04-30,2023-06-04,,,55,35,Manufacturing Defect,Internal motherboard defect causing bootloop.,None,False,False,False,True,No previous repairs,0,False,0,False,True,True,True,True,True,True,True,,0,True,True,False,False,False,,False,True,False,False
CLM-712105,CUST-8240,PRD-752618,INV-17353632,,unauthorized_repair,train,Invalid Claim,Smartphone,TechCorp,SP-200,City Electronics,2023-03-08,1159.93,True,SN-S-988869,SN-S-988869,SN-S-988869,SN-S-988869,SN-S-988869,Matched,SP-200,SP-200,SP-200,SP-200,TechCorp Warranty Services,2023-03-08,2024-03-08,12,233,Active,Active,False,2023-07-16,2023-07-19,,,133,3,Screen Defect (Non-Impact),Touch failure or dead pixels with no physical drop.,Unauthorized Modification,False,False,True,False,Unauthorized repair reported,0,False,0,False,True,True,True,True,True,True,True,,0,True,True,True,False,False,,False,True,False,True
CLM-713374,CUST-8762,PRD-197678,INV-97710027,DUP-923982,duplicate_claim,train,Manual Review,Smartphone,TechCorp,SP-100,Mobile Hub,2023-06-10,2144.02,True,SN-S-794776,SN-S-794776,SN-S-794776,SN-S-794776,SN-S-794776,Matched,SP-100,SP-100,SP-100,SP-100,TechCorp Warranty Services,2023-06-10,2024-06-10,12,68,Active,Active,False,2024-03-20,2024-04-03,,,298,14,Battery Manufacturing Defect,Battery swelling or sudden degradation.,None,False,False,False,True,No previous repairs,0,False,0,False,True,True,True,True,True,True,True,,0,True,True,True,True,False,,False,False,False,True
CLM-713500,CUST-3375,PRD-153717,INV-51101815,DUP-917632,duplicate_claim,train,Manual Review,Laptop,OmniLap,LP-900,OfficeDirect,2024-04-28,1267.97,True,SN-L-375623,SN-L-375623,SN-L-375623,SN-L-375623,SN-L-375623,Matched,LP-900,LP-900,LP-900,LP-900,OmniLap Warranty Services,2024-04-28,2026-04-28,24,498,Active,Active,False,2024-11-23,2024-12-16,,,232,23,Display Failure,Backlight failure without screen crack.,None,False,False,False,True,No previous repairs,0,False,0,False,True,True,True,True,True,True,True,,0,True,True,True,True,False,,False,False,False,True
CLM-713523,CUST-5194,PRD-893830,INV-69330327,,late_reporting,train,Invalid Claim,Television,VisionMax,TV-43U,Electro Store,2024-04-16,2328.48,True,SN-T-909438,SN-T-909438,SN-T-909438,SN-T-909438,SN-T-909438,Matched,TV-43U,TV-43U,TV-43U,TV-43U,VisionMax Warranty Services,2024-04-16,2025-10-16,18,492,Active,Active,False,2024-05-06,2024-06-11,,,56,36,Power Supply Failure,Internal power board failure.,None,False,False,False,True,No previous repairs,0,False,0,False,True,True,True,True,True,True,True,,0,True,True,False,False,False,,False,True,False,False
CLM-714852,CUST-1598,PRD-592692,INV-71655384,,expired_warranty,train,Invalid Claim,Laptop,OmniLap,LP-900,PC World,2023-04-11,1448.42,True,SN-L-250255,SN-L-250255,SN-L-250255,SN-L-250255,SN-L-250255,Matched,LP-900,LP-900,LP-900,LP-900,OmniLap Warranty Services,2023-04-11,2025-04-11,24,-35,Expired,Expired,False,2025-05-15,2025-05-16,,,766,1,Keyboard Failure,Multiple keys non-functional.,None,False,False,False,True,No previous repairs,0,False,0,False,True,True,True,True,True,True,True,,0,True,True,True,False,False,,False,True,False,False
CLM-716296,CUST-7722,PRD-873364,INV-35350367,,serial_mismatch,train,Manual Review,Smartphone,ApexPhone,SP-100,Mobile Hub,2024-01-28,2282.0,True,SN-S-203099,SN-S-335082,SN-S-203099,SN-S-203099,SN-S-203099,Mismatch,SP-100,SP-100,SP-100,SP-100,ApexPhone Warranty Services,2024-01-28,2025-01-28,12,112,Active,Active,False,2024-09-18,2024-10-08,,,254,20,Charging Port Failure,Charging connector failure under normal usage.,None,False,False,False,True,No previous repairs,0,False,0,False,True,True,True,True,True,True,True,,0,False,False,True,False,True,Conflicting serial numbers,False,False,False,True
CLM-717224,CUST-5282,PRD-608679,INV-70762792,,unauthorized_repair,train,Invalid Claim,Laptop,OmniLap,LP-900,PC World,2024-09-17,1064.59,True,SN-L-321092,SN-L-321092,SN-L-321092,SN-L-321092,SN-L-321092,Matched,LP-900,LP-900,LP-900,LP-900,OmniLap Warranty Services,2024-09-17,2026-09-17,24,606,Active,Active,False,2024-12-28,2025-01-19,,,124,22,Display Failure,Backlight failure without screen crack.,Unauthorized Modification,False,False,True,False,Unauthorized repair reported,0,False,0,False,True,True,True,True,True,True,True,,0,True,True,True,False,False,,False,True,False,True
CLM-717426,CUST-7116,PRD-181526,INV-44044361,,standard_covered,train,Valid Claim,Television,CineDisplay,TV-43U,Vision Retail,2023-02-14,2653.51,True,SN-T-592972,SN-T-592972,SN-T-592972,SN-T-592972,SN-T-592972,Matched,TV-43U,TV-43U,TV-43U,TV-43U,CineDisplay Warranty Services,2023-02-14,2024-08-14,18,317,Active,Active,False,2023-09-20,2023-10-02,,,230,12,Main Board Defect,Smart hub system failure.,None,False,False,False,True,No previous repairs,0,False,0,False,True,True,True,True,True,True,True,,0,True,True,True,False,False,,False,False,False,False
CLM-718288,CUST-1301,PRD-720084,INV-60547291,,expired_warranty,train,Invalid Claim,Television,CineDisplay,TV-55OLED,Electro Store,2024-09-29,2103.07,True,SN-T-606489,SN-T-606489,SN-T-606489,SN-T-606489,SN-T-606489,Matched,TV-55OLED,TV-55OLED,TV-55OLED,TV-55OLED,CineDisplay Warranty Services,2024-09-29,2026-03-29,18,-141,Expired,Expired,False,2026-08-15,2026-08-17,,,687,2,Main Board Defect,Smart hub system failure.,None,False,False,False,True,No previous repairs,0,False,0,False,True,True,True,True,True,True,True,,0,True,True,True,False,False,,False,True,False,False
CLM-718909,CUST-6199,PRD-924705,INV-61272646,,unauthorized_repair,train,Invalid Claim,Laptop,ProBook,LP-900,PC World,2024-02-29,1011.55,True,SN-L-289276,SN-L-289276,SN-L-289276,SN-L-289276,SN-L-289276,Matched,LP-900,LP-900,LP-900,LP-900,ProBook Warranty Services,2024-02-29,2026-02-28,24,650,Active,Active,False,2024-04-14,2024-05-19,,,80,35,Motherboard Defect,Component failure on main board.,Unauthorized Modification,False,False,True,False,Unauthorized repair reported,0,False,0,False,True,True,True,True,True,True,True,,0,True,True,True,False,False,,False,True,False,True
CLM-719016,CUST-4504,PRD-782581,INV-60340113,,expired_warranty,train,Invalid Claim,Smartphone,ApexPhone,SP-200,Mobile Hub,2024-09-15,2715.12,True,SN-S-439162,SN-S-439162,SN-S-439162,SN-S-439162,SN-S-439162,Matched,SP-200,SP-200,SP-200,SP-200,ApexPhone Warranty Services,2024-09-15,2025-09-15,12,-82,Expired,Expired,False,2025-11-24,2025-12-06,,,447,12,Screen Defect (Non-Impact),Touch failure or dead pixels with no physical drop.,None,False,False,False,True,No previous repairs,0,False,0,False,True,True,True,True,True,True,True,,0,True,True,True,False,False,,False,True,False,False
CLM-719548,CUST-8447,PRD-401681,INV-76214520,,replacement_not_eligible,train,Invalid Claim,Laptop,OmniLap,LP-900,PC World,2023-02-18,2993.05,True,SN-L-742064,SN-L-742064,SN-L-742064,SN-L-742064,SN-L-742064,Matched,LP-900,LP-900,LP-900,LP-900,OmniLap Warranty Services,2023-02-18,2025-02-18,24,570,Active,Active,False,2023-07-05,2023-07-29,2023-06-25,,161,24,Factory SSD Failure,Primary storage failure.,None,False,False,False,True,Replacement requested before policy repair threshold,2,False,0,True,True,True,True,True,True,True,True,,0,True,True,True,False,False,,False,True,False,False
CLM-720419,CUST-8915,PRD-962892,INV-49398948,,invalid_receipt,train,Invalid Claim,Laptop,OmniLap,LP-500,Digital Bazaar,2023-05-01,1036.92,False,SN-L-992104,SN-L-992104,SN-L-992104,SN-L-992104,SN-L-992104,Matched,LP-500,LP-500,LP-500,LP-500,OmniLap Warranty Services,2023-05-01,2025-05-01,24,597,Active,Active,False,2023-08-29,2023-09-12,,,134,14,Display Failure,Backlight failure without screen crack.,None,False,False,False,True,No previous repairs,0,False,0,False,True,False,True,True,True,True,True,,0,False,False,True,False,False,,False,True,False,False
CLM-720808,CUST-8966,PRD-493669,INV-26718600,,service_center_unclear,train,Manual Review,Television,CineDisplay,TV-43U,Home Screen,2024-08-07,470.54,True,SN-T-195606,SN-T-195606,SN-T-195606,SN-T-195606,SN-T-195606,Matched,TV-43U,TV-43U,TV-43U,TV-43U,CineDisplay Warranty Services,2024-08-07,2026-02-07,18,459,Active,Active,False,2024-10-28,2024-11-05,2024-10-08,,90,8,Main Board Defect,Smart hub system failure.,None,False,False,False,False,Service-center authorization is unclear,1,False,0,False,True,True,True,True,True,True,True,,0,True,True,True,False,False,,False,False,False,True
CLM-721166,CUST-2989,PRD-292812,INV-11604831,,previous_authorized_repair,train,Valid Claim,Laptop,OmniLap,LP-Pro,OfficeDirect,2024-04-18,356.59,True,SN-L-199326,SN-L-199326,SN-L-199326,SN-L-199326,SN-L-199326,Matched,LP-Pro,LP-Pro,LP-Pro,LP-Pro,OmniLap Warranty Services,2024-04-18,2026-04-18,24,624,Active,Active,False,2024-07-18,2024-08-02,2024-07-07,,106,15,Motherboard Defect,Component failure on main board.,None,False,False,False,True,One or more authorized repairs,1,False,0,False,True,True,True,True,True,True,True,,0,True,True,True,False,False,,False,False,False,False
CLM-724422,CUST-9118,PRD-116780,INV-60881238,,invalid_receipt,train,Invalid Claim,Smartphone,TechCorp,SP-200,TechMart,2023-12-28,721.12,False,SN-S-638637,SN-S-638637,SN-S-638637,SN-S-638637,SN-S-638637,Matched,SP-200,SP-200,SP-200,SP-200,TechCorp Warranty Services,2023-12-28,2024-12-28,12,230,Active,Active,False,2024-04-12,2024-05-12,,,136,30,Manufacturing Defect,Internal motherboard defect causing bootloop.,None,False,False,False,True,No previous repairs,0,False,0,False,True,False,True,True,True,True,True,,0,False,False,True,False,False,,False,True,True,False
CLM-725225,CUST-9743,PRD-619785,INV-17503932,,previous_authorized_repair,train,Valid Claim,Television,VisionMax,TV-43U,Home Screen,2024-11-03,2709.57,True,SN-T-359896,SN-T-359896,SN-T-359896,SN-T-359896,SN-T-359896,Matched,TV-43U,TV-43U,TV-43U,TV-43U,VisionMax Warranty Services,2024-11-03,2026-05-03,18,382,Active,Active,False,2025-04-08,2025-04-16,2025-03-23,,164,8,Display Panel Defect,Internal panel line defect.,None,False,False,False,True,One or more authorized repairs,1,False,0,False,True,True,True,True,True,True,True,,0,True,True,True,False,False,,False,False,False,False
CLM-726220,CUST-3674,PRD-194509,INV-65725304,,contradictory_information,train,Manual Review,Smartphone,ApexPhone,SP-100,City Electronics,2023-04-14,546.78,True,SN-S-417970,SN-S-417970,SN-S-417970,SN-S-417970,SN-S-417970,Matched,SP-100,SP-100,SP-100,SP-100,ApexPhone Warranty Services,2023-04-14,2024-04-14,12,288,Active,Active,False,2023-06-13,2023-07-01,2023-03-23,,78,18,Screen Defect (Non-Impact),Touch failure or dead pixels with no physical drop.,None,False,False,False,True,Conflicting repair record predates purchase,1,False,0,False,True,True,True,True,True,True,True,,0,False,False,True,False,True,Repair date before purchase date,False,False,False,True
CLM-726888,CUST-6292,PRD-469390,INV-27117558,,late_reporting,train,Invalid Claim,Laptop,ProBook,LP-500,Digital Bazaar,2023-10-13,759.27,True,SN-L-548217,SN-L-548217,SN-L-548217,SN-L-548217,SN-L-548217,Matched,LP-500,LP-500,LP-500,LP-500,ProBook Warranty Services,2023-10-13,2025-10-13,24,652,Active,Active,False,2023-11-02,2023-12-31,,,79,59,Keyboard Failure,Multiple keys non-functional.,None,False,False,False,True,No previous repairs,0,False,0,False,True,True,True,True,True,True,True,,0,True,True,False,False,False,,False,True,False,False
CLM-726927,CUST-8734,PRD-482201,INV-14259382,,near_expiry_boundary,train,Valid Claim,Laptop,ProBook,LP-900,PC World,2023-03-07,1111.75,True,SN-L-834406,SN-L-834406,SN-L-834406,SN-L-834406,SN-L-834406,Matched,LP-900,LP-900,LP-900,LP-900,ProBook Warranty Services,2023-03-07,2025-03-07,24,1,Active,Active,False,2025-02-28,2025-03-06,,,730,6,Motherboard Defect,Component failure on main board.,None,False,False,False,True,No previous repairs,0,False,0,False,True,True,True,True,True,True,True,,0,True,True,True,False,False,,False,False,True,False
CLM-727882,CUST-7520,PRD-152083,INV-93009769,,contradictory_information,train,Manual Review,Television,CineDisplay,TV-65Q,Electro Store,2024-07-27,2480.38,True,SN-T-410592,SN-T-410592,SN-T-410592,SN-T-410592,SN-T-410592,Matched,TV-65Q,TV-65Q,TV-65Q,TV-65Q,CineDisplay Warranty Services,2024-07-27,2026-01-27,18,540,Active,Active,False,2024-06-27,2024-08-05,,,9,39,Main Board Defect,Reported fault date predates the purchase date.,None,False,False,False,True,No previous repairs,0,False,0,False,True,True,True,True,True,True,True,,0,False,False,False,False,True,Fault date before purchase date,False,False,False,True
CLM-728626,CUST-7912,PRD-702848,INV-57984755,,borderline_reporting,train,Manual Review,Television,VisionMax,TV-65Q,Home Screen,2023-09-17,2366.31,True,SN-T-170277,SN-T-170277,SN-T-170277,SN-T-170277,SN-T-170277,Matched,TV-65Q,TV-65Q,TV-65Q,TV-65Q,VisionMax Warranty Services,2023-09-17,2025-03-17,18,0,Active,Active,False,2025-03-06,2025-03-17,,,547,11,Power Supply Failure,Internal power board failure.,None,False,False,False,True,Claim submitted on warranty expiry boundary,0,False,0,False,True,True,True,True,True,True,True,,0,True,True,True,False,False,,False,False,True,True
CLM-729231,CUST-3361,PRD-697927,INV-84021128,,late_reporting,train,Invalid Claim,Television,VisionMax,TV-55OLED,Vision Retail,2023-05-23,3405.6,True,SN-T-989980,SN-T-989980,SN-T-989980,SN-T-989980,SN-T-989980,Matched,TV-55OLED,TV-55OLED,TV-55OLED,TV-55OLED,VisionMax Warranty Services,2023-05-23,2024-11-23,18,484,Active,Active,False,2023-06-12,2023-07-28,,,66,46,Power Supply Failure,Internal power board failure.,None,False,False,False,True,No previous repairs,0,False,0,False,True,True,True,True,True,True,True,,0,True,True,False,False,False,,False,True,False,False
CLM-729244,CUST-6316,PRD-530300,INV-12022353,,complex_covered,train,Valid Claim,Television,VisionMax,TV-65Q,Home Screen,2023-08-30,710.66,True,SN-T-218414,SN-T-218414,SN-T-218414,SN-T-218414,SN-T-218414,Matched,TV-65Q,TV-65Q,TV-65Q,TV-65Q,VisionMax Warranty Services,2023-08-30,2025-02-28,18,297,Active,Active,False,2024-04-28,2024-05-07,2024-04-15,,251,9,Main Board Defect,Smart hub system failure. Additional diagnostic evidence supplied.,None,False,False,False,True,Complex repair history with supporting diagnostics,2,False,0,False,True,True,True,True,True,True,True,,0,True,True,True,False,False,,False,False,False,False
CLM-729395,CUST-1400,PRD-894501,INV-16202700,,standard_covered,train,Valid Claim,Laptop,ProBook,LP-500,Digital Bazaar,2023-08-19,970.22,True,SN-L-425498,SN-L-425498,SN-L-425498,SN-L-425498,SN-L-425498,Matched,LP-500,LP-500,LP-500,LP-500,ProBook Warranty Services,2023-08-19,2025-08-19,24,605,Active,Active,False,2023-11-22,2023-12-23,,,126,31,Keyboard Failure,Multiple keys non-functional.,None,False,False,False,True,No previous repairs,0,False,0,False,True,True,True,True,True,True,True,,0,True,True,True,False,False,,False,False,False,False
CLM-729515,CUST-2281,PRD-406517,INV-80243759,,expired_warranty,train,Invalid Claim,Television,CineDisplay,TV-65Q,Electro Store,2023-10-14,3131.22,True,SN-T-887042,SN-T-887042,SN-T-887042,SN-T-887042,SN-T-887042,Matched,TV-65Q,TV-65Q,TV-65Q,TV-65Q,CineDisplay Warranty Services,2023-10-14,2025-04-14,18,-83,Expired,Expired,False,2025-06-20,2025-07-06,,,631,16,Power Supply Failure,Internal power board failure.,None,False,False,False,True,No previous repairs,0,False,0,False,True,True,True,True,True,True,True,,0,True,True,True,False,False,,False,True,False,False
CLM-730856,CUST-3877,PRD-343269,INV-36040330,,expired_warranty,train,Invalid Claim,Laptop,ProBook,LP-500,Digital Bazaar,2023-12-16,1257.22,True,SN-L-449472,SN-L-449472,SN-L-449472,SN-L-449472,SN-L-449472,Matched,LP-500,LP-500,LP-500,LP-500,ProBook Warranty Services,2023-12-16,2025-12-16,24,-158,Expired,Expired,False,2026-04-22,2026-05-23,,,889,31,Factory SSD Failure,Primary storage failure.,None,False,False,False,True,No previous repairs,0,False,0,False,True,True,True,True,True,True,True,,0,True,True,True,False,False,,False,True,False,False
CLM-732021,CUST-1684,PRD-897814,INV-10134359,,unauthorized_repair,train,Invalid Claim,Laptop,ProBook,LP-900,Digital Bazaar,2023-09-09,2872.36,True,SN-L-276358,SN-L-276358,SN-L-276358,SN-L-276358,SN-L-276358,Matched,LP-900,LP-900,LP-900,LP-900,ProBook Warranty Services,2023-09-09,2025-09-09,24,595,Active,Active,False,2023-12-12,2024-01-23,,,136,42,Factory SSD Failure,Primary storage failure.,Unauthorized Modification,False,False,True,False,Unauthorized repair reported,0,False,0,False,True,True,True,True,True,True,True,,0,True,True,True,False,False,,False,True,False,True
CLM-733469,CUST-5000,PRD-878339,INV-81291936,,standard_covered,train,Valid Claim,Laptop,UltraTech,LP-500,PC World,2024-01-19,1530.37,True,SN-L-475876,SN-L-475876,SN-L-475876,SN-L-475876,SN-L-475876,Matched,LP-500,LP-500,LP-500,LP-500,UltraTech Warranty Services,2024-01-19,2026-01-19,24,593,Active,Active,False,2024-04-22,2024-06-05,,,138,44,Factory SSD Failure,Primary storage failure.,None,False,False,False,True,No previous repairs,0,False,0,False,True,True,True,True,True,True,True,,0,True,True,True,False,False,,False,False,False,False
CLM-733873,CUST-1947,PRD-419966,INV-94772931,,unauthorized_repair,train,Invalid Claim,Television,ViewOptics,TV-43U,Vision Retail,2023-02-07,3433.16,True,SN-T-896070,SN-T-896070,SN-T-896070,SN-T-896070,SN-T-896070,Matched,TV-43U,TV-43U,TV-43U,TV-43U,ViewOptics Warranty Services,2023-02-07,2024-08-07,18,384,Active,Active,False,2023-07-10,2023-07-20,,,163,10,Main Board Defect,Smart hub system failure.,Unauthorized Modification,False,False,True,False,Unauthorized repair reported,0,False,0,False,True,True,True,True,True,True,True,,0,True,True,True,False,False,,False,True,False,True
CLM-734494,CUST-3539,PRD-143476,INV-83564403,,borderline_reporting,train,Manual Review,Smartphone,MobileX,SP-200,Mobile Hub,2024-06-21,2906.53,True,SN-S-165169,SN-S-165169,SN-S-165169,SN-S-165169,SN-S-165169,Matched,SP-200,SP-200,SP-200,SP-200,MobileX Warranty Services,2024-06-21,2025-06-21,12,0,Active,Active,False,2025-06-16,2025-06-21,,,365,5,Charging Port Failure,Charging connector failure under normal usage.,None,False,False,False,True,Claim submitted on warranty expiry boundary,0,False,0,False,True,True,True,True,True,True,True,,0,True,True,True,False,False,,False,False,True,True
CLM-734594,CUST-3517,PRD-384065,INV-15880227,,invalid_receipt,train,Invalid Claim,Laptop,OmniLap,LP-Pro,PC World,2024-04-30,578.24,False,SN-L-416120,SN-L-416120,SN-L-416120,SN-L-416120,SN-L-416120,Matched,LP-Pro,LP-Pro,LP-Pro,LP-Pro,OmniLap Warranty Services,2024-04-30,2026-04-30,24,610,Active,Active,False,2024-07-23,2024-08-28,,,120,36,Keyboard Failure,Multiple keys non-functional.,None,False,False,False,True,No previous repairs,0,False,0,False,True,False,True,True,True,True,True,,0,False,False,True,False,False,,False,True,False,False
CLM-734744,CUST-3406,PRD-318552,INV-17504382,,extended_warranty,train,Valid Claim,Television,CineDisplay,TV-65Q,Home Screen,2024-10-06,707.24,True,SN-T-241268,SN-T-241268,SN-T-241268,SN-T-241268,SN-T-241268,Matched,TV-65Q,TV-65Q,TV-65Q,TV-65Q,CineDisplay Warranty Services,2024-10-06,2027-04-06,30,842,Active,Active,True,2024-11-15,2024-12-15,,,70,30,Main Board Defect,Smart hub system failure.,None,False,False,False,True,No previous repairs,0,False,0,False,True,True,True,True,True,True,True,,0,True,True,True,False,False,,False,False,True,False
CLM-735432,CUST-4348,PRD-487995,INV-96173002,,unauthorized_repair,train,Invalid Claim,Laptop,ProBook,LP-900,PC World,2023-07-26,276.99,True,SN-L-411023,SN-L-411023,SN-L-411023,SN-L-411023,SN-L-411023,Matched,LP-900,LP-900,LP-900,LP-900,ProBook Warranty Services,2023-07-26,2025-07-26,24,576,Active,Active,False,2023-12-06,2023-12-28,,,155,22,Keyboard Failure,Multiple keys non-functional.,Unauthorized Modification,False,False,True,False,Unauthorized repair reported,0,False,0,False,True,True,True,True,True,True,True,,0,True,True,True,False,False,,False,True,False,True
CLM-737258,CUST-3631,PRD-797840,INV-44419684,,excluded_damage,train,Invalid Claim,Smartphone,MobileX,SP-100,Mobile Hub,2024-02-27,2450.96,True,SN-S-313446,SN-S-313446,SN-S-313446,SN-S-313446,SN-S-313446,Matched,SP-100,SP-100,SP-100,SP-100,MobileX Warranty Services,2024-02-27,2025-02-27,12,281,Active,Active,False,2024-05-18,2024-05-22,,,85,4,Liquid Damage,Liquid contact indicator triggered.,Liquid Contact,False,True,False,True,No previous repairs,0,False,0,False,True,True,True,True,True,True,True,,0,True,True,True,False,False,,False,True,False,False
CLM-737383,CUST-2746,PRD-210171,INV-30774029,,complex_covered,train,Valid Claim,Laptop,UltraTech,LP-Pro,OfficeDirect,2023-11-20,1577.34,True,SN-L-821175,SN-L-821175,SN-L-821175,SN-L-821175,SN-L-821175,Matched,LP-Pro,LP-Pro,LP-Pro,LP-Pro,UltraTech Warranty Services,2023-11-20,2025-11-20,24,488,Active,Active,False,2024-06-12,2024-07-20,2024-05-25,,243,38,Factory SSD Failure,Primary storage failure. Additional diagnostic evidence supplied.,None,False,False,False,True,Complex repair history with supporting diagnostics,2,False,0,False,True,True,True,True,True,True,True,,0,True,True,True,False,False,,False,False,False,False
CLM-737973,CUST-4242,PRD-839403,INV-34450775,DUP-793320,duplicate_claim,train,Manual Review,Smartphone,TechCorp,SP-X,Mobile Hub,2023-02-05,197.98,True,SN-S-992074,SN-S-992074,SN-S-992074,SN-S-992074,SN-S-992074,Matched,SP-X,SP-X,SP-X,SP-X,TechCorp Warranty Services,2023-02-05,2024-02-05,12,300,Active,Active,False,2023-03-21,2023-04-11,,,65,21,Charging Port Failure,Charging connector failure under normal usage.,None,False,False,False,True,No previous repairs,0,False,0,False,True,True,True,True,True,True,True,,0,True,True,True,True,False,,False,False,False,True
CLM-739886,CUST-9846,PRD-336343,INV-52057523,,excluded_damage,train,Invalid Claim,Smartphone,MobileX,SP-100,Mobile Hub,2023-11-06,820.26,True,SN-S-963752,SN-S-963752,SN-S-963752,SN-S-963752,SN-S-963752,Matched,SP-100,SP-100,SP-100,SP-100,MobileX Warranty Services,2023-11-06,2024-11-06,12,208,Active,Active,False,2024-03-21,2024-04-12,,,158,22,Liquid Damage,Liquid contact indicator triggered.,Liquid Contact,False,True,False,True,No previous repairs,0,False,0,False,True,True,True,True,True,True,True,,0,True,True,True,False,False,,False,True,False,False
CLM-742085,CUST-1051,PRD-534208,INV-95640742,,invalid_receipt,train,Invalid Claim,Smartphone,MobileX,SP-X,Mobile Hub,2024-05-01,3357.78,False,SN-S-790881,SN-S-790881,SN-S-790881,SN-S-790881,SN-S-790881,Matched,SP-X,SP-X,SP-X,SP-X,MobileX Warranty Services,2024-05-01,2025-05-01,12,262,Active,Active,False,2024-08-11,2024-08-12,,,103,1,Charging Port Failure,Charging connector failure under normal usage.,None,False,False,False,True,No previous repairs,0,False,0,False,True,False,True,True,True,True,True,,0,False,False,True,False,False,,False,True,False,False
CLM-742640,CUST-3418,PRD-462126,INV-76372099,,borderline_reporting,train,Manual Review,Smartphone,TechCorp,SP-X,City Electronics,2024-04-23,2413.63,True,SN-S-490185,SN-S-490185,SN-S-490185,SN-S-490185,SN-S-490185,Matched,SP-X,SP-X,SP-X,SP-X,TechCorp Warranty Services,2024-04-23,2025-04-23,12,0,Active,Active,False,2025-04-16,2025-04-23,,,365,7,Battery Manufacturing Defect,Battery swelling or sudden degradation.,None,False,False,False,True,Claim submitted on warranty expiry boundary,0,False,0,False,True,True,True,True,True,True,True,,0,True,True,True,False,False,,False,False,True,True
CLM-743348,CUST-1639,PRD-835771,INV-66932774,,serial_mismatch,train,Manual Review,Smartphone,ApexPhone,SP-X,TechMart,2023-07-22,1808.87,True,SN-S-274270,SN-S-942167,SN-S-274270,SN-S-274270,SN-S-274270,Mismatch,SP-X,SP-X,SP-X,SP-X,ApexPhone Warranty Services,2023-07-22,2024-07-22,12,267,Active,Active,False,2023-10-08,2023-10-29,,,99,21,Charging Port Failure,Charging connector failure under normal usage.,None,False,False,False,True,No previous repairs,0,False,0,False,True,True,True,True,True,True,True,,0,False,False,True,False,True,Conflicting serial numbers,False,False,False,True
CLM-743387,CUST-6233,PRD-554901,INV-70597948,,excluded_damage,train,Invalid Claim,Smartphone,TechCorp,SP-100,TechMart,2024-06-12,1752.52,True,SN-S-361728,SN-S-361728,SN-S-361728,SN-S-361728,SN-S-361728,Matched,SP-100,SP-100,SP-100,SP-100,TechCorp Warranty Services,2024-06-12,2025-06-12,12,273,Active,Active,False,2024-09-06,2024-09-12,,,92,6,Physical Damage,Cracked screen or casing from impact.,Physical Impact,True,False,False,True,No previous repairs,0,False,0,False,True,True,True,True,True,True,True,,0,True,True,True,False,False,,False,True,False,False
CLM-743530,CUST-2281,PRD-589066,INV-91252861,,serial_mismatch,train,Manual Review,Smartphone,MobileX,SP-X,City Electronics,2023-11-16,2971.34,True,SN-S-472235,SN-S-764555,SN-S-472235,SN-S-472235,SN-S-472235,Mismatch,SP-X,SP-X,SP-X,SP-X,MobileX Warranty Services,2023-11-16,2024-11-16,12,69,Active,Active,False,2024-09-02,2024-09-08,,,297,6,Battery Manufacturing Defect,Battery swelling or sudden degradation.,None,False,False,False,True,No previous repairs,0,False,0,False,True,True,True,True,True,True,True,,0,False,False,True,False,True,Conflicting serial numbers,False,False,False,True
CLM-743595,CUST-7797,PRD-281358,INV-97902129,,standard_covered,train,Valid Claim,Television,ViewOptics,TV-65Q,Electro Store,2024-07-07,481.72,True,SN-T-830316,SN-T-830316,SN-T-830316,SN-T-830316,SN-T-830316,Matched,TV-65Q,TV-65Q,TV-65Q,TV-65Q,ViewOptics Warranty Services,2024-07-07,2026-01-07,18,434,Active,Active,False,2024-10-14,2024-10-30,,,115,16,Power Supply Failure,Internal power board failure.,None,False,False,False,True,No previous repairs,0,False,0,False,True,True,True,True,True,True,True,,0,True,True,True,False,False,,False,False,False,False
CLM-744524,CUST-5240,PRD-303603,INV-50723023,,invalid_receipt,train,Invalid Claim,Television,CineDisplay,TV-43U,Electro Store,2024-05-30,3005.79,False,SN-T-577564,SN-T-577564,SN-T-577564,SN-T-577564,SN-T-577564,Matched,TV-43U,TV-43U,TV-43U,TV-43U,CineDisplay Warranty Services,2024-05-30,2025-11-30,18,443,Active,Active,False,2024-08-26,2024-09-13,,,106,18,Main Board Defect,Smart hub system failure.,None,False,False,False,True,No previous repairs,0,False,0,False,True,False,True,True,True,True,True,,0,False,False,True,False,False,,False,True,False,False
CLM-745020,CUST-3293,PRD-244756,INV-82292089,,extended_warranty,train,Valid Claim,Television,CineDisplay,TV-43U,Home Screen,2024-09-13,808.05,True,SN-T-776909,SN-T-776909,SN-T-776909,SN-T-776909,SN-T-776909,Matched,TV-43U,TV-43U,TV-43U,TV-43U,CineDisplay Warranty Services,2024-09-13,2027-03-13,30,724,Active,Active,True,2025-02-23,2025-03-19,,,187,24,Display Panel Defect,Internal panel line defect.,None,False,False,False,True,No previous repairs,0,False,0,False,True,True,True,True,True,True,True,,0,True,True,True,False,False,,False,False,False,False
CLM-745829,CUST-1749,PRD-900079,INV-91151067,,serial_mismatch,train,Manual Review,Smartphone,MobileX,SP-X,Mobile Hub,2023-07-10,1485.55,True,SN-S-916116,SN-S-811152,SN-S-916116,SN-S-916116,SN-S-916116,Mismatch,SP-X,SP-X,SP-X,SP-X,MobileX Warranty Services,2023-07-10,2024-07-10,12,84,Active,Active,False,2024-04-11,2024-04-17,,,282,6,Battery Manufacturing Defect,Battery swelling or sudden degradation.,None,False,False,False,True,No previous repairs,0,False,0,False,True,True,True,True,True,True,True,,0,False,False,True,False,True,Conflicting serial numbers,False,False,False,True
CLM-745886,CUST-2645,PRD-650703,INV-79967272,,missing_mandatory_document,train,Manual Review,Television,CineDisplay,TV-43U,Electro Store,2023-11-19,1213.72,True,SN-T-821354,SN-T-821354,SN-T-821354,SN-T-821354,SN-T-821354,Matched,TV-43U,TV-43U,TV-43U,TV-43U,CineDisplay Warranty Services,2023-11-19,2025-05-19,18,279,Active,Active,False,2024-07-17,2024-08-13,,,268,27,Display Panel Defect,Internal panel line defect.,None,False,False,False,True,No previous repairs,0,False,0,False,False,True,True,True,True,True,True,Purchase Receipt,1,False,False,True,False,False,,False,False,False,True
CLM-746742,CUST-2734,PRD-812685,INV-42657384,,standard_covered,train,Valid Claim,Laptop,UltraTech,LP-500,Digital Bazaar,2024-01-06,1609.52,True,SN-L-582446,SN-L-582446,SN-L-582446,SN-L-582446,SN-L-582446,Matched,LP-500,LP-500,LP-500,LP-500,UltraTech Warranty Services,2024-01-06,2026-01-06,24,462,Active,Active,False,2024-09-05,2024-10-01,,,269,26,Motherboard Defect,Component failure on main board.,None,False,False,False,True,No previous repairs,0,False,0,False,True,True,True,True,True,True,True,,0,True,True,True,False,False,,False,False,False,False
CLM-747177,CUST-3592,PRD-665917,INV-86522053,,late_reporting,train,Invalid Claim,Television,CineDisplay,TV-65Q,Home Screen,2023-04-18,1487.59,True,SN-T-262070,SN-T-262070,SN-T-262070,SN-T-262070,SN-T-262070,Matched,TV-65Q,TV-65Q,TV-65Q,TV-65Q,CineDisplay Warranty Services,2023-04-18,2024-10-18,18,489,Active,Active,False,2023-05-08,2023-06-17,,,60,40,Power Supply Failure,Internal power board failure.,None,False,False,False,True,No previous repairs,0,False,0,False,True,True,True,True,True,True,True,,0,True,True,False,False,False,,False,True,False,False
CLM-747219,CUST-4172,PRD-231179,INV-56053543,,missing_mandatory_document,train,Manual Review,Laptop,OmniLap,LP-500,OfficeDirect,2023-05-01,1612.36,True,SN-L-559226,SN-L-559226,SN-L-559226,SN-L-559226,SN-L-559226,Matched,LP-500,LP-500,LP-500,LP-500,OmniLap Warranty Services,2023-05-01,2025-05-01,24,527,Active,Active,False,2023-11-17,2023-11-21,,,204,4,Display Failure,Backlight failure without screen crack.,None,False,False,False,True,No previous repairs,0,False,0,False,False,True,True,True,False,True,True,Purchase Receipt|Serial Number Photo,2,False,False,True,False,False,,False,False,False,True
CLM-750709,CUST-5055,PRD-174430,INV-71824078,,near_expiry_boundary,train,Valid Claim,Laptop,UltraTech,LP-Pro,Digital Bazaar,2024-03-10,1309.64,True,SN-L-670892,SN-L-670892,SN-L-670892,SN-L-670892,SN-L-670892,Matched,LP-Pro,LP-Pro,LP-Pro,LP-Pro,UltraTech Warranty Services,2024-03-10,2026-03-10,24,7,Active,Active,False,2026-03-01,2026-03-03,,,723,2,Factory SSD Failure,Primary storage failure.,None,False,False,False,True,No previous repairs,0,False,0,False,True,True,True,True,True,True,True,,0,True,True,True,False,False,,False,False,True,False
CLM-750728,CUST-5263,PRD-614003,INV-31951974,,excluded_damage,train,Invalid Claim,Smartphone,TechCorp,SP-100,TechMart,2023-07-07,2514.98,True,SN-S-341026,SN-S-341026,SN-S-341026,SN-S-341026,SN-S-341026,Matched,SP-100,SP-100,SP-100,SP-100,TechCorp Warranty Services,2023-07-07,2024-07-07,12,218,Active,Active,False,2023-11-30,2023-12-02,,,148,2,Physical Damage,Cracked screen or casing from impact.,Physical Impact,True,False,False,True,No previous repairs,0,False,0,False,True,True,True,True,True,True,True,,0,True,True,True,False,False,,False,True,False,False
CLM-751002,CUST-6444,PRD-415117,INV-36594858,,expired_warranty,train,Invalid Claim,Laptop,OmniLap,LP-Pro,Digital Bazaar,2024-04-01,2538.21,True,SN-L-976792,SN-L-976792,SN-L-976792,SN-L-976792,SN-L-976792,Matched,LP-Pro,LP-Pro,LP-Pro,LP-Pro,OmniLap Warranty Services,2024-04-01,2026-04-01,24,-147,Expired,Expired,False,2026-08-20,2026-08-26,,,877,6,Display Failure,Backlight failure without screen crack.,None,False,False,False,True,No previous repairs,0,False,0,False,True,True,True,True,True,True,True,,0,True,True,True,False,False,,False,True,False,False
CLM-752036,CUST-8326,PRD-756221,INV-36261929,,expired_warranty,train,Invalid Claim,Smartphone,TechCorp,SP-X,TechMart,2024-06-28,838.97,True,SN-S-574978,SN-S-574978,SN-S-574978,SN-S-574978,SN-S-574978,Matched,SP-X,SP-X,SP-X,SP-X,TechCorp Warranty Services,2024-06-28,2025-06-28,12,-96,Expired,Expired,False,2025-09-22,2025-10-02,,,461,10,Battery Manufacturing Defect,Battery swelling or sudden degradation.,None,False,False,False,True,No previous repairs,0,False,0,False,True,True,True,True,True,True,True,,0,True,True,True,False,False,,False,True,False,False
CLM-752276,CUST-6362,PRD-709722,INV-88108751,,near_expiry_boundary,train,Valid Claim,Smartphone,ApexPhone,SP-X,City Electronics,2024-01-13,158.28,True,SN-S-828449,SN-S-828449,SN-S-828449,SN-S-828449,SN-S-828449,Matched,SP-X,SP-X,SP-X,SP-X,ApexPhone Warranty Services,2024-01-13,2025-01-13,12,1,Active,Active,False,2025-01-08,2025-01-12,,,365,4,Charging Port Failure,Charging connector failure under normal usage.,None,False,False,False,True,No previous repairs,0,False,0,False,True,True,True,True,True,True,True,,0,True,True,True,False,False,,False,False,True,False
CLM-755467,CUST-4757,PRD-594378,INV-43204998,,complex_covered,train,Valid Claim,Smartphone,TechCorp,SP-200,Mobile Hub,2023-03-28,2620.94,True,SN-S-262816,SN-S-262816,SN-S-262816,SN-S-262816,SN-S-262816,Matched,SP-200,SP-200,SP-200,SP-200,TechCorp Warranty Services,2023-03-28,2024-03-28,12,173,Active,Active,False,2023-09-22,2023-10-07,2023-09-08,,193,15,Charging Port Failure,Charging connector failure under normal usage. Additional diagnostic evidence supplied.,None,False,False,False,True,Complex repair history with supporting diagnostics,2,False,0,False,True,True,True,True,True,True,True,,0,True,True,True,False,False,,False,False,False,False
CLM-755670,CUST-9501,PRD-492099,INV-88479996,,invalid_receipt,train,Invalid Claim,Smartphone,ApexPhone,SP-100,City Electronics,2024-07-03,1955.59,False,SN-S-683071,SN-S-683071,SN-S-683071,SN-S-683071,SN-S-683071,Matched,SP-100,SP-100,SP-100,SP-100,ApexPhone Warranty Services,2024-07-03,2025-07-03,12,289,Active,Active,False,2024-08-23,2024-09-17,,,76,25,Charging Port Failure,Charging connector failure under normal usage.,None,False,False,False,True,No previous repairs,0,False,0,False,True,False,True,True,True,True,True,,0,False,False,True,False,False,,False,True,False,False
CLM-762700,CUST-3362,PRD-642668,INV-63458386,,near_expiry_boundary,train,Valid Claim,Laptop,OmniLap,LP-Pro,OfficeDirect,2023-11-19,3261.73,True,SN-L-288066,SN-L-288066,SN-L-288066,SN-L-288066,SN-L-288066,Matched,LP-Pro,LP-Pro,LP-Pro,LP-Pro,OmniLap Warranty Services,2023-11-19,2025-11-19,24,3,Active,Active,False,2025-11-11,2025-11-16,,,728,5,Motherboard Defect,Component failure on main board.,None,False,False,False,True,No previous repairs,0,False,0,False,True,True,True,True,True,True,True,,0,True,True,True,False,False,,False,False,True,False
CLM-763575,CUST-5118,PRD-291629,INV-40942292,,standard_covered,train,Valid Claim,Laptop,OmniLap,LP-900,PC World,2024-04-09,554.2,True,SN-L-836996,SN-L-836996,SN-L-836996,SN-L-836996,SN-L-836996,Matched,LP-900,LP-900,LP-900,LP-900,OmniLap Warranty Services,2024-04-09,2026-04-09,24,541,Active,Active,False,2024-10-02,2024-10-15,,,189,13,Display Failure,Backlight failure without screen crack.,None,False,False,False,True,No previous repairs,0,False,0,False,True,True,True,True,True,True,True,,0,True,True,True,False,False,,False,False,False,False
CLM-763745,CUST-7081,PRD-107054,INV-93304578,,complex_covered,train,Valid Claim,Laptop,OmniLap,LP-Pro,PC World,2023-01-07,1206.65,True,SN-L-743644,SN-L-743644,SN-L-743644,SN-L-743644,SN-L-743644,Matched,LP-Pro,LP-Pro,LP-Pro,LP-Pro,OmniLap Warranty Services,2023-01-07,2025-01-07,24,428,Active,Active,False,2023-09-30,2023-11-06,2023-09-05,,303,37,Motherboard Defect,Component failure on main board. Additional diagnostic evidence supplied.,None,False,False,False,True,Complex repair history with supporting diagnostics,2,False,0,False,True,True,True,True,True,True,True,,0,True,True,True,False,False,,False,False,False,False
CLM-764488,CUST-2791,PRD-336722,INV-32059232,,near_expiry_boundary,train,Valid Claim,Television,VisionMax,TV-55OLED,Home Screen,2023-04-28,3265.24,True,SN-T-949541,SN-T-949541,SN-T-949541,SN-T-949541,SN-T-949541,Matched,TV-55OLED,TV-55OLED,TV-55OLED,TV-55OLED,VisionMax Warranty Services,2023-04-28,2024-10-28,18,1,Active,Active,False,2024-10-18,2024-10-27,,,548,9,Display Panel Defect,Internal panel line defect.,None,False,False,False,True,No previous repairs,0,False,0,False,True,True,True,True,True,True,True,,0,True,True,True,False,False,,False,False,True,False
CLM-764577,CUST-7737,PRD-327233,INV-62529918,,missing_mandatory_document,train,Manual Review,Smartphone,MobileX,SP-100,Mobile Hub,2023-11-27,2860.25,True,SN-S-909289,SN-S-909289,SN-S-909289,SN-S-909289,SN-S-909289,Matched,SP-100,SP-100,SP-100,SP-100,MobileX Warranty Services,2023-11-27,2024-11-27,12,170,Active,Active,False,2024-05-27,2024-06-10,,,196,14,Battery Manufacturing Defect,Battery swelling or sudden degradation.,None,False,False,False,True,No previous repairs,0,False,0,False,True,True,False,True,True,True,True,Warranty Card,1,False,False,True,False,False,,False,False,False,True
CLM-766542,CUST-4845,PRD-888583,INV-56939919,,missing_mandatory_document,train,Manual Review,Television,ViewOptics,TV-43U,Electro Store,2023-12-28,515.7,True,SN-T-985974,SN-T-985974,SN-T-985974,SN-T-985974,SN-T-985974,Matched,TV-43U,TV-43U,TV-43U,TV-43U,ViewOptics Warranty Services,2023-12-28,2025-06-28,18,489,Active,Active,False,2024-02-08,2024-02-25,,,59,17,Main Board Defect,Smart hub system failure.,None,False,False,False,True,No previous repairs,0,False,0,False,False,True,True,False,True,True,True,Purchase Receipt|Product ID Tag Photo,2,False,False,True,False,False,,False,False,False,True
CLM-767583,CUST-8158,PRD-342033,INV-22890579,,missing_mandatory_document,train,Manual Review,Laptop,ProBook,LP-900,Digital Bazaar,2024-04-17,614.34,True,SN-L-758840,SN-L-758840,SN-L-758840,SN-L-758840,SN-L-758840,Matched,LP-900,LP-900,LP-900,LP-900,ProBook Warranty Services,2024-04-17,2026-04-17,24,489,Active,Active,False,2024-11-15,2024-12-14,,,241,29,Keyboard Failure,Multiple keys non-functional.,None,False,False,False,True,No previous repairs,0,False,0,False,True,True,True,True,True,True,False,Technical Diagnostic Report,1,False,False,True,False,False,,False,False,False,True
CLM-767917,CUST-3907,PRD-532292,INV-15399953,DUP-935998,duplicate_claim,train,Manual Review,Television,CineDisplay,TV-43U,Electro Store,2023-09-08,3430.91,True,SN-T-782420,SN-T-782420,SN-T-782420,SN-T-782420,SN-T-782420,Matched,TV-43U,TV-43U,TV-43U,TV-43U,CineDisplay Warranty Services,2023-09-08,2025-03-08,18,285,Active,Active,False,2024-05-18,2024-05-27,,,262,9,Display Panel Defect,Internal panel line defect.,None,False,False,False,True,No previous repairs,0,False,0,False,True,True,True,True,True,True,True,,0,True,True,True,True,False,,False,False,False,True
CLM-768102,CUST-2562,PRD-198195,INV-89890579,,expired_warranty,train,Invalid Claim,Laptop,ProBook,LP-Pro,PC World,2024-05-09,2301.55,True,SN-L-931420,SN-L-931420,SN-L-931420,SN-L-931420,SN-L-931420,Matched,LP-Pro,LP-Pro,LP-Pro,LP-Pro,ProBook Warranty Services,2024-05-09,2026-05-09,24,-108,Expired,Expired,False,2026-08-19,2026-08-25,,,838,6,Keyboard Failure,Multiple keys non-functional.,None,False,False,False,True,No previous repairs,0,False,0,False,True,True,True,True,True,True,True,,0,True,True,True,False,False,,False,True,False,False
CLM-768606,CUST-1385,PRD-538289,INV-12177011,,borderline_reporting,train,Manual Review,Laptop,UltraTech,LP-900,OfficeDirect,2024-10-15,254.18,True,SN-L-668293,SN-L-668293,SN-L-668293,SN-L-668293,SN-L-668293,Matched,LP-900,LP-900,LP-900,LP-900,UltraTech Warranty Services,2024-10-15,2026-10-15,24,0,Active,Active,False,2026-10-10,2026-10-15,,,730,5,Motherboard Defect,Component failure on main board.,None,False,False,False,True,Claim submitted on warranty expiry boundary,0,False,0,False,True,True,True,True,True,True,True,,0,True,True,True,False,False,,False,False,True,True
CLM-769150,CUST-5400,PRD-289092,INV-85731895,,previous_authorized_repair,train,Valid Claim,Smartphone,MobileX,SP-100,City Electronics,2024-04-21,356.49,True,SN-S-561101,SN-S-561101,SN-S-561101,SN-S-561101,SN-S-561101,Matched,SP-100,SP-100,SP-100,SP-100,MobileX Warranty Services,2024-04-21,2025-04-21,12,205,Active,Active,False,2024-09-03,2024-09-28,2024-08-27,,160,25,Battery Manufacturing Defect,Battery swelling or sudden degradation.,None,False,False,False,True,One or more authorized repairs,1,False,0,False,True,True,True,True,True,True,True,,0,True,True,True,False,False,,False,False,False,False
CLM-769171,CUST-4520,PRD-716549,INV-60847002,,missing_mandatory_document,train,Manual Review,Television,ViewOptics,TV-65Q,Electro Store,2024-06-04,2932.93,True,SN-T-918805,SN-T-918805,SN-T-918805,SN-T-918805,SN-T-918805,Matched,TV-65Q,TV-65Q,TV-65Q,TV-65Q,ViewOptics Warranty Services,2024-06-04,2025-12-04,18,350,Active,Active,False,2024-12-17,2024-12-19,,,198,2,Main Board Defect,Smart hub system failure.,None,False,False,False,True,No previous repairs,0,False,0,False,False,True,True,True,True,True,True,Purchase Receipt,1,False,False,True,False,False,,False,False,False,True
CLM-770416,CUST-5098,PRD-852839,INV-40345988,,invalid_receipt,train,Invalid Claim,Laptop,OmniLap,LP-500,PC World,2024-05-14,1726.84,False,SN-L-229858,SN-L-229858,SN-L-229858,SN-L-229858,SN-L-229858,Matched,LP-500,LP-500,LP-500,LP-500,OmniLap Warranty Services,2024-05-14,2026-05-14,24,610,Active,Active,False,2024-08-18,2024-09-11,,,120,24,Motherboard Defect,Component failure on main board.,None,False,False,False,True,No previous repairs,0,False,0,False,True,False,True,True,True,True,True,,0,False,False,True,False,False,,False,True,False,False
CLM-770649,CUST-3260,PRD-718624,INV-67555628,,unauthorized_repair,train,Invalid Claim,Smartphone,ApexPhone,SP-X,TechMart,2024-06-26,1534.92,True,SN-S-258975,SN-S-258975,SN-S-258975,SN-S-258975,SN-S-258975,Matched,SP-X,SP-X,SP-X,SP-X,ApexPhone Warranty Services,2024-06-26,2025-06-26,12,200,Active,Active,False,2024-11-10,2024-12-08,,,165,28,Charging Port Failure,Charging connector failure under normal usage.,Unauthorized Modification,False,False,True,False,Unauthorized repair reported,0,False,0,False,True,True,True,True,True,True,True,,0,True,True,True,False,False,,False,True,False,True
CLM-771126,CUST-8793,PRD-505748,INV-59317149,,excluded_damage,train,Invalid Claim,Television,CineDisplay,TV-55OLED,Vision Retail,2024-03-14,750.65,True,SN-T-996915,SN-T-996915,SN-T-996915,SN-T-996915,SN-T-996915,Matched,TV-55OLED,TV-55OLED,TV-55OLED,TV-55OLED,CineDisplay Warranty Services,2024-03-14,2025-09-14,18,490,Active,Active,False,2024-04-29,2024-05-12,,,59,13,Electrical Surge,High voltage power surge damage.,Electrical Surge,False,False,False,True,No previous repairs,0,False,0,False,True,True,True,True,True,True,True,,0,True,True,True,False,False,,False,True,False,False
CLM-772088,CUST-6527,PRD-178508,INV-66615250,,complex_covered,train,Valid Claim,Television,ViewOptics,TV-65Q,Vision Retail,2024-10-08,2264.77,True,SN-T-586279,SN-T-586279,SN-T-586279,SN-T-586279,SN-T-586279,Matched,TV-65Q,TV-65Q,TV-65Q,TV-65Q,ViewOptics Warranty Services,2024-10-08,2026-04-08,18,423,Active,Active,False,2025-01-21,2025-02-09,2025-01-09,,124,19,Display Panel Defect,Internal panel line defect. Additional diagnostic evidence supplied.,None,False,False,False,True,Complex repair history with supporting diagnostics,1,False,0,False,True,True,True,True,True,True,True,,0,True,True,True,False,False,,False,False,False,False
CLM-772572,CUST-6926,PRD-188502,INV-46070658,,missing_mandatory_document,train,Manual Review,Smartphone,ApexPhone,SP-200,City Electronics,2024-02-09,2358.42,True,SN-S-698823,SN-S-698823,SN-S-698823,SN-S-698823,SN-S-698823,Matched,SP-200,SP-200,SP-200,SP-200,ApexPhone Warranty Services,2024-02-09,2025-02-09,12,180,Active,Active,False,2024-07-18,2024-08-13,,,186,26,Manufacturing Defect,Internal motherboard defect causing bootloop.,None,False,False,False,True,No previous repairs,0,False,0,False,True,True,True,True,False,True,True,Serial Number Photo,1,False,False,True,False,False,,False,False,False,True
CLM-772723,CUST-2745,PRD-364109,INV-22283664,,near_expiry_boundary,train,Valid Claim,Television,ViewOptics,TV-65Q,Electro Store,2024-02-03,167.4,True,SN-T-261771,SN-T-261771,SN-T-261771,SN-T-261771,SN-T-261771,Matched,TV-65Q,TV-65Q,TV-65Q,TV-65Q,ViewOptics Warranty Services,2024-02-03,2025-08-03,18,5,Active,Active,False,2025-07-17,2025-07-29,,,542,12,Power Supply Failure,Internal power board failure.,None,False,False,False,True,No previous repairs,0,False,0,False,True,True,True,True,True,True,True,,0,True,True,True,False,False,,False,False,True,False
CLM-772915,CUST-7745,PRD-791048,INV-99913412,,standard_covered,train,Valid Claim,Smartphone,TechCorp,SP-100,TechMart,2023-01-26,3044.61,True,SN-S-532322,SN-S-532322,SN-S-532322,SN-S-532322,SN-S-532322,Matched,SP-100,SP-100,SP-100,SP-100,TechCorp Warranty Services,2023-01-26,2024-01-26,12,149,Active,Active,False,2023-08-04,2023-08-30,,,216,26,Screen Defect (Non-Impact),Touch failure or dead pixels with no physical drop.,None,False,False,False,True,No previous repairs,0,False,0,False,True,True,True,True,True,True,True,,0,True,True,True,False,False,,False,False,False,False
CLM-773218,CUST-3280,PRD-345868,INV-27716606,,borderline_reporting,train,Manual Review,Smartphone,MobileX,SP-100,Mobile Hub,2023-04-29,2630.19,True,SN-S-566266,SN-S-566266,SN-S-566266,SN-S-566266,SN-S-566266,Matched,SP-100,SP-100,SP-100,SP-100,MobileX Warranty Services,2023-04-29,2024-04-29,12,0,Active,Active,False,2024-04-18,2024-04-29,,,366,11,Manufacturing Defect,Internal motherboard defect causing bootloop.,None,False,False,False,True,Claim submitted on warranty expiry boundary,0,False,0,False,True,True,True,True,True,True,True,,0,True,True,True,False,False,,False,False,True,True
CLM-773515,CUST-9398,PRD-159578,INV-20571641,,serial_mismatch,train,Manual Review,Smartphone,MobileX,SP-100,TechMart,2024-10-15,1281.54,True,SN-S-738953,SN-S-885663,SN-S-738953,SN-S-738953,SN-S-738953,Mismatch,SP-100,SP-100,SP-100,SP-100,MobileX Warranty Services,2024-10-15,2025-10-15,12,129,Active,Active,False,2025-05-18,2025-06-08,,,236,21,Manufacturing Defect,Internal motherboard defect causing bootloop.,None,False,False,False,True,No previous repairs,0,False,0,False,True,True,True,True,True,True,True,,0,False,False,True,False,True,Conflicting serial numbers,False,False,False,True
CLM-773651,CUST-6026,PRD-465917,INV-64663717,,unauthorized_repair,train,Invalid Claim,Television,VisionMax,TV-55OLED,Home Screen,2023-09-19,2423.34,True,SN-T-291542,SN-T-291542,SN-T-291542,SN-T-291542,SN-T-291542,Matched,TV-55OLED,TV-55OLED,TV-55OLED,TV-55OLED,VisionMax Warranty Services,2023-09-19,2025-03-19,18,359,Active,Active,False,2024-03-14,2024-03-25,,,188,11,Display Panel Defect,Internal panel line defect.,Unauthorized Modification,False,False,True,False,Unauthorized repair reported,0,False,0,False,True,True,True,True,True,True,True,,0,True,True,True,False,False,,False,True,False,True
CLM-773684,CUST-3806,PRD-369035,INV-19562056,,expired_warranty,train,Invalid Claim,Television,ViewOptics,TV-43U,Electro Store,2023-10-18,1193.11,True,SN-T-943058,SN-T-943058,SN-T-943058,SN-T-943058,SN-T-943058,Matched,TV-43U,TV-43U,TV-43U,TV-43U,ViewOptics Warranty Services,2023-10-18,2025-04-18,18,-109,Expired,Expired,False,2025-07-18,2025-08-05,,,657,18,Main Board Defect,Smart hub system failure.,None,False,False,False,True,No previous repairs,0,False,0,False,True,True,True,True,True,True,True,,0,True,True,True,False,False,,False,True,False,False
CLM-774072,CUST-2228,PRD-191360,INV-12925970,,previous_authorized_repair,train,Valid Claim,Television,ViewOptics,TV-55OLED,Electro Store,2024-10-22,3490.49,True,SN-T-760914,SN-T-760914,SN-T-760914,SN-T-760914,SN-T-760914,Matched,TV-55OLED,TV-55OLED,TV-55OLED,TV-55OLED,ViewOptics Warranty Services,2024-10-22,2026-04-22,18,388,Active,Active,False,2025-03-23,2025-03-30,2025-03-14,,159,7,Display Panel Defect,Internal panel line defect.,None,False,False,False,True,One or more authorized repairs,1,False,0,False,True,True,True,True,True,True,True,,0,True,True,True,False,False,,False,False,False,False
CLM-774220,CUST-5616,PRD-453853,INV-61254050,,standard_covered,train,Valid Claim,Laptop,UltraTech,LP-500,PC World,2024-08-07,1834.74,True,SN-L-811256,SN-L-811256,SN-L-811256,SN-L-811256,SN-L-811256,Matched,LP-500,LP-500,LP-500,LP-500,UltraTech Warranty Services,2024-08-07,2026-08-07,24,447,Active,Active,False,2025-04-20,2025-05-17,,,283,27,Factory SSD Failure,Primary storage failure.,None,False,False,False,True,No previous repairs,0,False,0,False,True,True,True,True,True,True,True,,0,True,True,True,False,False,,False,False,False,False
CLM-774369,CUST-9159,PRD-570358,INV-94176528,,standard_covered,train,Valid Claim,Smartphone,ApexPhone,SP-200,Mobile Hub,2024-08-08,1977.68,True,SN-S-321048,SN-S-321048,SN-S-321048,SN-S-321048,SN-S-321048,Matched,SP-200,SP-200,SP-200,SP-200,ApexPhone Warranty Services,2024-08-08,2025-08-08,12,309,Active,Active,False,2024-09-12,2024-10-03,,,56,21,Charging Port Failure,Charging connector failure under normal usage.,None,False,False,False,True,No previous repairs,0,False,0,False,True,True,True,True,True,True,True,,0,True,True,True,False,False,,False,False,False,False
CLM-778462,CUST-2903,PRD-194397,INV-10187899,,invalid_receipt,train,Invalid Claim,Laptop,ProBook,LP-900,OfficeDirect,2023-09-12,2322.96,False,SN-L-773618,SN-L-773618,SN-L-773618,SN-L-773618,SN-L-773618,Matched,LP-900,LP-900,LP-900,LP-900,ProBook Warranty Services,2023-09-12,2025-09-12,24,596,Active,Active,False,2024-01-04,2024-01-25,,,135,21,Keyboard Failure,Multiple keys non-functional.,None,False,False,False,True,No previous repairs,0,False,0,False,True,False,True,True,True,True,True,,0,False,False,True,False,False,,False,True,False,False
CLM-779772,CUST-6568,PRD-411358,INV-78147397,,standard_covered,train,Valid Claim,Television,CineDisplay,TV-65Q,Electro Store,2023-03-13,1045.03,True,SN-T-243139,SN-T-243139,SN-T-243139,SN-T-243139,SN-T-243139,Matched,TV-65Q,TV-65Q,TV-65Q,TV-65Q,CineDisplay Warranty Services,2023-03-13,2024-09-13,18,317,Active,Active,False,2023-10-31,2023-11-01,,,233,1,Power Supply Failure,Internal power board failure.,None,False,False,False,True,No previous repairs,0,False,0,False,True,True,True,True,True,True,True,,0,True,True,True,False,False,,False,False,False,False
CLM-782236,CUST-8906,PRD-808214,INV-38197129,,serial_mismatch,train,Manual Review,Smartphone,TechCorp,SP-200,City Electronics,2023-12-14,1036.1,True,SN-S-788428,SN-S-773223,SN-S-788428,SN-S-788428,SN-S-788428,Mismatch,SP-200,SP-200,SP-200,SP-200,TechCorp Warranty Services,2023-12-14,2024-12-14,12,211,Active,Active,False,2024-05-06,2024-05-17,,,155,11,Screen Defect (Non-Impact),Touch failure or dead pixels with no physical drop.,None,False,False,False,True,No previous repairs,0,False,0,False,True,True,True,True,True,True,True,,0,False,False,True,False,True,Conflicting serial numbers,False,False,False,True
CLM-783354,CUST-6412,PRD-764815,INV-53588695,,expired_warranty,train,Invalid Claim,Smartphone,TechCorp,SP-100,Mobile Hub,2024-01-08,1668.5,True,SN-S-370587,SN-S-370587,SN-S-370587,SN-S-370587,SN-S-370587,Matched,SP-100,SP-100,SP-100,SP-100,TechCorp Warranty Services,2024-01-08,2025-01-08,12,-37,Expired,Expired,False,2025-01-29,2025-02-14,,,403,16,Charging Port Failure,Charging connector failure under normal usage.,None,False,False,False,True,No previous repairs,0,False,0,False,True,True,True,True,True,True,True,,0,True,True,True,False,False,,False,True,False,False
CLM-785150,CUST-1746,PRD-104728,INV-89602555,,expired_warranty,train,Invalid Claim,Smartphone,TechCorp,SP-X,Mobile Hub,2023-05-21,731.05,True,SN-S-672401,SN-S-672401,SN-S-672401,SN-S-672401,SN-S-672401,Matched,SP-X,SP-X,SP-X,SP-X,TechCorp Warranty Services,2023-05-21,2024-05-21,12,-44,Expired,Expired,False,2024-06-25,2024-07-04,,,410,9,Battery Manufacturing Defect,Battery swelling or sudden degradation.,None,False,False,False,True,No previous repairs,0,False,0,False,True,True,True,True,True,True,True,,0,True,True,True,False,False,,False,True,False,False
CLM-785673,CUST-6745,PRD-606511,INV-25799382,,serial_mismatch,train,Manual Review,Television,VisionMax,TV-65Q,Electro Store,2023-01-04,1293.87,True,SN-T-983031,SN-T-976720,SN-T-983031,SN-T-983031,SN-T-983031,Mismatch,TV-65Q,TV-65Q,TV-65Q,TV-65Q,VisionMax Warranty Services,2023-01-04,2024-07-04,18,368,Active,Active,False,2023-06-13,2023-07-02,,,179,19,Power Supply Failure,Internal power board failure.,None,False,False,False,True,No previous repairs,0,False,0,False,True,True,True,True,True,True,True,,0,False,False,True,False,True,Conflicting serial numbers,False,False,False,True
CLM-786243,CUST-3180,PRD-694175,INV-81126909,,contradictory_information,train,Manual Review,Smartphone,MobileX,SP-200,City Electronics,2023-12-12,839.82,True,SN-S-481220,SN-S-481220,SN-S-481220,SN-S-481220,SN-S-481220,Matched,SP-200,SP-200,SP-200,SP-200,MobileX Warranty Services,2023-12-12,2024-12-12,12,247,Active,Active,False,2024-04-02,2024-04-09,2023-11-14,,119,7,Battery Manufacturing Defect,Battery swelling or sudden degradation.,None,False,False,False,True,Conflicting repair record predates purchase,1,False,0,False,True,True,True,True,True,True,True,,0,False,False,True,False,True,Repair date before purchase date,False,False,False,True
CLM-786833,CUST-8455,PRD-838423,INV-86056143,,missing_mandatory_document,train,Manual Review,Laptop,ProBook,LP-Pro,Digital Bazaar,2023-12-18,3393.31,True,SN-L-835928,SN-L-835928,SN-L-835928,SN-L-835928,SN-L-835928,Matched,LP-Pro,LP-Pro,LP-Pro,LP-Pro,ProBook Warranty Services,2023-12-18,2025-12-18,24,467,Active,Active,False,2024-08-15,2024-09-07,,,264,23,Motherboard Defect,Component failure on main board.,None,False,False,False,True,No previous repairs,0,False,0,False,False,True,True,True,False,True,True,Purchase Receipt|Serial Number Photo,2,False,False,True,False,False,,False,False,False,True
CLM-787031,CUST-1491,PRD-179918,INV-76780754,DUP-643791,duplicate_claim,train,Manual Review,Laptop,ProBook,LP-Pro,Digital Bazaar,2024-01-09,833.66,True,SN-L-290436,SN-L-290436,SN-L-290436,SN-L-290436,SN-L-290436,Matched,LP-Pro,LP-Pro,LP-Pro,LP-Pro,ProBook Warranty Services,2024-01-09,2026-01-09,24,602,Active,Active,False,2024-04-21,2024-05-17,,,129,26,Motherboard Defect,Component failure on main board.,None,False,False,False,True,No previous repairs,0,False,0,False,True,True,True,True,True,True,True,,0,True,True,True,True,False,,False,False,False,True
CLM-787633,CUST-5166,PRD-117493,INV-43207452,,invalid_receipt,train,Invalid Claim,Laptop,OmniLap,LP-Pro,OfficeDirect,2024-09-11,2167.2,False,SN-L-374025,SN-L-374025,SN-L-374025,SN-L-374025,SN-L-374025,Matched,LP-Pro,LP-Pro,LP-Pro,LP-Pro,OmniLap Warranty Services,2024-09-11,2026-09-11,24,668,Active,Active,False,2024-11-11,2024-11-12,,,62,1,Factory SSD Failure,Primary storage failure.,None,False,False,False,True,No previous repairs,0,False,0,False,True,False,True,True,True,True,True,,0,False,False,True,False,False,,False,True,False,False
CLM-787641,CUST-8940,PRD-976980,INV-56175477,,previous_authorized_repair,train,Valid Claim,Smartphone,ApexPhone,SP-100,City Electronics,2024-01-03,3207.47,True,SN-S-919898,SN-S-919898,SN-S-919898,SN-S-919898,SN-S-919898,Matched,SP-100,SP-100,SP-100,SP-100,ApexPhone Warranty Services,2024-01-03,2025-01-03,12,51,Active,Active,False,2024-10-27,2024-11-13,2024-10-10,,315,17,Charging Port Failure,Charging connector failure under normal usage.,None,False,False,False,True,One or more authorized repairs,1,False,0,False,True,True,True,True,True,True,True,,0,True,True,True,False,False,,False,False,False,False
CLM-787853,CUST-4903,PRD-831250,INV-97274855,,invalid_receipt,train,Invalid Claim,Television,CineDisplay,TV-55OLED,Electro Store,2024-08-26,1074.42,False,SN-T-916639,SN-T-916639,SN-T-916639,SN-T-916639,SN-T-916639,Matched,TV-55OLED,TV-55OLED,TV-55OLED,TV-55OLED,CineDisplay Warranty Services,2024-08-26,2026-02-26,18,428,Active,Active,False,2024-12-22,2024-12-25,,,121,3,Main Board Defect,Smart hub system failure.,None,False,False,False,True,No previous repairs,0,False,0,False,True,False,True,True,True,True,True,,0,False,False,True,False,False,,False,True,False,False
CLM-788030,CUST-9785,PRD-746908,INV-26753883,,standard_covered,train,Valid Claim,Laptop,ProBook,LP-900,PC World,2023-09-28,3409.94,True,SN-L-733052,SN-L-733052,SN-L-733052,SN-L-733052,SN-L-733052,Matched,LP-900,LP-900,LP-900,LP-900,ProBook Warranty Services,2023-09-28,2025-09-28,24,451,Active,Active,False,2024-06-09,2024-07-04,,,280,25,Motherboard Defect,Component failure on main board.,None,False,False,False,True,No previous repairs,0,False,0,False,True,True,True,True,True,True,True,,0,True,True,True,False,False,,False,False,False,False
CLM-788438,CUST-3140,PRD-166594,INV-74837853,,previous_authorized_repair,train,Valid Claim,Laptop,OmniLap,LP-900,OfficeDirect,2024-01-24,3233.33,True,SN-L-741018,SN-L-741018,SN-L-741018,SN-L-741018,SN-L-741018,Matched,LP-900,LP-900,LP-900,LP-900,OmniLap Warranty Services,2024-01-24,2026-01-24,24,689,Active,Active,False,2024-02-27,2024-03-06,2024-02-08,,42,8,Display Failure,Backlight failure without screen crack.,None,False,False,False,True,One or more authorized repairs,2,False,0,False,True,True,True,True,True,True,True,,0,True,True,True,False,False,,False,False,False,False
CLM-788695,CUST-2070,PRD-614591,INV-21509178,,contradictory_information,train,Manual Review,Laptop,UltraTech,LP-Pro,Digital Bazaar,2024-10-05,221.91,True,SN-L-656361,SN-L-656361,SN-L-656361,SN-L-656361,SN-L-656361,Matched,LP-Pro,LP-Pro,LP-Pro,LP-Pro,UltraTech Warranty Services,2024-10-05,2026-10-05,24,719,Active,Active,False,2024-09-25,2024-10-16,,,11,21,Motherboard Defect,Reported fault date predates the purchase date.,None,False,False,False,True,No previous repairs,0,False,0,False,True,True,True,True,True,True,True,,0,False,False,True,False,True,Fault date before purchase date,False,False,False,True
CLM-789081,CUST-4798,PRD-934803,INV-64364546,,near_expiry_boundary,train,Valid Claim,Smartphone,TechCorp,SP-X,TechMart,2024-07-27,2259.7,True,SN-S-447067,SN-S-447067,SN-S-447067,SN-S-447067,SN-S-447067,Matched,SP-X,SP-X,SP-X,SP-X,TechCorp Warranty Services,2024-07-27,2025-07-27,12,1,Active,Active,False,2025-07-04,2025-07-26,,,364,22,Charging Port Failure,Charging connector failure under normal usage.,None,False,False,False,True,No previous repairs,0,False,0,False,True,True,True,True,True,True,True,,0,True,True,True,False,False,,False,False,True,False
CLM-789565,CUST-7268,PRD-957130,INV-60458379,,service_center_unclear,train,Manual Review,Television,VisionMax,TV-43U,Electro Store,2023-11-02,1153.39,True,SN-T-485353,SN-T-485353,SN-T-485353,SN-T-485353,SN-T-485353,Matched,TV-43U,TV-43U,TV-43U,TV-43U,VisionMax Warranty Services,2023-11-02,2025-05-02,18,461,Active,Active,False,2024-01-11,2024-01-27,2023-12-22,,86,16,Display Panel Defect,Internal panel line defect.,None,False,False,False,False,Service-center authorization is unclear,1,False,0,False,True,True,True,True,True,True,True,,0,True,True,True,False,False,,False,False,False,True
CLM-791641,CUST-5566,PRD-643781,INV-43502308,,standard_covered,train,Valid Claim,Laptop,ProBook,LP-Pro,OfficeDirect,2024-01-11,3367.74,True,SN-L-655178,SN-L-655178,SN-L-655178,SN-L-655178,SN-L-655178,Matched,LP-Pro,LP-Pro,LP-Pro,LP-Pro,ProBook Warranty Services,2024-01-11,2026-01-11,24,549,Active,Active,False,2024-07-09,2024-07-11,,,182,2,Factory SSD Failure,Primary storage failure.,None,False,False,False,True,No previous repairs,0,False,0,False,True,True,True,True,True,True,True,,0,True,True,True,False,False,,False,False,False,False
CLM-794022,CUST-6051,PRD-419480,INV-69590884,,unauthorized_repair,train,Invalid Claim,Laptop,UltraTech,LP-Pro,OfficeDirect,2024-10-12,325.59,True,SN-L-977135,SN-L-977135,SN-L-977135,SN-L-977135,SN-L-977135,Matched,LP-Pro,LP-Pro,LP-Pro,LP-Pro,UltraTech Warranty Services,2024-10-12,2026-10-12,24,673,Active,Active,False,2024-11-13,2024-12-08,,,57,25,Motherboard Defect,Component failure on main board.,Unauthorized Modification,False,False,True,False,Unauthorized repair reported,0,False,0,False,True,True,True,True,True,True,True,,0,True,True,True,False,False,,False,True,False,True
CLM-795118,CUST-7138,PRD-605681,INV-35018189,,invalid_receipt,train,Invalid Claim,Television,ViewOptics,TV-65Q,Vision Retail,2024-03-17,2508.56,False,SN-T-868650,SN-T-868650,SN-T-868650,SN-T-868650,SN-T-868650,Matched,TV-65Q,TV-65Q,TV-65Q,TV-65Q,ViewOptics Warranty Services,2024-03-17,2025-09-17,18,399,Active,Active,False,2024-08-08,2024-08-14,,,150,6,Display Panel Defect,Internal panel line defect.,None,False,False,False,True,No previous repairs,0,False,0,False,True,False,True,True,True,True,True,,0,False,False,True,False,False,,False,True,False,False
CLM-795473,CUST-5718,PRD-289037,INV-35796821,,excluded_damage,train,Invalid Claim,Smartphone,ApexPhone,SP-X,City Electronics,2024-03-22,1721.96,True,SN-S-570103,SN-S-570103,SN-S-570103,SN-S-570103,SN-S-570103,Matched,SP-X,SP-X,SP-X,SP-X,ApexPhone Warranty Services,2024-03-22,2025-03-22,12,208,Active,Active,False,2024-08-18,2024-08-26,,,157,8,Physical Damage,Cracked screen or casing from impact.,Physical Impact,True,False,False,True,No previous repairs,0,False,0,False,True,True,True,True,True,True,True,,0,True,True,True,False,False,,False,True,False,False
CLM-795559,CUST-5623,PRD-328948,INV-14185545,,expired_warranty,train,Invalid Claim,Television,CineDisplay,TV-43U,Home Screen,2024-07-27,938.06,True,SN-T-837520,SN-T-837520,SN-T-837520,SN-T-837520,SN-T-837520,Matched,TV-43U,TV-43U,TV-43U,TV-43U,CineDisplay Warranty Services,2024-07-27,2026-01-27,18,-126,Expired,Expired,False,2026-05-12,2026-06-02,,,675,21,Power Supply Failure,Internal power board failure.,None,False,False,False,True,No previous repairs,0,False,0,False,True,True,True,True,True,True,True,,0,True,True,True,False,False,,False,True,False,False
CLM-795633,CUST-8115,PRD-270770,INV-19027654,,missing_mandatory_document,train,Manual Review,Laptop,UltraTech,LP-500,OfficeDirect,2023-04-01,1793.82,True,SN-L-765607,SN-L-765607,SN-L-765607,SN-L-765607,SN-L-765607,Matched,LP-500,LP-500,LP-500,LP-500,UltraTech Warranty Services,2023-04-01,2025-04-01,24,670,Active,Active,False,2023-04-22,2023-06-01,,,61,40,Keyboard Failure,Multiple keys non-functional.,None,False,False,False,True,No previous repairs,0,False,0,False,False,True,True,True,True,True,True,Purchase Receipt,1,False,False,True,False,False,,False,False,False,True
CLM-795687,CUST-3024,PRD-620304,INV-83454998,,previous_authorized_repair,train,Valid Claim,Laptop,ProBook,LP-500,Digital Bazaar,2024-03-02,996.67,True,SN-L-221414,SN-L-221414,SN-L-221414,SN-L-221414,SN-L-221414,Matched,LP-500,LP-500,LP-500,LP-500,ProBook Warranty Services,2024-03-02,2026-03-02,24,471,Active,Active,False,2024-10-02,2024-11-16,2024-09-21,,259,45,Factory SSD Failure,Primary storage failure.,None,False,False,False,True,One or more authorized repairs,1,False,0,False,True,True,True,True,True,True,True,,0,True,True,True,False,False,,False,False,True,False
CLM-796130,CUST-9609,PRD-834887,INV-74867032,,unauthorized_repair,train,Invalid Claim,Television,ViewOptics,TV-65Q,Vision Retail,2023-11-26,2547.43,True,SN-T-287693,SN-T-287693,SN-T-287693,SN-T-287693,SN-T-287693,Matched,TV-65Q,TV-65Q,TV-65Q,TV-65Q,ViewOptics Warranty Services,2023-11-26,2025-05-26,18,397,Active,Active,False,2024-04-15,2024-04-24,,,150,9,Main Board Defect,Smart hub system failure.,Unauthorized Modification,False,False,True,False,Unauthorized repair reported,0,False,0,False,True,True,True,True,True,True,True,,0,True,True,True,False,False,,False,True,False,True
CLM-797134,CUST-1886,PRD-760827,INV-50812122,,invalid_receipt,train,Invalid Claim,Television,VisionMax,TV-65Q,Electro Store,2023-04-10,1682.73,False,SN-T-512900,SN-T-512900,SN-T-512900,SN-T-512900,SN-T-512900,Matched,TV-65Q,TV-65Q,TV-65Q,TV-65Q,VisionMax Warranty Services,2023-04-10,2024-10-10,18,479,Active,Active,False,2023-06-04,2023-06-19,,,70,15,Display Panel Defect,Internal panel line defect.,None,False,False,False,True,No previous repairs,0,False,0,False,True,False,True,True,True,True,True,,0,False,False,True,False,False,,False,True,False,False
CLM-797203,CUST-8001,PRD-684548,INV-63191556,DUP-367762,duplicate_claim,train,Manual Review,Television,CineDisplay,TV-65Q,Home Screen,2023-05-03,2850.32,True,SN-T-247083,SN-T-247083,SN-T-247083,SN-T-247083,SN-T-247083,Matched,TV-65Q,TV-65Q,TV-65Q,TV-65Q,CineDisplay Warranty Services,2023-05-03,2024-11-03,18,294,Active,Active,False,2023-12-19,2024-01-14,,,256,26,Main Board Defect,Smart hub system failure.,None,False,False,False,True,No previous repairs,0,False,0,False,True,True,True,True,True,True,True,,0,True,True,True,True,False,,False,False,False,True
CLM-797244,CUST-9860,PRD-614366,INV-91827925,,contradictory_information,train,Manual Review,Laptop,UltraTech,LP-500,OfficeDirect,2023-06-19,1570.45,True,SN-L-813447,SN-L-813447,SN-L-813447,SN-L-813447,SN-L-813447,Matched,LP-500,LP-500,LP-500,LP-500,UltraTech Warranty Services,2023-06-19,2025-06-19,24,721,Active,Active,False,2023-05-20,2023-06-29,,,10,40,Keyboard Failure,Reported fault date predates the purchase date.,None,False,False,False,True,No previous repairs,0,False,0,False,True,True,True,True,True,True,True,,0,False,False,True,False,True,Fault date before purchase date,False,False,False,True
CLM-798229,CUST-7291,PRD-659827,INV-76354180,,standard_covered,train,Valid Claim,Television,CineDisplay,TV-43U,Vision Retail,2024-10-06,1488.84,True,SN-T-534572,SN-T-534572,SN-T-534572,SN-T-534572,SN-T-534572,Matched,TV-43U,TV-43U,TV-43U,TV-43U,CineDisplay Warranty Services,2024-10-06,2026-04-06,18,423,Active,Active,False,2025-02-02,2025-02-07,,,124,5,Main Board Defect,Smart hub system failure.,None,False,False,False,True,No previous repairs,0,False,0,False,True,True,True,True,True,True,True,,0,True,True,True,False,False,,False,False,False,False
CLM-799319,CUST-7791,PRD-165844,INV-59338378,,excluded_damage,train,Invalid Claim,Laptop,OmniLap,LP-Pro,PC World,2023-10-16,759.33,True,SN-L-938366,SN-L-938366,SN-L-938366,SN-L-938366,SN-L-938366,Matched,LP-Pro,LP-Pro,LP-Pro,LP-Pro,OmniLap Warranty Services,2023-10-16,2025-10-16,24,652,Active,Active,False,2024-01-01,2024-01-03,,,79,2,Unauthorized Modification,RAM/SSD force modification damage.,Unauthorized Modification,False,False,True,True,No previous repairs,0,False,0,False,True,True,True,True,True,True,True,,0,True,True,True,False,False,,False,True,False,False
CLM-800207,CUST-1326,PRD-134882,INV-12834368,,missing_mandatory_document,train,Manual Review,Television,CineDisplay,TV-43U,Electro Store,2023-12-04,2838.08,True,SN-T-740419,SN-T-740419,SN-T-740419,SN-T-740419,SN-T-740419,Matched,TV-43U,TV-43U,TV-43U,TV-43U,CineDisplay Warranty Services,2023-12-04,2025-06-04,18,249,Active,Active,False,2024-09-25,2024-09-28,,,299,3,Display Panel Defect,Internal panel line defect.,None,False,False,False,True,No previous repairs,0,False,0,False,True,True,True,False,True,True,True,Product ID Tag Photo,1,False,False,True,False,False,,False,False,False,True
CLM-801241,CUST-4582,PRD-926341,INV-41227216,,standard_covered,train,Valid Claim,Laptop,OmniLap,LP-500,Digital Bazaar,2023-02-02,1842.94,True,SN-L-542417,SN-L-542417,SN-L-542417,SN-L-542417,SN-L-542417,Matched,LP-500,LP-500,LP-500,LP-500,OmniLap Warranty Services,2023-02-02,2025-02-02,24,662,Active,Active,False,2023-04-10,2023-04-12,,,69,2,Motherboard Defect,Component failure on main board.,None,False,False,False,True,No previous repairs,0,False,0,False,True,True,True,True,True,True,True,,0,True,True,True,False,False,,False,False,False,False
CLM-802567,CUST-3621,PRD-969838,INV-66661351,,standard_covered,train,Valid Claim,Television,CineDisplay,TV-55OLED,Home Screen,2023-02-18,2147.97,True,SN-T-892495,SN-T-892495,SN-T-892495,SN-T-892495,SN-T-892495,Matched,TV-55OLED,TV-55OLED,TV-55OLED,TV-55OLED,CineDisplay Warranty Services,2023-02-18,2024-08-18,18,436,Active,Active,False,2023-05-27,2023-06-09,,,111,13,Display Panel Defect,Internal panel line defect.,None,False,False,False,True,No previous repairs,0,False,0,False,True,True,True,True,True,True,True,,0,True,True,True,False,False,,False,False,False,False
CLM-804001,CUST-5209,PRD-734896,INV-11906295,,expired_warranty,train,Invalid Claim,Smartphone,ApexPhone,SP-100,City Electronics,2023-05-16,2633.79,True,SN-S-364294,SN-S-364294,SN-S-364294,SN-S-364294,SN-S-364294,Matched,SP-100,SP-100,SP-100,SP-100,ApexPhone Warranty Services,2023-05-16,2024-05-16,12,-79,Expired,Expired,False,2024-07-04,2024-08-03,,,445,30,Battery Manufacturing Defect,Battery swelling or sudden degradation.,None,False,False,False,True,No previous repairs,0,False,0,False,True,True,True,True,True,True,True,,0,True,True,True,False,False,,False,True,True,False
CLM-804889,CUST-5558,PRD-433704,INV-66581473,,standard_covered,train,Valid Claim,Smartphone,MobileX,SP-200,TechMart,2023-12-01,995.11,True,SN-S-576786,SN-S-576786,SN-S-576786,SN-S-576786,SN-S-576786,Matched,SP-200,SP-200,SP-200,SP-200,MobileX Warranty Services,2023-12-01,2024-12-01,12,149,Active,Active,False,2024-07-02,2024-07-05,,,217,3,Battery Manufacturing Defect,Battery swelling or sudden degradation.,None,False,False,False,True,No previous repairs,0,False,0,False,True,True,True,True,True,True,True,,0,True,True,True,False,False,,False,False,False,False
CLM-804974,CUST-6773,PRD-669968,INV-43380094,,contradictory_information,train,Manual Review,Laptop,ProBook,LP-Pro,PC World,2023-09-17,1076.72,True,SN-L-990691,SN-L-990691,SN-L-990691,SN-L-990691,SN-L-990691,Matched,LP-Pro,LP-Pro,LP-Pro,LP-Pro,ProBook Warranty Services,2023-09-17,2025-09-17,24,725,Active,Active,False,2023-08-27,2023-09-23,,,6,27,Display Failure,Reported fault date predates the purchase date.,None,False,False,False,True,No previous repairs,0,False,0,False,True,True,True,True,True,True,True,,0,False,False,True,False,True,Fault date before purchase date,False,False,False,True
CLM-806413,CUST-8931,PRD-417205,INV-91827614,,contradictory_information,train,Manual Review,Television,ViewOptics,TV-43U,Vision Retail,2024-05-18,1452.51,True,SN-T-124991,SN-T-124991,SN-T-124991,SN-T-124991,SN-T-124991,Matched,TV-43U,TV-43U,TV-43U,TV-43U,ViewOptics Warranty Services,2024-05-18,2025-11-18,18,401,Active,Active,False,2024-10-03,2024-10-13,2024-04-19,,148,10,Display Panel Defect,Internal panel line defect.,None,False,False,False,True,Conflicting repair record predates purchase,1,False,0,False,True,True,True,True,True,True,True,,0,False,False,True,False,True,Repair date before purchase date,False,False,False,True
CLM-806541,CUST-5914,PRD-113351,INV-86414081,DUP-187436,duplicate_claim,train,Manual Review,Television,ViewOptics,TV-43U,Home Screen,2024-08-26,182.17,True,SN-T-668714,SN-T-668714,SN-T-668714,SN-T-668714,SN-T-668714,Matched,TV-43U,TV-43U,TV-43U,TV-43U,ViewOptics Warranty Services,2024-08-26,2026-02-26,18,266,Active,Active,False,2025-05-22,2025-06-05,,,283,14,Display Panel Defect,Internal panel line defect.,None,False,False,False,True,No previous repairs,0,False,0,False,True,True,True,True,True,True,True,,0,True,True,True,True,False,,False,False,False,True
CLM-806881,CUST-3365,PRD-633406,INV-19691415,,borderline_reporting,train,Manual Review,Smartphone,TechCorp,SP-X,TechMart,2023-01-01,2478.04,True,SN-S-850992,SN-S-850992,SN-S-850992,SN-S-850992,SN-S-850992,Matched,SP-X,SP-X,SP-X,SP-X,TechCorp Warranty Services,2023-01-01,2024-01-01,12,0,Active,Active,False,2023-12-27,2024-01-01,,,365,5,Manufacturing Defect,Internal motherboard defect causing bootloop.,None,False,False,False,True,Claim submitted on warranty expiry boundary,0,False,0,False,True,True,True,True,True,True,True,,0,True,True,True,False,False,,False,False,True,True
CLM-808116,CUST-8491,PRD-878566,INV-34924955,,contradictory_information,train,Manual Review,Television,VisionMax,TV-65Q,Vision Retail,2023-02-15,3139.39,True,SN-T-814220,SN-T-814220,SN-T-814220,SN-T-814220,SN-T-814220,Matched,TV-65Q,TV-65Q,TV-65Q,TV-65Q,VisionMax Warranty Services,2023-02-15,2024-08-15,18,531,Active,Active,False,2023-01-28,2023-03-03,,,16,34,Display Panel Defect,Reported fault date predates the purchase date.,None,False,False,False,True,No previous repairs,0,False,0,False,True,True,True,True,True,True,True,,0,False,False,False,False,True,Fault date before purchase date,False,False,False,True
CLM-808477,CUST-4629,PRD-861384,INV-96011893,,extended_warranty,train,Valid Claim,Smartphone,MobileX,SP-200,City Electronics,2023-01-05,1611.02,True,SN-S-276831,SN-S-276831,SN-S-276831,SN-S-276831,SN-S-276831,Matched,SP-200,SP-200,SP-200,SP-200,MobileX Warranty Services,2023-01-05,2025-01-05,24,558,Active,Active,True,2023-05-31,2023-06-27,,,173,27,Battery Manufacturing Defect,Battery swelling or sudden degradation.,None,False,False,False,True,No previous repairs,0,False,0,False,True,True,True,True,True,True,True,,0,True,True,True,False,False,,False,False,False,False
CLM-813083,CUST-4074,PRD-722876,INV-66395082,,late_reporting,train,Invalid Claim,Smartphone,ApexPhone,SP-200,Mobile Hub,2023-04-10,2483.09,True,SN-S-706472,SN-S-706472,SN-S-706472,SN-S-706472,SN-S-706472,Matched,SP-200,SP-200,SP-200,SP-200,ApexPhone Warranty Services,2023-04-10,2024-04-10,12,308,Active,Active,False,2023-04-30,2023-06-07,,,58,38,Manufacturing Defect,Internal motherboard defect causing bootloop.,None,False,False,False,True,No previous repairs,0,False,0,False,True,True,True,True,True,True,True,,0,True,True,False,False,False,,False,True,False,False
CLM-814966,CUST-9379,PRD-936653,INV-47432067,,excluded_damage,train,Invalid Claim,Television,ViewOptics,TV-55OLED,Vision Retail,2024-09-09,643.7,True,SN-T-799061,SN-T-799061,SN-T-799061,SN-T-799061,SN-T-799061,Matched,TV-55OLED,TV-55OLED,TV-55OLED,TV-55OLED,ViewOptics Warranty Services,2024-09-09,2026-03-09,18,486,Active,Active,False,2024-10-30,2024-11-08,,,60,9,Cracked Screen,External screen crack from impact.,Physical Impact,True,False,False,True,No previous repairs,0,False,0,False,True,True,True,True,True,True,True,,0,True,True,True,False,False,,False,True,False,False
CLM-815053,CUST-5347,PRD-593287,INV-17032877,,standard_covered,train,Valid Claim,Television,VisionMax,TV-55OLED,Home Screen,2023-11-28,574.64,True,SN-T-717457,SN-T-717457,SN-T-717457,SN-T-717457,SN-T-717457,Matched,TV-55OLED,TV-55OLED,TV-55OLED,TV-55OLED,VisionMax Warranty Services,2023-11-28,2025-05-28,18,424,Active,Active,False,2024-03-16,2024-03-30,,,123,14,Display Panel Defect,Internal panel line defect.,None,False,False,False,True,No previous repairs,0,False,0,False,True,True,True,True,True,True,True,,0,True,True,True,False,False,,False,False,False,False
CLM-817747,CUST-9381,PRD-962305,INV-17522583,,excluded_damage,train,Invalid Claim,Television,CineDisplay,TV-43U,Electro Store,2023-07-19,3193.3,True,SN-T-513583,SN-T-513583,SN-T-513583,SN-T-513583,SN-T-513583,Matched,TV-43U,TV-43U,TV-43U,TV-43U,CineDisplay Warranty Services,2023-07-19,2025-01-19,18,470,Active,Active,False,2023-09-14,2023-10-07,,,80,23,Electrical Surge,High voltage power surge damage.,Electrical Surge,False,False,False,True,No previous repairs,0,False,0,False,True,True,True,True,True,True,True,,0,True,True,True,False,False,,False,True,False,False
CLM-818598,CUST-3923,PRD-250540,INV-96635285,,expired_warranty,train,Invalid Claim,Smartphone,MobileX,SP-100,City Electronics,2024-05-18,1798.39,True,SN-S-172769,SN-S-172769,SN-S-172769,SN-S-172769,SN-S-172769,Matched,SP-100,SP-100,SP-100,SP-100,MobileX Warranty Services,2024-05-18,2025-05-18,12,-168,Expired,Expired,False,2025-10-08,2025-11-02,,,533,25,Screen Defect (Non-Impact),Touch failure or dead pixels with no physical drop.,None,False,False,False,True,No previous repairs,0,False,0,False,True,True,True,True,True,True,True,,0,True,True,True,False,False,,False,True,False,False
CLM-818957,CUST-4390,PRD-929555,INV-34704966,,invalid_receipt,train,Invalid Claim,Laptop,UltraTech,LP-Pro,PC World,2024-02-04,162.06,False,SN-L-689822,SN-L-689822,SN-L-689822,SN-L-689822,SN-L-689822,Matched,LP-Pro,LP-Pro,LP-Pro,LP-Pro,UltraTech Warranty Services,2024-02-04,2026-02-04,24,618,Active,Active,False,2024-04-19,2024-05-27,,,113,38,Factory SSD Failure,Primary storage failure.,None,False,False,False,True,No previous repairs,0,False,0,False,True,False,True,True,True,True,True,,0,False,False,True,False,False,,False,True,False,False
CLM-819991,CUST-7458,PRD-548099,INV-60138147,,excluded_damage,train,Invalid Claim,Smartphone,MobileX,SP-X,TechMart,2023-01-27,2127.63,True,SN-S-444622,SN-S-444622,SN-S-444622,SN-S-444622,SN-S-444622,Matched,SP-X,SP-X,SP-X,SP-X,MobileX Warranty Services,2023-01-27,2024-01-27,12,305,Active,Active,False,2023-03-27,2023-03-28,,,60,1,Liquid Damage,Liquid contact indicator triggered.,Liquid Contact,False,True,False,True,No previous repairs,0,False,0,False,True,True,True,True,True,True,True,,0,True,True,True,False,False,,False,True,False,False
CLM-821633,CUST-3084,PRD-662106,INV-40523650,,missing_mandatory_document,train,Manual Review,Smartphone,MobileX,SP-100,City Electronics,2023-10-10,2261.63,True,SN-S-903184,SN-S-903184,SN-S-903184,SN-S-903184,SN-S-903184,Matched,SP-100,SP-100,SP-100,SP-100,MobileX Warranty Services,2023-10-10,2024-10-10,12,88,Active,Active,False,2024-07-09,2024-07-14,,,278,5,Battery Manufacturing Defect,Battery swelling or sudden degradation.,None,False,False,False,True,No previous repairs,0,False,0,False,True,True,True,True,False,True,True,Serial Number Photo,1,False,False,True,False,False,,False,False,False,True
CLM-821795,CUST-2738,PRD-297956,INV-48901209,,extended_warranty,train,Valid Claim,Laptop,OmniLap,LP-Pro,OfficeDirect,2023-03-16,2786.09,True,SN-L-834928,SN-L-834928,SN-L-834928,SN-L-834928,SN-L-834928,Matched,LP-Pro,LP-Pro,LP-Pro,LP-Pro,OmniLap Warranty Services,2023-03-16,2026-03-16,36,799,Active,Active,True,2023-12-18,2024-01-07,,,297,20,Display Failure,Backlight failure without screen crack.,None,False,False,False,True,No previous repairs,0,False,0,False,True,True,True,True,True,True,True,,0,True,True,True,False,False,,False,False,False,False
CLM-822888,CUST-1637,PRD-827291,INV-28392710,,near_expiry_boundary,train,Valid Claim,Laptop,ProBook,LP-500,Digital Bazaar,2024-02-16,2540.53,True,SN-L-633853,SN-L-633853,SN-L-633853,SN-L-633853,SN-L-633853,Matched,LP-500,LP-500,LP-500,LP-500,ProBook Warranty Services,2024-02-16,2026-02-16,24,4,Active,Active,False,2026-01-28,2026-02-12,,,727,15,Motherboard Defect,Component failure on main board.,None,False,False,False,True,No previous repairs,0,False,0,False,True,True,True,True,True,True,True,,0,True,True,True,False,False,,False,False,True,False
CLM-822962,CUST-6681,PRD-288807,INV-49922892,,unauthorized_repair,train,Invalid Claim,Television,CineDisplay,TV-43U,Electro Store,2023-10-22,1460.15,True,SN-T-195528,SN-T-195528,SN-T-195528,SN-T-195528,SN-T-195528,Matched,TV-43U,TV-43U,TV-43U,TV-43U,CineDisplay Warranty Services,2023-10-22,2025-04-22,18,470,Active,Active,False,2023-12-25,2024-01-08,,,78,14,Main Board Defect,Smart hub system failure.,Unauthorized Modification,False,False,True,False,Unauthorized repair reported,0,False,0,False,True,True,True,True,True,True,True,,0,True,True,True,False,False,,False,True,False,True
CLM-824705,CUST-8272,PRD-239416,INV-57183837,,standard_covered,train,Valid Claim,Smartphone,ApexPhone,SP-200,City Electronics,2024-09-09,1647.88,True,SN-S-567576,SN-S-567576,SN-S-567576,SN-S-567576,SN-S-567576,Matched,SP-200,SP-200,SP-200,SP-200,ApexPhone Warranty Services,2024-09-09,2025-09-09,12,236,Active,Active,False,2024-12-23,2025-01-16,,,129,24,Charging Port Failure,Charging connector failure under normal usage.,None,False,False,False,True,No previous repairs,0,False,0,False,True,True,True,True,True,True,True,,0,True,True,True,False,False,,False,False,False,False
CLM-824938,CUST-1200,PRD-455366,INV-71557975,,expired_warranty,train,Invalid Claim,Television,VisionMax,TV-43U,Home Screen,2023-01-04,1817.05,True,SN-T-312705,SN-T-312705,SN-T-312705,SN-T-312705,SN-T-312705,Matched,TV-43U,TV-43U,TV-43U,TV-43U,VisionMax Warranty Services,2023-01-04,2024-07-04,18,-170,Expired,Expired,False,2024-11-25,2024-12-21,,,717,26,Main Board Defect,Smart hub system failure.,None,False,False,False,True,No previous repairs,0,False,0,False,True,True,True,True,True,True,True,,0,True,True,True,False,False,,False,True,False,False
CLM-824967,CUST-7524,PRD-772751,INV-48226119,,contradictory_information,train,Manual Review,Laptop,UltraTech,LP-500,OfficeDirect,2023-12-02,1946.47,True,SN-L-663022,SN-L-663022,SN-L-663022,SN-L-663022,SN-L-663022,Matched,LP-500,LP-500,LP-500,LP-500,UltraTech Warranty Services,2023-12-02,2025-12-02,24,651,Active,Active,False,2024-02-13,2024-02-20,2023-11-03,,80,7,Keyboard Failure,Multiple keys non-functional.,None,False,False,False,True,Conflicting repair record predates purchase,1,False,0,False,True,True,True,True,True,True,True,,0,False,False,True,False,True,Repair date before purchase date,False,False,False,True
CLM-828380,CUST-8921,PRD-226083,INV-72394301,,standard_covered,train,Valid Claim,Laptop,UltraTech,LP-Pro,OfficeDirect,2023-06-30,1609.17,True,SN-L-556641,SN-L-556641,SN-L-556641,SN-L-556641,SN-L-556641,Matched,LP-Pro,LP-Pro,LP-Pro,LP-Pro,UltraTech Warranty Services,2023-06-30,2025-06-30,24,398,Active,Active,False,2024-04-20,2024-05-28,,,333,38,Display Failure,Backlight failure without screen crack.,None,False,False,False,True,No previous repairs,0,False,0,False,True,True,True,True,True,True,True,,0,True,True,True,False,False,,False,False,False,False
CLM-829136,CUST-3173,PRD-265397,INV-49323367,,serial_mismatch,train,Manual Review,Smartphone,MobileX,SP-X,TechMart,2024-04-28,367.12,True,SN-S-283722,SN-S-317062,SN-S-283722,SN-S-283722,SN-S-283722,Mismatch,SP-X,SP-X,SP-X,SP-X,MobileX Warranty Services,2024-04-28,2025-04-28,12,179,Active,Active,False,2024-10-30,2024-10-31,,,186,1,Screen Defect (Non-Impact),Touch failure or dead pixels with no physical drop.,None,False,False,False,True,No previous repairs,0,False,0,False,True,True,True,True,True,True,True,,0,False,False,True,False,True,Conflicting serial numbers,False,False,False,True
CLM-829153,CUST-1590,PRD-292483,INV-58283485,,complex_covered,train,Valid Claim,Laptop,OmniLap,LP-Pro,PC World,2023-02-04,951.51,True,SN-L-304206,SN-L-304206,SN-L-304206,SN-L-304206,SN-L-304206,Matched,LP-Pro,LP-Pro,LP-Pro,LP-Pro,OmniLap Warranty Services,2023-02-04,2025-02-04,24,624,Active,Active,False,2023-05-21,2023-05-22,2023-05-09,,107,1,Keyboard Failure,Multiple keys non-functional. Additional diagnostic evidence supplied.,None,False,False,False,True,Complex repair history with supporting diagnostics,1,False,0,False,True,True,True,True,True,True,True,,0,True,True,True,False,False,,False,False,False,False
CLM-829553,CUST-9602,PRD-357541,INV-16307591,,contradictory_information,train,Manual Review,Smartphone,ApexPhone,SP-X,City Electronics,2024-09-07,2830.87,True,SN-S-651105,SN-S-651105,SN-S-651105,SN-S-651105,SN-S-651105,Matched,SP-X,SP-X,SP-X,SP-X,ApexPhone Warranty Services,2024-09-07,2025-09-07,12,220,Active,Active,False,2025-01-13,2025-01-30,2024-08-28,,145,17,Screen Defect (Non-Impact),Touch failure or dead pixels with no physical drop.,None,False,False,False,True,Conflicting repair record predates purchase,1,False,0,False,True,True,True,True,True,True,True,,0,False,False,True,False,True,Repair date before purchase date,False,False,False,True
CLM-831067,CUST-9693,PRD-888992,INV-47509496,,invalid_receipt,train,Invalid Claim,Television,CineDisplay,TV-55OLED,Electro Store,2023-05-23,3336.06,False,SN-T-976002,SN-T-976002,SN-T-976002,SN-T-976002,SN-T-976002,Matched,TV-55OLED,TV-55OLED,TV-55OLED,TV-55OLED,CineDisplay Warranty Services,2023-05-23,2024-11-23,18,455,Active,Active,False,2023-08-14,2023-08-26,,,95,12,Display Panel Defect,Internal panel line defect.,None,False,False,False,True,No previous repairs,0,False,0,False,True,False,True,True,True,True,True,,0,False,False,True,False,False,,False,True,False,False
CLM-831740,CUST-3347,PRD-223677,INV-98612211,,near_expiry_boundary,train,Valid Claim,Laptop,OmniLap,LP-Pro,Digital Bazaar,2023-11-25,1896.19,True,SN-L-958136,SN-L-958136,SN-L-958136,SN-L-958136,SN-L-958136,Matched,LP-Pro,LP-Pro,LP-Pro,LP-Pro,OmniLap Warranty Services,2023-11-25,2025-11-25,24,7,Active,Active,False,2025-11-13,2025-11-18,,,724,5,Keyboard Failure,Multiple keys non-functional.,None,False,False,False,True,No previous repairs,0,False,0,False,True,True,True,True,True,True,True,,0,True,True,True,False,False,,False,False,True,False
CLM-831772,CUST-3193,PRD-148634,INV-44160831,,complex_covered,train,Valid Claim,Television,ViewOptics,TV-55OLED,Vision Retail,2024-08-12,1748.42,True,SN-T-717661,SN-T-717661,SN-T-717661,SN-T-717661,SN-T-717661,Matched,TV-55OLED,TV-55OLED,TV-55OLED,TV-55OLED,ViewOptics Warranty Services,2024-08-12,2026-02-12,18,304,Active,Active,False,2025-04-06,2025-04-14,,,245,8,Display Panel Defect,Internal panel line defect. Additional diagnostic evidence supplied.,None,False,False,False,True,Complex repair history with supporting diagnostics,0,False,0,False,True,True,True,True,True,True,True,,0,True,True,True,False,False,,False,False,False,False
CLM-831873,CUST-8139,PRD-633693,INV-32143753,,excluded_damage,train,Invalid Claim,Television,ViewOptics,TV-55OLED,Electro Store,2023-09-28,1207.07,True,SN-T-969887,SN-T-969887,SN-T-969887,SN-T-969887,SN-T-969887,Matched,TV-55OLED,TV-55OLED,TV-55OLED,TV-55OLED,ViewOptics Warranty Services,2023-09-28,2025-03-28,18,413,Active,Active,False,2024-02-07,2024-02-09,,,134,2,Cracked Screen,External screen crack from impact.,Physical Impact,True,False,False,True,No previous repairs,0,False,0,False,True,True,True,True,True,True,True,,0,True,True,True,False,False,,False,True,False,False
CLM-832288,CUST-3082,PRD-199903,INV-79555056,,contradictory_information,train,Manual Review,Television,VisionMax,TV-55OLED,Home Screen,2024-07-22,3485.12,True,SN-T-190705,SN-T-190705,SN-T-190705,SN-T-190705,SN-T-190705,Matched,TV-55OLED,TV-55OLED,TV-55OLED,TV-55OLED,VisionMax Warranty Services,2024-07-22,2026-01-22,18,541,Active,Active,False,2024-07-10,2024-07-30,,,8,20,Power Supply Failure,Reported fault date predates the purchase date.,None,False,False,False,True,No previous repairs,0,False,0,False,True,True,True,True,True,True,True,,0,False,False,True,False,True,Fault date before purchase date,False,False,False,True
CLM-832684,CUST-5536,PRD-364190,INV-45050544,,previous_authorized_repair,train,Valid Claim,Television,CineDisplay,TV-43U,Vision Retail,2023-12-11,2348.0,True,SN-T-166938,SN-T-166938,SN-T-166938,SN-T-166938,SN-T-166938,Matched,TV-43U,TV-43U,TV-43U,TV-43U,CineDisplay Warranty Services,2023-12-11,2025-06-11,18,333,Active,Active,False,2024-06-14,2024-07-13,2024-06-03,,215,29,Power Supply Failure,Internal power board failure.,None,False,False,False,True,One or more authorized repairs,1,False,0,False,True,True,True,True,True,True,True,,0,True,True,True,False,False,,False,False,False,False
CLM-833698,CUST-8856,PRD-572844,INV-46738721,,invalid_receipt,train,Invalid Claim,Laptop,ProBook,LP-500,OfficeDirect,2024-05-15,2473.98,False,SN-L-227980,SN-L-227980,SN-L-227980,SN-L-227980,SN-L-227980,Matched,LP-500,LP-500,LP-500,LP-500,ProBook Warranty Services,2024-05-15,2026-05-15,24,639,Active,Active,False,2024-07-20,2024-08-14,,,91,25,Keyboard Failure,Multiple keys non-functional.,None,False,False,False,True,No previous repairs,0,False,0,False,True,False,True,True,True,True,True,,0,False,False,True,False,False,,False,True,False,False
CLM-834796,CUST-4337,PRD-859564,INV-65462544,,complex_covered,train,Valid Claim,Television,CineDisplay,TV-55OLED,Electro Store,2024-09-18,1999.55,True,SN-T-483405,SN-T-483405,SN-T-483405,SN-T-483405,SN-T-483405,Matched,TV-55OLED,TV-55OLED,TV-55OLED,TV-55OLED,CineDisplay Warranty Services,2024-09-18,2026-03-18,18,305,Active,Active,False,2025-04-29,2025-05-17,2025-04-14,,241,18,Power Supply Failure,Internal power board failure. Additional diagnostic evidence supplied.,None,False,False,False,True,Complex repair history with supporting diagnostics,1,False,0,False,True,True,True,True,True,True,True,,0,True,True,True,False,False,,False,False,False,False
CLM-835985,CUST-4310,PRD-823208,INV-24368701,,complex_covered,train,Valid Claim,Laptop,OmniLap,LP-Pro,OfficeDirect,2023-05-13,1775.99,True,SN-L-145903,SN-L-145903,SN-L-145903,SN-L-145903,SN-L-145903,Matched,LP-Pro,LP-Pro,LP-Pro,LP-Pro,OmniLap Warranty Services,2023-05-13,2025-05-13,24,688,Active,Active,False,2023-06-18,2023-06-25,,,43,7,Keyboard Failure,Multiple keys non-functional. Additional diagnostic evidence supplied.,None,False,False,False,True,Complex repair history with supporting diagnostics,0,False,0,False,True,True,True,True,True,True,True,,0,True,True,True,False,False,,False,False,False,False
CLM-836657,CUST-8200,PRD-586204,INV-64811239,,excluded_damage,train,Invalid Claim,Television,ViewOptics,TV-43U,Home Screen,2023-06-29,1001.92,True,SN-T-212002,SN-T-212002,SN-T-212002,SN-T-212002,SN-T-212002,Matched,TV-43U,TV-43U,TV-43U,TV-43U,ViewOptics Warranty Services,2023-06-29,2024-12-29,18,386,Active,Active,False,2023-11-21,2023-12-09,,,163,18,Cracked Screen,External screen crack from impact.,Physical Impact,True,False,False,True,No previous repairs,0,False,0,False,True,True,True,True,True,True,True,,0,True,True,True,False,False,,False,True,False,False
CLM-839022,CUST-1715,PRD-768656,INV-65144509,,standard_covered,train,Valid Claim,Television,VisionMax,TV-65Q,Electro Store,2023-06-19,1370.4,True,SN-T-948343,SN-T-948343,SN-T-948343,SN-T-948343,SN-T-948343,Matched,TV-65Q,TV-65Q,TV-65Q,TV-65Q,VisionMax Warranty Services,2023-06-19,2024-12-19,18,281,Active,Active,False,2024-02-18,2024-03-13,,,268,24,Main Board Defect,Smart hub system failure.,None,False,False,False,True,No previous repairs,0,False,0,False,True,True,True,True,True,True,True,,0,True,True,True,False,False,,False,False,False,False
CLM-841420,CUST-9410,PRD-640769,INV-29776801,,standard_covered,train,Valid Claim,Smartphone,ApexPhone,SP-100,City Electronics,2023-06-14,2934.01,True,SN-S-187949,SN-S-187949,SN-S-187949,SN-S-187949,SN-S-187949,Matched,SP-100,SP-100,SP-100,SP-100,ApexPhone Warranty Services,2023-06-14,2024-06-14,12,113,Active,Active,False,2024-02-19,2024-02-22,,,253,3,Battery Manufacturing Defect,Battery swelling or sudden degradation.,None,False,False,False,True,No previous repairs,0,False,0,False,True,True,True,True,True,True,True,,0,True,True,True,False,False,,False,False,False,False
CLM-841958,CUST-2449,PRD-647273,INV-10888369,,excluded_damage,train,Invalid Claim,Television,VisionMax,TV-55OLED,Vision Retail,2023-12-10,1521.69,True,SN-T-650818,SN-T-650818,SN-T-650818,SN-T-650818,SN-T-650818,Matched,TV-55OLED,TV-55OLED,TV-55OLED,TV-55OLED,VisionMax Warranty Services,2023-12-10,2025-06-10,18,416,Active,Active,False,2024-04-14,2024-04-20,,,132,6,Electrical Surge,High voltage power surge damage.,Electrical Surge,False,False,False,True,No previous repairs,0,False,0,False,True,True,True,True,True,True,True,,0,True,True,True,False,False,,False,True,False,False
CLM-843899,CUST-9148,PRD-969809,INV-13110670,,standard_covered,train,Valid Claim,Television,VisionMax,TV-43U,Vision Retail,2024-04-23,451.66,True,SN-T-639728,SN-T-639728,SN-T-639728,SN-T-639728,SN-T-639728,Matched,TV-43U,TV-43U,TV-43U,TV-43U,VisionMax Warranty Services,2024-04-23,2025-10-23,18,358,Active,Active,False,2024-10-17,2024-10-30,,,190,13,Power Supply Failure,Internal power board failure.,None,False,False,False,True,No previous repairs,0,False,0,False,True,True,True,True,True,True,True,,0,True,True,True,False,False,,False,False,False,False
CLM-844474,CUST-9897,PRD-541743,INV-73538641,,standard_covered,train,Valid Claim,Television,VisionMax,TV-43U,Home Screen,2023-11-14,998.6,True,SN-T-430926,SN-T-430926,SN-T-430926,SN-T-430926,SN-T-430926,Matched,TV-43U,TV-43U,TV-43U,TV-43U,VisionMax Warranty Services,2023-11-14,2025-05-14,18,299,Active,Active,False,2024-06-24,2024-07-19,,,248,25,Main Board Defect,Smart hub system failure.,None,False,False,False,True,No previous repairs,0,False,0,False,True,True,True,True,True,True,True,,0,True,True,True,False,False,,False,False,False,False
CLM-844875,CUST-4804,PRD-768622,INV-40992534,,expired_warranty,train,Invalid Claim,Smartphone,TechCorp,SP-100,TechMart,2023-01-27,2452.72,True,SN-S-293720,SN-S-293720,SN-S-293720,SN-S-293720,SN-S-293720,Matched,SP-100,SP-100,SP-100,SP-100,TechCorp Warranty Services,2023-01-27,2024-01-27,12,-48,Expired,Expired,False,2024-02-21,2024-03-15,,,413,23,Battery Manufacturing Defect,Battery swelling or sudden degradation.,None,False,False,False,True,No previous repairs,0,False,0,False,True,True,True,True,True,True,True,,0,True,True,True,False,False,,False,True,False,False
CLM-844884,CUST-2180,PRD-752228,INV-63293990,,standard_covered,train,Valid Claim,Television,VisionMax,TV-43U,Vision Retail,2023-08-24,3036.91,True,SN-T-658453,SN-T-658453,SN-T-658453,SN-T-658453,SN-T-658453,Matched,TV-43U,TV-43U,TV-43U,TV-43U,VisionMax Warranty Services,2023-08-24,2025-02-24,18,347,Active,Active,False,2024-03-12,2024-03-14,,,203,2,Main Board Defect,Smart hub system failure.,None,False,False,False,True,No previous repairs,0,False,0,False,True,True,True,True,True,True,True,,0,True,True,True,False,False,,False,False,False,False
CLM-846144,CUST-9741,PRD-903683,INV-91450675,,unauthorized_repair,train,Invalid Claim,Smartphone,TechCorp,SP-100,Mobile Hub,2024-08-16,1223.44,True,SN-S-979668,SN-S-979668,SN-S-979668,SN-S-979668,SN-S-979668,Matched,SP-100,SP-100,SP-100,SP-100,TechCorp Warranty Services,2024-08-16,2025-08-16,12,318,Active,Active,False,2024-09-16,2024-10-02,,,47,16,Charging Port Failure,Charging connector failure under normal usage.,Unauthorized Modification,False,False,True,False,Unauthorized repair reported,0,False,0,False,True,True,True,True,True,True,True,,0,True,True,True,False,False,,False,True,False,True
CLM-846895,CUST-7220,PRD-295893,INV-62953249,,near_expiry_boundary,train,Valid Claim,Smartphone,MobileX,SP-X,Mobile Hub,2023-10-22,2891.56,True,SN-S-386741,SN-S-386741,SN-S-386741,SN-S-386741,SN-S-386741,Matched,SP-X,SP-X,SP-X,SP-X,MobileX Warranty Services,2023-10-22,2024-10-22,12,4,Active,Active,False,2024-10-15,2024-10-18,,,362,3,Manufacturing Defect,Internal motherboard defect causing bootloop.,None,False,False,False,True,No previous repairs,0,False,0,False,True,True,True,True,True,True,True,,0,True,True,True,False,False,,False,False,True,False
CLM-853313,CUST-7108,PRD-982183,INV-20213902,,borderline_reporting,train,Manual Review,Laptop,ProBook,LP-500,OfficeDirect,2023-08-09,1087.93,True,SN-L-485928,SN-L-485928,SN-L-485928,SN-L-485928,SN-L-485928,Matched,LP-500,LP-500,LP-500,LP-500,ProBook Warranty Services,2023-08-09,2025-08-09,24,0,Active,Active,False,2025-08-07,2025-08-09,,,731,2,Keyboard Failure,Multiple keys non-functional.,None,False,False,False,True,Claim submitted on warranty expiry boundary,0,False,0,False,True,True,True,True,True,True,True,,0,True,True,True,False,False,,False,False,True,True
CLM-853512,CUST-9751,PRD-287320,INV-42857966,,standard_covered,train,Valid Claim,Laptop,OmniLap,LP-900,Digital Bazaar,2024-10-25,697.4,True,SN-L-816751,SN-L-816751,SN-L-816751,SN-L-816751,SN-L-816751,Matched,LP-900,LP-900,LP-900,LP-900,OmniLap Warranty Services,2024-10-25,2026-10-25,24,598,Active,Active,False,2025-02-09,2025-03-06,,,132,25,Motherboard Defect,Component failure on main board.,None,False,False,False,True,No previous repairs,0,False,0,False,True,True,True,True,True,True,True,,0,True,True,True,False,False,,False,False,False,False
CLM-853637,CUST-2395,PRD-625189,INV-35827078,,unauthorized_repair,train,Invalid Claim,Laptop,UltraTech,LP-Pro,OfficeDirect,2023-01-26,3349.81,True,SN-L-273659,SN-L-273659,SN-L-273659,SN-L-273659,SN-L-273659,Matched,LP-Pro,LP-Pro,LP-Pro,LP-Pro,UltraTech Warranty Services,2023-01-26,2025-01-26,24,560,Active,Active,False,2023-07-12,2023-07-16,,,171,4,Display Failure,Backlight failure without screen crack.,Unauthorized Modification,False,False,True,False,Unauthorized repair reported,0,False,0,False,True,True,True,True,True,True,True,,0,True,True,True,False,False,,False,True,False,True
CLM-854638,CUST-8266,PRD-315936,INV-50630244,,missing_mandatory_document,train,Manual Review,Laptop,ProBook,LP-900,Digital Bazaar,2024-05-21,3303.78,True,SN-L-315860,SN-L-315860,SN-L-315860,SN-L-315860,SN-L-315860,Matched,LP-900,LP-900,LP-900,LP-900,ProBook Warranty Services,2024-05-21,2026-05-21,24,562,Active,Active,False,2024-09-30,2024-11-05,,,168,36,Display Failure,Backlight failure without screen crack.,None,False,False,False,True,No previous repairs,0,False,0,False,True,True,True,True,False,True,True,Serial Number Photo,1,False,False,True,False,False,,False,False,False,True
CLM-855670,CUST-2388,PRD-292779,INV-51551377,,standard_covered,train,Valid Claim,Laptop,UltraTech,LP-900,Digital Bazaar,2024-11-09,2022.39,True,SN-L-832409,SN-L-832409,SN-L-832409,SN-L-832409,SN-L-832409,Matched,LP-900,LP-900,LP-900,LP-900,UltraTech Warranty Services,2024-11-09,2026-11-09,24,602,Active,Active,False,2025-02-03,2025-03-17,,,128,42,Factory SSD Failure,Primary storage failure.,None,False,False,False,True,No previous repairs,0,False,0,False,True,True,True,True,True,True,True,,0,True,True,True,False,False,,False,False,False,False
CLM-857078,CUST-7760,PRD-219430,INV-63667053,,service_center_unclear,train,Manual Review,Television,ViewOptics,TV-43U,Home Screen,2024-07-09,1554.63,True,SN-T-831257,SN-T-831257,SN-T-831257,SN-T-831257,SN-T-831257,Matched,TV-43U,TV-43U,TV-43U,TV-43U,ViewOptics Warranty Services,2024-07-09,2026-01-09,18,478,Active,Active,False,2024-09-15,2024-09-18,2024-08-26,,71,3,Main Board Defect,Smart hub system failure.,None,False,False,False,False,Service-center authorization is unclear,1,False,0,False,True,True,True,True,True,True,True,,0,True,True,True,False,False,,False,False,False,True
CLM-858211,CUST-9408,PRD-164164,INV-89680504,,standard_covered,train,Valid Claim,Smartphone,ApexPhone,SP-100,Mobile Hub,2024-05-02,515.33,True,SN-S-166645,SN-S-166645,SN-S-166645,SN-S-166645,SN-S-166645,Matched,SP-100,SP-100,SP-100,SP-100,ApexPhone Warranty Services,2024-05-02,2025-05-02,12,143,Active,Active,False,2024-11-23,2024-12-10,,,222,17,Charging Port Failure,Charging connector failure under normal usage.,None,False,False,False,True,No previous repairs,0,False,0,False,True,True,True,True,True,True,True,,0,True,True,True,False,False,,False,False,False,False
CLM-859599,CUST-4912,PRD-273648,INV-53042832,,complex_covered,train,Valid Claim,Television,VisionMax,TV-65Q,Electro Store,2023-07-09,2565.36,True,SN-T-497455,SN-T-497455,SN-T-497455,SN-T-497455,SN-T-497455,Matched,TV-65Q,TV-65Q,TV-65Q,TV-65Q,VisionMax Warranty Services,2023-07-09,2025-01-09,18,322,Active,Active,False,2024-01-31,2024-02-22,2024-01-09,,228,22,Display Panel Defect,Internal panel line defect. Additional diagnostic evidence supplied.,None,False,False,False,True,Complex repair history with supporting diagnostics,2,False,0,False,True,True,True,True,True,True,True,,0,True,True,True,False,False,,False,False,False,False
CLM-860621,CUST-9985,PRD-874706,INV-17224328,,complex_covered,train,Valid Claim,Television,VisionMax,TV-43U,Vision Retail,2023-04-08,238.32,True,SN-T-208013,SN-T-208013,SN-T-208013,SN-T-208013,SN-T-208013,Matched,TV-43U,TV-43U,TV-43U,TV-43U,VisionMax Warranty Services,2023-04-08,2024-10-08,18,274,Active,Active,False,2023-12-26,2024-01-08,2023-12-14,,275,13,Display Panel Defect,Internal panel line defect. Additional diagnostic evidence supplied.,None,False,False,False,True,Complex repair history with supporting diagnostics,2,False,0,False,True,True,True,True,True,True,True,,0,True,True,True,False,False,,False,False,False,False
CLM-861570,CUST-5124,PRD-698822,INV-64649280,DUP-216941,duplicate_claim,train,Manual Review,Smartphone,ApexPhone,SP-200,Mobile Hub,2024-08-26,2164.54,True,SN-S-304261,SN-S-304261,SN-S-304261,SN-S-304261,SN-S-304261,Matched,SP-200,SP-200,SP-200,SP-200,ApexPhone Warranty Services,2024-08-26,2025-08-26,12,329,Active,Active,False,2024-09-15,2024-10-01,,,36,16,Charging Port Failure,Charging connector failure under normal usage.,None,False,False,False,True,No previous repairs,0,False,0,False,True,True,True,True,True,True,True,,0,True,True,True,True,False,,False,False,False,True
CLM-863245,CUST-8308,PRD-971317,INV-41101353,,invalid_receipt,train,Invalid Claim,Laptop,UltraTech,LP-500,PC World,2023-07-28,2594.87,False,SN-L-381850,SN-L-381850,SN-L-381850,SN-L-381850,SN-L-381850,Matched,LP-500,LP-500,LP-500,LP-500,UltraTech Warranty Services,2023-07-28,2025-07-28,24,607,Active,Active,False,2023-11-19,2023-11-29,,,124,10,Factory SSD Failure,Primary storage failure.,None,False,False,False,True,No previous repairs,0,False,0,False,True,False,True,True,True,True,True,,0,False,False,True,False,False,,False,True,False,False
CLM-863751,CUST-9728,PRD-127734,INV-67495923,,standard_covered,train,Valid Claim,Television,CineDisplay,TV-65Q,Home Screen,2024-08-02,2366.1,True,SN-T-934904,SN-T-934904,SN-T-934904,SN-T-934904,SN-T-934904,Matched,TV-65Q,TV-65Q,TV-65Q,TV-65Q,CineDisplay Warranty Services,2024-08-02,2026-02-02,18,349,Active,Active,False,2025-02-15,2025-02-18,,,200,3,Display Panel Defect,Internal panel line defect.,None,False,False,False,True,No previous repairs,0,False,0,False,True,True,True,True,True,True,True,,0,True,True,True,False,False,,False,False,False,False
CLM-864000,CUST-4116,PRD-456705,INV-63350718,,invalid_receipt,train,Invalid Claim,Smartphone,ApexPhone,SP-200,Mobile Hub,2023-10-24,1808.34,False,SN-S-235197,SN-S-235197,SN-S-235197,SN-S-235197,SN-S-235197,Matched,SP-200,SP-200,SP-200,SP-200,ApexPhone Warranty Services,2023-10-24,2024-10-24,12,321,Active,Active,False,2023-12-02,2023-12-08,,,45,6,Manufacturing Defect,Internal motherboard defect causing bootloop.,None,False,False,False,True,No previous repairs,0,False,0,False,True,False,True,True,True,True,True,,0,False,False,True,False,False,,False,True,False,False
CLM-865127,CUST-8909,PRD-687582,INV-14159837,,previous_authorized_repair,train,Valid Claim,Laptop,ProBook,LP-900,OfficeDirect,2023-03-18,1594.93,True,SN-L-867541,SN-L-867541,SN-L-867541,SN-L-867541,SN-L-867541,Matched,LP-900,LP-900,LP-900,LP-900,ProBook Warranty Services,2023-03-18,2025-03-18,24,496,Active,Active,False,2023-09-27,2023-11-08,2023-09-03,,235,42,Motherboard Defect,Component failure on main board.,None,False,False,False,True,One or more authorized repairs,1,False,0,False,True,True,True,True,True,True,True,,0,True,True,True,False,False,,False,False,False,False
CLM-865952,CUST-2110,PRD-280998,INV-57040785,,previous_authorized_repair,train,Valid Claim,Laptop,OmniLap,LP-900,PC World,2023-09-29,1009.8,True,SN-L-111949,SN-L-111949,SN-L-111949,SN-L-111949,SN-L-111949,Matched,LP-900,LP-900,LP-900,LP-900,OmniLap Warranty Services,2023-09-29,2025-09-29,24,577,Active,Active,False,2024-02-23,2024-03-01,2024-02-17,,154,7,Keyboard Failure,Multiple keys non-functional.,None,False,False,False,True,One or more authorized repairs,1,False,0,False,True,True,True,True,True,True,True,,0,True,True,True,False,False,,False,False,False,False
CLM-866224,CUST-2415,PRD-783488,INV-91159552,,expired_warranty,train,Invalid Claim,Smartphone,ApexPhone,SP-X,TechMart,2024-10-15,585.19,True,SN-S-728500,SN-S-728500,SN-S-728500,SN-S-728500,SN-S-728500,Matched,SP-X,SP-X,SP-X,SP-X,ApexPhone Warranty Services,2024-10-15,2025-10-15,12,-175,Expired,Expired,False,2026-03-13,2026-04-08,,,540,26,Manufacturing Defect,Internal motherboard defect causing bootloop.,None,False,False,False,True,No previous repairs,0,False,0,False,True,True,True,True,True,True,True,,0,True,True,True,False,False,,False,True,False,False
CLM-866734,CUST-3095,PRD-791139,INV-77002914,,excluded_damage,train,Invalid Claim,Laptop,OmniLap,LP-900,OfficeDirect,2023-04-30,3070.13,True,SN-L-373055,SN-L-373055,SN-L-373055,SN-L-373055,SN-L-373055,Matched,LP-900,LP-900,LP-900,LP-900,OmniLap Warranty Services,2023-04-30,2025-04-30,24,591,Active,Active,False,2023-08-20,2023-09-17,,,140,28,Unauthorized Modification,RAM/SSD force modification damage.,Unauthorized Modification,False,False,True,True,No previous repairs,0,False,0,False,True,True,True,True,True,True,True,,0,True,True,True,False,False,,False,True,False,False
CLM-866909,CUST-6711,PRD-135773,INV-78398476,,invalid_receipt,train,Invalid Claim,Television,VisionMax,TV-55OLED,Electro Store,2023-07-18,2525.58,False,SN-T-270249,SN-T-270249,SN-T-270249,SN-T-270249,SN-T-270249,Matched,TV-55OLED,TV-55OLED,TV-55OLED,TV-55OLED,VisionMax Warranty Services,2023-07-18,2025-01-18,18,413,Active,Active,False,2023-11-09,2023-12-02,,,137,23,Power Supply Failure,Internal power board failure.,None,False,False,False,True,No previous repairs,0,False,0,False,True,False,True,True,True,True,True,,0,False,False,True,False,False,,False,True,False,False
CLM-867469,CUST-1729,PRD-917606,INV-23799637,,late_reporting,train,Invalid Claim,Laptop,ProBook,LP-500,Digital Bazaar,2023-10-01,1974.55,True,SN-L-825657,SN-L-825657,SN-L-825657,SN-L-825657,SN-L-825657,Matched,LP-500,LP-500,LP-500,LP-500,ProBook Warranty Services,2023-10-01,2025-10-01,24,647,Active,Active,False,2023-10-21,2023-12-24,,,84,64,Motherboard Defect,Component failure on main board.,None,False,False,False,True,No previous repairs,0,False,0,False,True,True,True,True,True,True,True,,0,True,True,False,False,False,,False,True,False,False
CLM-868358,CUST-6823,PRD-329840,INV-44206757,,excluded_damage,train,Invalid Claim,Television,ViewOptics,TV-55OLED,Home Screen,2024-11-07,2111.65,True,SN-T-587227,SN-T-587227,SN-T-587227,SN-T-587227,SN-T-587227,Matched,TV-55OLED,TV-55OLED,TV-55OLED,TV-55OLED,ViewOptics Warranty Services,2024-11-07,2026-05-07,18,518,Active,Active,False,2024-12-01,2024-12-05,,,28,4,Liquid Damage,Liquid intrusion.,Liquid Contact,False,True,False,True,No previous repairs,0,False,0,False,True,True,True,True,True,True,True,,0,True,True,True,False,False,,False,True,False,False
CLM-870770,CUST-9153,PRD-345844,INV-88270025,,standard_covered,train,Valid Claim,Television,VisionMax,TV-43U,Home Screen,2024-09-16,629.44,True,SN-T-182804,SN-T-182804,SN-T-182804,SN-T-182804,SN-T-182804,Matched,TV-43U,TV-43U,TV-43U,TV-43U,VisionMax Warranty Services,2024-09-16,2026-03-16,18,388,Active,Active,False,2025-02-06,2025-02-21,,,158,15,Power Supply Failure,Internal power board failure.,None,False,False,False,True,No previous repairs,0,False,0,False,True,True,True,True,True,True,True,,0,True,True,True,False,False,,False,False,False,False
CLM-874831,CUST-2211,PRD-110415,INV-12656619,,contradictory_information,train,Manual Review,Television,CineDisplay,TV-43U,Home Screen,2024-10-05,2323.69,True,SN-T-899199,SN-T-899199,SN-T-899199,SN-T-899199,SN-T-899199,Matched,TV-43U,TV-43U,TV-43U,TV-43U,CineDisplay Warranty Services,2024-10-05,2026-04-05,18,537,Active,Active,False,2024-09-06,2024-10-15,,,10,39,Display Panel Defect,Reported fault date predates the purchase date.,None,False,False,False,True,No previous repairs,0,False,0,False,True,True,True,True,True,True,True,,0,False,False,False,False,True,Fault date before purchase date,False,False,False,True
CLM-875065,CUST-7131,PRD-471020,INV-86951857,,serial_mismatch,train,Manual Review,Television,ViewOptics,TV-65Q,Electro Store,2023-09-07,1734.28,True,SN-T-665347,SN-T-558170,SN-T-665347,SN-T-665347,SN-T-665347,Mismatch,TV-65Q,TV-65Q,TV-65Q,TV-65Q,ViewOptics Warranty Services,2023-09-07,2025-03-07,18,477,Active,Active,False,2023-10-22,2023-11-16,,,70,25,Main Board Defect,Smart hub system failure.,None,False,False,False,True,No previous repairs,0,False,0,False,True,True,True,True,True,True,True,,0,False,False,True,False,True,Conflicting serial numbers,False,False,False,True
CLM-876143,CUST-4884,PRD-695994,INV-14930347,,invalid_receipt,train,Invalid Claim,Laptop,UltraTech,LP-Pro,Digital Bazaar,2023-08-03,780.05,False,SN-L-635392,SN-L-635392,SN-L-635392,SN-L-635392,SN-L-635392,Matched,LP-Pro,LP-Pro,LP-Pro,LP-Pro,UltraTech Warranty Services,2023-08-03,2025-08-03,24,647,Active,Active,False,2023-10-17,2023-10-26,,,84,9,Motherboard Defect,Component failure on main board.,None,False,False,False,True,No previous repairs,0,False,0,False,True,False,True,True,True,True,True,,0,False,False,True,False,False,,False,True,False,False
CLM-876333,CUST-4695,PRD-671682,INV-30361927,,expired_warranty,train,Invalid Claim,Laptop,UltraTech,LP-500,Digital Bazaar,2024-02-01,1294.98,True,SN-L-370196,SN-L-370196,SN-L-370196,SN-L-370196,SN-L-370196,Matched,LP-500,LP-500,LP-500,LP-500,UltraTech Warranty Services,2024-02-01,2026-02-01,24,-46,Expired,Expired,False,2026-03-13,2026-03-19,,,777,6,Motherboard Defect,Component failure on main board.,None,False,False,False,True,No previous repairs,0,False,0,False,True,True,True,True,True,True,True,,0,True,True,True,False,False,,False,True,False,False
CLM-876890,CUST-6983,PRD-570663,INV-43918937,,contradictory_information,train,Manual Review,Laptop,OmniLap,LP-900,OfficeDirect,2024-08-27,793.28,True,SN-L-752069,SN-L-752069,SN-L-752069,SN-L-752069,SN-L-752069,Matched,LP-900,LP-900,LP-900,LP-900,OmniLap Warranty Services,2024-08-27,2026-08-27,24,655,Active,Active,False,2024-10-09,2024-11-10,2024-08-12,,75,32,Factory SSD Failure,Primary storage failure.,None,False,False,False,True,Conflicting repair record predates purchase,1,False,0,False,True,True,True,True,True,True,True,,0,False,False,True,False,True,Repair date before purchase date,False,False,False,True
CLM-878796,CUST-6710,PRD-778445,INV-33093235,,contradictory_information,train,Manual Review,Television,VisionMax,TV-65Q,Electro Store,2023-11-26,2979.81,True,SN-T-779778,SN-T-779778,SN-T-779778,SN-T-779778,SN-T-779778,Matched,TV-65Q,TV-65Q,TV-65Q,TV-65Q,VisionMax Warranty Services,2023-11-26,2025-05-26,18,527,Active,Active,False,2023-10-30,2023-12-16,,,20,47,Main Board Defect,Reported fault date predates the purchase date.,None,False,False,False,True,No previous repairs,0,False,0,False,True,True,True,True,True,True,True,,0,False,False,False,False,True,Fault date before purchase date,False,False,False,True
CLM-879040,CUST-4671,PRD-363200,INV-75278845,,excluded_damage,train,Invalid Claim,Laptop,ProBook,LP-900,PC World,2024-09-24,1013.7,True,SN-L-219505,SN-L-219505,SN-L-219505,SN-L-219505,SN-L-219505,Matched,LP-900,LP-900,LP-900,LP-900,ProBook Warranty Services,2024-09-24,2026-09-24,24,663,Active,Active,False,2024-10-25,2024-11-30,,,67,36,Liquid Damage,Liquid spill marks internal.,Liquid Contact,False,True,False,True,No previous repairs,0,False,0,False,True,True,True,True,True,True,True,,0,True,True,True,False,False,,False,True,False,False
CLM-880084,CUST-1990,PRD-831206,INV-92924441,,near_expiry_boundary,train,Valid Claim,Laptop,OmniLap,LP-500,OfficeDirect,2024-06-01,2286.39,True,SN-L-329344,SN-L-329344,SN-L-329344,SN-L-329344,SN-L-329344,Matched,LP-500,LP-500,LP-500,LP-500,OmniLap Warranty Services,2024-06-01,2026-06-01,24,2,Active,Active,False,2026-05-14,2026-05-30,,,728,16,Factory SSD Failure,Primary storage failure.,None,False,False,False,True,No previous repairs,0,False,0,False,True,True,True,True,True,True,True,,0,True,True,True,False,False,,False,False,True,False
CLM-881133,CUST-1567,PRD-379193,INV-92423989,,previous_authorized_repair,train,Valid Claim,Laptop,UltraTech,LP-500,OfficeDirect,2023-10-14,2224.24,True,SN-L-388339,SN-L-388339,SN-L-388339,SN-L-388339,SN-L-388339,Matched,LP-500,LP-500,LP-500,LP-500,UltraTech Warranty Services,2023-10-14,2025-10-14,24,619,Active,Active,False,2024-01-18,2024-02-03,2023-12-29,,112,16,Factory SSD Failure,Primary storage failure.,None,False,False,False,True,One or more authorized repairs,2,False,0,False,True,True,True,True,True,True,True,,0,True,True,True,False,False,,False,False,False,False
CLM-881632,CUST-6762,PRD-949729,INV-57272989,,late_reporting,train,Invalid Claim,Television,VisionMax,TV-65Q,Vision Retail,2024-04-11,2924.42,True,SN-T-780433,SN-T-780433,SN-T-780433,SN-T-780433,SN-T-780433,Matched,TV-65Q,TV-65Q,TV-65Q,TV-65Q,VisionMax Warranty Services,2024-04-11,2025-10-11,18,479,Active,Active,False,2024-05-01,2024-06-19,,,69,49,Power Supply Failure,Internal power board failure.,None,False,False,False,True,No previous repairs,0,False,0,False,True,True,True,True,True,True,True,,0,True,True,False,False,False,,False,True,False,False
CLM-882872,CUST-9711,PRD-570428,INV-84044121,,invalid_receipt,train,Invalid Claim,Television,VisionMax,TV-43U,Home Screen,2024-02-03,2141.97,False,SN-T-433443,SN-T-433443,SN-T-433443,SN-T-433443,SN-T-433443,Matched,TV-43U,TV-43U,TV-43U,TV-43U,VisionMax Warranty Services,2024-02-03,2025-08-03,18,408,Active,Active,False,2024-06-05,2024-06-21,,,139,16,Display Panel Defect,Internal panel line defect.,None,False,False,False,True,No previous repairs,0,False,0,False,True,False,True,True,True,True,True,,0,False,False,True,False,False,,False,True,False,False
CLM-884269,CUST-9527,PRD-608090,INV-82583635,,unauthorized_repair,train,Invalid Claim,Television,ViewOptics,TV-43U,Home Screen,2023-12-09,1101.16,True,SN-T-663539,SN-T-663539,SN-T-663539,SN-T-663539,SN-T-663539,Matched,TV-43U,TV-43U,TV-43U,TV-43U,ViewOptics Warranty Services,2023-12-09,2025-06-09,18,380,Active,Active,False,2024-05-07,2024-05-25,,,168,18,Power Supply Failure,Internal power board failure.,Unauthorized Modification,False,False,True,False,Unauthorized repair reported,0,False,0,False,True,True,True,True,True,True,True,,0,True,True,True,False,False,,False,True,False,True
CLM-884324,CUST-3329,PRD-466594,INV-36351536,,service_center_unclear,train,Manual Review,Laptop,UltraTech,LP-900,Digital Bazaar,2024-03-26,462.19,True,SN-L-848967,SN-L-848967,SN-L-848967,SN-L-848967,SN-L-848967,Matched,LP-900,LP-900,LP-900,LP-900,UltraTech Warranty Services,2024-03-26,2026-03-26,24,639,Active,Active,False,2024-05-30,2024-06-25,2024-05-10,,91,26,Display Failure,Backlight failure without screen crack.,None,False,False,False,False,Service-center authorization is unclear,1,False,0,False,True,True,True,True,True,True,True,,0,True,True,True,False,False,,False,False,False,True
CLM-884388,CUST-1639,PRD-475357,INV-81327320,,complex_covered,train,Valid Claim,Smartphone,ApexPhone,SP-200,TechMart,2023-04-09,1836.15,True,SN-S-734924,SN-S-734924,SN-S-734924,SN-S-734924,SN-S-734924,Matched,SP-200,SP-200,SP-200,SP-200,ApexPhone Warranty Services,2023-04-09,2024-04-09,12,99,Active,Active,False,2023-12-28,2024-01-01,,,267,4,Screen Defect (Non-Impact),Touch failure or dead pixels with no physical drop. Additional diagnostic evidence supplied.,None,False,False,False,True,Complex repair history with supporting diagnostics,0,False,0,False,True,True,True,True,True,True,True,,0,True,True,True,False,False,,False,False,False,False
CLM-885032,CUST-4187,PRD-391904,INV-77172936,,previous_authorized_repair,train,Valid Claim,Laptop,UltraTech,LP-500,Digital Bazaar,2024-08-17,551.38,True,SN-L-711922,SN-L-711922,SN-L-711922,SN-L-711922,SN-L-711922,Matched,LP-500,LP-500,LP-500,LP-500,UltraTech Warranty Services,2024-08-17,2026-08-17,24,425,Active,Active,False,2025-05-05,2025-06-18,2025-04-14,,305,44,Motherboard Defect,Component failure on main board.,None,False,False,False,True,One or more authorized repairs,2,False,0,False,True,True,True,True,True,True,True,,0,True,True,True,False,False,,False,False,False,False
CLM-885470,CUST-7974,PRD-551211,INV-93650995,,expired_warranty,train,Invalid Claim,Television,ViewOptics,TV-43U,Home Screen,2024-10-19,752.32,True,SN-T-243885,SN-T-243885,SN-T-243885,SN-T-243885,SN-T-243885,Matched,TV-43U,TV-43U,TV-43U,TV-43U,ViewOptics Warranty Services,2024-10-19,2026-04-19,18,-131,Expired,Expired,False,2026-08-10,2026-08-28,,,678,18,Power Supply Failure,Internal power board failure.,None,False,False,False,True,No previous repairs,0,False,0,False,True,True,True,True,True,True,True,,0,True,True,True,False,False,,False,True,False,False
CLM-886803,CUST-9712,PRD-430726,INV-31236454,DUP-396376,duplicate_claim,train,Manual Review,Laptop,OmniLap,LP-900,Digital Bazaar,2023-03-19,2825.28,True,SN-L-170369,SN-L-170369,SN-L-170369,SN-L-170369,SN-L-170369,Matched,LP-900,LP-900,LP-900,LP-900,OmniLap Warranty Services,2023-03-19,2025-03-19,24,648,Active,Active,False,2023-06-04,2023-06-10,,,83,6,Motherboard Defect,Component failure on main board.,None,False,False,False,True,No previous repairs,0,False,0,False,True,True,True,True,True,True,True,,0,True,True,True,True,False,,False,False,False,True
CLM-886891,CUST-6297,PRD-740590,INV-20440451,,serial_mismatch,train,Manual Review,Laptop,ProBook,LP-Pro,OfficeDirect,2023-06-18,3151.44,True,SN-L-250295,SN-L-243628,SN-L-250295,SN-L-250295,SN-L-250295,Mismatch,LP-Pro,LP-Pro,LP-Pro,LP-Pro,ProBook Warranty Services,2023-06-18,2025-06-18,24,707,Active,Active,False,2023-07-08,2023-07-12,,,24,4,Factory SSD Failure,Primary storage failure.,None,False,False,False,True,No previous repairs,0,False,0,False,True,True,True,True,True,True,True,,0,False,False,True,False,True,Conflicting serial numbers,False,False,False,True
CLM-887804,CUST-8894,PRD-907816,INV-49613214,,standard_covered,train,Valid Claim,Smartphone,ApexPhone,SP-200,Mobile Hub,2023-10-07,2650.97,True,SN-S-626169,SN-S-626169,SN-S-626169,SN-S-626169,SN-S-626169,Matched,SP-200,SP-200,SP-200,SP-200,ApexPhone Warranty Services,2023-10-07,2024-10-07,12,204,Active,Active,False,2024-03-06,2024-03-17,,,162,11,Screen Defect (Non-Impact),Touch failure or dead pixels with no physical drop.,None,False,False,False,True,No previous repairs,0,False,0,False,True,True,True,True,True,True,True,,0,True,True,True,False,False,,False,False,False,False
CLM-888582,CUST-8339,PRD-570359,INV-10261534,,borderline_reporting,train,Manual Review,Smartphone,TechCorp,SP-200,TechMart,2023-10-06,3486.06,True,SN-S-803848,SN-S-803848,SN-S-803848,SN-S-803848,SN-S-803848,Matched,SP-200,SP-200,SP-200,SP-200,TechCorp Warranty Services,2023-10-06,2024-10-06,12,0,Active,Active,False,2024-09-25,2024-10-06,,,366,11,Screen Defect (Non-Impact),Touch failure or dead pixels with no physical drop.,None,False,False,False,True,Claim submitted on warranty expiry boundary,0,False,0,False,True,True,True,True,True,True,True,,0,True,True,True,False,False,,False,False,True,True
CLM-890993,CUST-1960,PRD-847873,INV-31393688,,previous_authorized_repair,train,Valid Claim,Smartphone,ApexPhone,SP-200,City Electronics,2023-06-20,497.44,True,SN-S-780364,SN-S-780364,SN-S-780364,SN-S-780364,SN-S-780364,Matched,SP-200,SP-200,SP-200,SP-200,ApexPhone Warranty Services,2023-06-20,2024-06-20,12,249,Active,Active,False,2023-09-15,2023-10-15,2023-08-23,,117,30,Manufacturing Defect,Internal motherboard defect causing bootloop.,None,False,False,False,True,One or more authorized repairs,1,False,0,False,True,True,True,True,True,True,True,,0,True,True,True,False,False,,False,False,True,False
CLM-891652,CUST-7480,PRD-785820,INV-33890545,,borderline_reporting,train,Manual Review,Smartphone,MobileX,SP-X,City Electronics,2023-01-27,1244.15,True,SN-S-676850,SN-S-676850,SN-S-676850,SN-S-676850,SN-S-676850,Matched,SP-X,SP-X,SP-X,SP-X,MobileX Warranty Services,2023-01-27,2024-01-27,12,0,Active,Active,False,2024-01-25,2024-01-27,,,365,2,Charging Port Failure,Charging connector failure under normal usage.,None,False,False,False,True,Claim submitted on warranty expiry boundary,0,False,0,False,True,True,True,True,True,True,True,,0,True,True,True,False,False,,False,False,True,True
CLM-892732,CUST-8369,PRD-263657,INV-91394530,,service_center_unclear,train,Manual Review,Laptop,UltraTech,LP-900,OfficeDirect,2024-11-18,2951.85,True,SN-L-301961,SN-L-301961,SN-L-301961,SN-L-301961,SN-L-301961,Matched,LP-900,LP-900,LP-900,LP-900,UltraTech Warranty Services,2024-11-18,2026-11-18,24,596,Active,Active,False,2025-03-23,2025-04-01,2025-03-03,,134,9,Display Failure,Backlight failure without screen crack.,None,False,False,False,False,Service-center authorization is unclear,1,False,0,False,True,True,True,True,True,True,True,,0,True,True,True,False,False,,False,False,False,True
CLM-892876,CUST-1486,PRD-359018,INV-36725819,,unauthorized_repair,train,Invalid Claim,Television,ViewOptics,TV-55OLED,Home Screen,2024-08-22,812.71,True,SN-T-762002,SN-T-762002,SN-T-762002,SN-T-762002,SN-T-762002,Matched,TV-55OLED,TV-55OLED,TV-55OLED,TV-55OLED,ViewOptics Warranty Services,2024-08-22,2026-02-22,18,444,Active,Active,False,2024-11-06,2024-12-05,,,105,29,Power Supply Failure,Internal power board failure.,Unauthorized Modification,False,False,True,False,Unauthorized repair reported,0,False,0,False,True,True,True,True,True,True,True,,0,True,True,True,False,False,,False,True,False,True
CLM-894993,CUST-8371,PRD-433973,INV-59790013,,standard_covered,train,Valid Claim,Smartphone,ApexPhone,SP-200,City Electronics,2024-08-03,1396.24,True,SN-S-501451,SN-S-501451,SN-S-501451,SN-S-501451,SN-S-501451,Matched,SP-200,SP-200,SP-200,SP-200,ApexPhone Warranty Services,2024-08-03,2025-08-03,12,242,Active,Active,False,2024-11-09,2024-12-04,,,123,25,Manufacturing Defect,Internal motherboard defect causing bootloop.,None,False,False,False,True,No previous repairs,0,False,0,False,True,True,True,True,True,True,True,,0,True,True,True,False,False,,False,False,False,False
CLM-895782,CUST-3294,PRD-789233,INV-29867441,,serial_mismatch,train,Manual Review,Television,ViewOptics,TV-65Q,Vision Retail,2023-10-09,1897.96,True,SN-T-695833,SN-T-331757,SN-T-695833,SN-T-695833,SN-T-695833,Mismatch,TV-65Q,TV-65Q,TV-65Q,TV-65Q,ViewOptics Warranty Services,2023-10-09,2025-04-09,18,509,Active,Active,False,2023-11-16,2023-11-17,,,39,1,Main Board Defect,Smart hub system failure.,None,False,False,False,True,No previous repairs,0,False,0,False,True,True,True,True,True,True,True,,0,False,False,True,False,True,Conflicting serial numbers,False,False,False,True
CLM-895926,CUST-5837,PRD-279952,INV-12944682,,standard_covered,train,Valid Claim,Television,VisionMax,TV-43U,Vision Retail,2024-01-03,3426.11,True,SN-T-699704,SN-T-699704,SN-T-699704,SN-T-699704,SN-T-699704,Matched,TV-43U,TV-43U,TV-43U,TV-43U,VisionMax Warranty Services,2024-01-03,2025-07-03,18,354,Active,Active,False,2024-06-22,2024-07-14,,,193,22,Main Board Defect,Smart hub system failure.,None,False,False,False,True,No previous repairs,0,False,0,False,True,True,True,True,True,True,True,,0,True,True,True,False,False,,False,False,False,False
CLM-896048,CUST-8801,PRD-306178,INV-23102741,,near_expiry_boundary,train,Valid Claim,Laptop,UltraTech,LP-900,PC World,2023-07-31,1617.86,True,SN-L-577450,SN-L-577450,SN-L-577450,SN-L-577450,SN-L-577450,Matched,LP-900,LP-900,LP-900,LP-900,UltraTech Warranty Services,2023-07-31,2025-07-31,24,6,Active,Active,False,2025-07-14,2025-07-25,,,725,11,Factory SSD Failure,Primary storage failure.,None,False,False,False,True,No previous repairs,0,False,0,False,True,True,True,True,True,True,True,,0,True,True,True,False,False,,False,False,True,False
CLM-896456,CUST-6423,PRD-760136,INV-22712374,,serial_mismatch,train,Manual Review,Television,ViewOptics,TV-65Q,Home Screen,2023-04-07,354.71,True,SN-T-308947,SN-T-723330,SN-T-308947,SN-T-308947,SN-T-308947,Mismatch,TV-65Q,TV-65Q,TV-65Q,TV-65Q,ViewOptics Warranty Services,2023-04-07,2024-10-07,18,280,Active,Active,False,2023-12-17,2024-01-01,,,269,15,Main Board Defect,Smart hub system failure.,None,False,False,False,True,No previous repairs,0,False,0,False,True,True,True,True,True,True,True,,0,False,False,True,False,True,Conflicting serial numbers,False,False,False,True
CLM-896599,CUST-6304,PRD-782918,INV-30990005,DUP-594797,duplicate_claim,train,Manual Review,Television,VisionMax,TV-65Q,Vision Retail,2023-08-04,792.88,True,SN-T-739135,SN-T-739135,SN-T-739135,SN-T-739135,SN-T-739135,Matched,TV-65Q,TV-65Q,TV-65Q,TV-65Q,VisionMax Warranty Services,2023-08-04,2025-02-04,18,438,Active,Active,False,2023-11-11,2023-11-24,,,112,13,Main Board Defect,Smart hub system failure.,None,False,False,False,True,No previous repairs,0,False,0,False,True,True,True,True,True,True,True,,0,True,True,True,True,False,,False,False,False,True
CLM-897359,CUST-6227,PRD-909144,INV-70503600,,contradictory_information,train,Manual Review,Laptop,ProBook,LP-900,Digital Bazaar,2024-01-06,1349.68,True,SN-L-908856,SN-L-908856,SN-L-908856,SN-L-908856,SN-L-908856,Matched,LP-900,LP-900,LP-900,LP-900,ProBook Warranty Services,2024-01-06,2026-01-06,24,715,Active,Active,False,2023-12-13,2024-01-22,,,16,40,Motherboard Defect,Reported fault date predates the purchase date.,None,False,False,False,True,No previous repairs,0,False,0,False,True,True,True,True,True,True,True,,0,False,False,True,False,True,Fault date before purchase date,False,False,False,True
CLM-897914,CUST-6317,PRD-183004,INV-65536259,DUP-664024,duplicate_claim,train,Manual Review,Laptop,UltraTech,LP-900,PC World,2024-04-28,2911.44,True,SN-L-216424,SN-L-216424,SN-L-216424,SN-L-216424,SN-L-216424,Matched,LP-900,LP-900,LP-900,LP-900,UltraTech Warranty Services,2024-04-28,2026-04-28,24,663,Active,Active,False,2024-06-24,2024-07-04,,,67,10,Keyboard Failure,Multiple keys non-functional.,None,False,False,False,True,No previous repairs,0,False,0,False,True,True,True,True,True,True,True,,0,True,True,True,True,False,,False,False,False,True
CLM-897951,CUST-2364,PRD-606569,INV-65868338,,excluded_damage,train,Invalid Claim,Smartphone,ApexPhone,SP-X,City Electronics,2023-07-06,3087.13,True,SN-S-288274,SN-S-288274,SN-S-288274,SN-S-288274,SN-S-288274,Matched,SP-X,SP-X,SP-X,SP-X,ApexPhone Warranty Services,2023-07-06,2024-07-06,12,205,Active,Active,False,2023-11-19,2023-12-14,,,161,25,Liquid Damage,Liquid contact indicator triggered.,Liquid Contact,False,True,False,True,No previous repairs,0,False,0,False,True,True,True,True,True,True,True,,0,True,True,True,False,False,,False,True,False,False
CLM-898898,CUST-4668,PRD-626785,INV-78123659,,replacement_not_eligible,train,Invalid Claim,Laptop,UltraTech,LP-900,Digital Bazaar,2024-02-10,1100.07,True,SN-L-838024,SN-L-838024,SN-L-838024,SN-L-838024,SN-L-838024,Matched,LP-900,LP-900,LP-900,LP-900,UltraTech Warranty Services,2024-02-10,2026-02-10,24,648,Active,Active,False,2024-04-13,2024-05-03,2024-04-03,,83,20,Motherboard Defect,Component failure on main board.,None,False,False,False,True,Replacement requested before policy repair threshold,2,False,0,True,True,True,True,True,True,True,True,,0,True,True,True,False,False,,False,True,False,False
CLM-899132,CUST-1485,PRD-368862,INV-95110541,,near_expiry_boundary,train,Valid Claim,Smartphone,MobileX,SP-100,TechMart,2024-09-11,1065.65,True,SN-S-457137,SN-S-457137,SN-S-457137,SN-S-457137,SN-S-457137,Matched,SP-100,SP-100,SP-100,SP-100,MobileX Warranty Services,2024-09-11,2025-09-11,12,10,Active,Active,False,2025-08-24,2025-09-01,,,355,8,Charging Port Failure,Charging connector failure under normal usage.,None,False,False,False,True,No previous repairs,0,False,0,False,True,True,True,True,True,True,True,,0,True,True,True,False,False,,False,False,False,False
CLM-899946,CUST-9552,PRD-552200,INV-60182714,,extended_warranty,train,Valid Claim,Laptop,ProBook,LP-500,PC World,2024-10-10,2502.02,True,SN-L-472390,SN-L-472390,SN-L-472390,SN-L-472390,SN-L-472390,Matched,LP-500,LP-500,LP-500,LP-500,ProBook Warranty Services,2024-10-10,2027-10-10,36,792,Active,Active,True,2025-08-06,2025-08-09,,,303,3,Display Failure,Backlight failure without screen crack.,None,False,False,False,True,No previous repairs,0,False,0,False,True,True,True,True,True,True,True,,0,True,True,True,False,False,,False,False,False,False
CLM-901144,CUST-3616,PRD-977595,INV-53947691,,standard_covered,train,Valid Claim,Laptop,ProBook,LP-500,PC World,2024-09-22,3278.07,True,SN-L-502810,SN-L-502810,SN-L-502810,SN-L-502810,SN-L-502810,Matched,LP-500,LP-500,LP-500,LP-500,ProBook Warranty Services,2024-09-22,2026-09-22,24,562,Active,Active,False,2025-02-16,2025-03-09,,,168,21,Factory SSD Failure,Primary storage failure.,None,False,False,False,True,No previous repairs,0,False,0,False,True,True,True,True,True,True,True,,0,True,True,True,False,False,,False,False,False,False
CLM-905469,CUST-7596,PRD-469799,INV-55540424,,standard_covered,train,Valid Claim,Laptop,UltraTech,LP-900,PC World,2023-02-25,2831.98,True,SN-L-864491,SN-L-864491,SN-L-864491,SN-L-864491,SN-L-864491,Matched,LP-900,LP-900,LP-900,LP-900,UltraTech Warranty Services,2023-02-25,2025-02-25,24,673,Active,Active,False,2023-04-17,2023-04-24,,,58,7,Motherboard Defect,Component failure on main board.,None,False,False,False,True,No previous repairs,0,False,0,False,True,True,True,True,True,True,True,,0,True,True,True,False,False,,False,False,False,False
CLM-905530,CUST-7031,PRD-141249,INV-18808386,,excluded_damage,train,Invalid Claim,Smartphone,TechCorp,SP-200,Mobile Hub,2024-11-25,780.98,True,SN-S-657742,SN-S-657742,SN-S-657742,SN-S-657742,SN-S-657742,Matched,SP-200,SP-200,SP-200,SP-200,TechCorp Warranty Services,2024-11-25,2025-11-25,12,320,Active,Active,False,2025-01-06,2025-01-09,,,45,3,Liquid Damage,Liquid contact indicator triggered.,Liquid Contact,False,True,False,True,No previous repairs,0,False,0,False,True,True,True,True,True,True,True,,0,True,True,True,False,False,,False,True,False,False
CLM-906458,CUST-1282,PRD-697641,INV-76710893,,missing_mandatory_document,train,Manual Review,Smartphone,ApexPhone,SP-200,City Electronics,2024-06-30,2587.32,True,SN-S-398239,SN-S-398239,SN-S-398239,SN-S-398239,SN-S-398239,Matched,SP-200,SP-200,SP-200,SP-200,ApexPhone Warranty Services,2024-06-30,2025-06-30,12,138,Active,Active,False,2025-01-31,2025-02-12,,,227,12,Screen Defect (Non-Impact),Touch failure or dead pixels with no physical drop.,None,False,False,False,True,No previous repairs,0,False,0,False,True,True,True,True,False,True,True,Serial Number Photo,1,False,False,True,False,False,,False,False,False,True
CLM-907097,CUST-8261,PRD-379152,INV-55960407,DUP-593361,duplicate_claim,train,Manual Review,Smartphone,MobileX,SP-100,TechMart,2024-03-18,2286.91,True,SN-S-168744,SN-S-168744,SN-S-168744,SN-S-168744,SN-S-168744,Matched,SP-100,SP-100,SP-100,SP-100,MobileX Warranty Services,2024-03-18,2025-03-18,12,279,Active,Active,False,2024-05-25,2024-06-12,,,86,18,Battery Manufacturing Defect,Battery swelling or sudden degradation.,None,False,False,False,True,No previous repairs,0,False,0,False,True,True,True,True,True,True,True,,0,True,True,True,True,False,,False,False,False,True
CLM-909143,CUST-5960,PRD-216731,INV-18169177,DUP-678788,duplicate_claim,train,Manual Review,Smartphone,MobileX,SP-100,Mobile Hub,2023-03-07,845.9,True,SN-S-299244,SN-S-299244,SN-S-299244,SN-S-299244,SN-S-299244,Matched,SP-100,SP-100,SP-100,SP-100,MobileX Warranty Services,2023-03-07,2024-03-07,12,71,Active,Active,False,2023-12-19,2023-12-27,,,295,8,Screen Defect (Non-Impact),Touch failure or dead pixels with no physical drop.,None,False,False,False,True,No previous repairs,0,False,0,False,True,True,True,True,True,True,True,,0,True,True,True,True,False,,False,False,False,True
CLM-910040,CUST-8289,PRD-918838,INV-23028371,,contradictory_information,train,Manual Review,Laptop,OmniLap,LP-900,Digital Bazaar,2023-09-13,2681.51,True,SN-L-394895,SN-L-394895,SN-L-394895,SN-L-394895,SN-L-394895,Matched,LP-900,LP-900,LP-900,LP-900,OmniLap Warranty Services,2023-09-13,2025-09-13,24,606,Active,Active,False,2023-12-22,2024-01-16,2023-08-24,,125,25,Motherboard Defect,Component failure on main board.,None,False,False,False,True,Conflicting repair record predates purchase,1,False,0,False,True,True,True,True,True,True,True,,0,False,False,True,False,True,Repair date before purchase date,False,False,False,True
CLM-910137,CUST-2553,PRD-411271,INV-12199743,,contradictory_information,train,Manual Review,Laptop,UltraTech,LP-Pro,OfficeDirect,2024-08-30,1460.83,True,SN-L-258375,SN-L-258375,SN-L-258375,SN-L-258375,SN-L-258375,Matched,LP-Pro,LP-Pro,LP-Pro,LP-Pro,UltraTech Warranty Services,2024-08-30,2026-08-30,24,729,Active,Active,False,2024-08-13,2024-08-31,,,1,18,Keyboard Failure,Reported fault date predates the purchase date.,None,False,False,False,True,No previous repairs,0,False,0,False,True,True,True,True,True,True,True,,0,False,False,True,False,True,Fault date before purchase date,False,False,False,True
CLM-910663,CUST-6403,PRD-728177,INV-65250068,,standard_covered,train,Valid Claim,Laptop,UltraTech,LP-900,PC World,2023-11-25,2473.81,True,SN-L-449499,SN-L-449499,SN-L-449499,SN-L-449499,SN-L-449499,Matched,LP-900,LP-900,LP-900,LP-900,UltraTech Warranty Services,2023-11-25,2025-11-25,24,610,Active,Active,False,2024-03-06,2024-03-25,,,121,19,Motherboard Defect,Component failure on main board.,None,False,False,False,True,No previous repairs,0,False,0,False,True,True,True,True,True,True,True,,0,True,True,True,False,False,,False,False,False,False
CLM-910822,CUST-4130,PRD-617348,INV-21490777,,standard_covered,train,Valid Claim,Laptop,UltraTech,LP-Pro,Digital Bazaar,2024-07-23,958.54,True,SN-L-389688,SN-L-389688,SN-L-389688,SN-L-389688,SN-L-389688,Matched,LP-Pro,LP-Pro,LP-Pro,LP-Pro,UltraTech Warranty Services,2024-07-23,2026-07-23,24,419,Active,Active,False,2025-05-03,2025-05-30,,,311,27,Motherboard Defect,Component failure on main board.,None,False,False,False,True,No previous repairs,0,False,0,False,True,True,True,True,True,True,True,,0,True,True,True,False,False,,False,False,False,False
CLM-910828,CUST-5747,PRD-307856,INV-93724365,,missing_mandatory_document,train,Manual Review,Television,ViewOptics,TV-65Q,Home Screen,2024-11-28,2019.77,True,SN-T-588969,SN-T-588969,SN-T-588969,SN-T-588969,SN-T-588969,Matched,TV-65Q,TV-65Q,TV-65Q,TV-65Q,ViewOptics Warranty Services,2024-11-28,2026-05-28,18,253,Active,Active,False,2025-09-11,2025-09-17,,,293,6,Display Panel Defect,Internal panel line defect.,None,False,False,False,True,No previous repairs,0,False,0,False,True,True,True,False,True,True,True,Product ID Tag Photo,1,False,False,True,False,False,,False,False,False,True
CLM-910923,CUST-9243,PRD-543115,INV-49493811,,complex_covered,train,Valid Claim,Laptop,OmniLap,LP-500,PC World,2024-02-21,1288.89,True,SN-L-283537,SN-L-283537,SN-L-283537,SN-L-283537,SN-L-283537,Matched,LP-500,LP-500,LP-500,LP-500,OmniLap Warranty Services,2024-02-21,2026-02-21,24,666,Active,Active,False,2024-04-18,2024-04-26,2024-03-22,,65,8,Motherboard Defect,Component failure on main board. Additional diagnostic evidence supplied.,None,False,False,False,True,Complex repair history with supporting diagnostics,2,False,0,False,True,True,True,True,True,True,True,,0,True,True,True,False,False,,False,False,False,False
CLM-911463,CUST-8698,PRD-711746,INV-16174008,DUP-998004,duplicate_claim,train,Manual Review,Television,ViewOptics,TV-43U,Home Screen,2023-06-14,2767.11,True,SN-T-354948,SN-T-354948,SN-T-354948,SN-T-354948,SN-T-354948,Matched,TV-43U,TV-43U,TV-43U,TV-43U,ViewOptics Warranty Services,2023-06-14,2024-12-14,18,271,Active,Active,False,2024-03-05,2024-03-18,,,278,13,Power Supply Failure,Internal power board failure.,None,False,False,False,True,No previous repairs,0,False,0,False,True,True,True,True,True,True,True,,0,True,True,True,True,False,,False,False,False,True
CLM-911915,CUST-8185,PRD-765941,INV-63576791,DUP-126658,duplicate_claim,train,Manual Review,Smartphone,MobileX,SP-X,Mobile Hub,2024-01-25,815.44,True,SN-S-318716,SN-S-318716,SN-S-318716,SN-S-318716,SN-S-318716,Matched,SP-X,SP-X,SP-X,SP-X,MobileX Warranty Services,2024-01-25,2025-01-25,12,93,Active,Active,False,2024-09-29,2024-10-24,,,273,25,Manufacturing Defect,Internal motherboard defect causing bootloop.,None,False,False,False,True,No previous repairs,0,False,0,False,True,True,True,True,True,True,True,,0,True,True,True,True,False,,False,False,False,True
CLM-912662,CUST-3389,PRD-370142,INV-99301859,,invalid_receipt,train,Invalid Claim,Laptop,UltraTech,LP-500,PC World,2024-04-11,2994.58,False,SN-L-813011,SN-L-813011,SN-L-813011,SN-L-813011,SN-L-813011,Matched,LP-500,LP-500,LP-500,LP-500,UltraTech Warranty Services,2024-04-11,2026-04-11,24,663,Active,Active,False,2024-05-09,2024-06-17,,,67,39,Keyboard Failure,Multiple keys non-functional.,None,False,False,False,True,No previous repairs,0,False,0,False,True,False,True,True,True,True,True,,0,False,False,True,False,False,,False,True,False,False
CLM-915220,CUST-1640,PRD-293482,INV-95847718,,invalid_receipt,train,Invalid Claim,Smartphone,TechCorp,SP-100,TechMart,2024-06-30,646.27,False,SN-S-147828,SN-S-147828,SN-S-147828,SN-S-147828,SN-S-147828,Matched,SP-100,SP-100,SP-100,SP-100,TechCorp Warranty Services,2024-06-30,2025-06-30,12,244,Active,Active,False,2024-09-29,2024-10-29,,,121,30,Screen Defect (Non-Impact),Touch failure or dead pixels with no physical drop.,None,False,False,False,True,No previous repairs,0,False,0,False,True,False,True,True,True,True,True,,0,False,False,True,False,False,,False,True,True,False
CLM-915822,CUST-4014,PRD-844610,INV-62004039,,expired_warranty,train,Invalid Claim,Laptop,UltraTech,LP-500,Digital Bazaar,2024-09-11,1796.34,True,SN-L-987240,SN-L-987240,SN-L-987240,SN-L-987240,SN-L-987240,Matched,LP-500,LP-500,LP-500,LP-500,UltraTech Warranty Services,2024-09-11,2026-09-11,24,-59,Expired,Expired,False,2026-10-27,2026-11-09,,,789,13,Factory SSD Failure,Primary storage failure.,None,False,False,False,True,No previous repairs,0,False,0,False,True,True,True,True,True,True,True,,0,True,True,True,False,False,,False,True,False,False
CLM-916103,CUST-7286,PRD-301437,INV-66779304,,near_expiry_boundary,train,Valid Claim,Television,CineDisplay,TV-43U,Electro Store,2024-03-04,772.27,True,SN-T-507333,SN-T-507333,SN-T-507333,SN-T-507333,SN-T-507333,Matched,TV-43U,TV-43U,TV-43U,TV-43U,CineDisplay Warranty Services,2024-03-04,2025-09-04,18,14,Active,Active,False,2025-08-15,2025-08-21,,,535,6,Main Board Defect,Smart hub system failure.,None,False,False,False,True,No previous repairs,0,False,0,False,True,True,True,True,True,True,True,,0,True,True,True,False,False,,False,False,False,False
CLM-917646,CUST-9436,PRD-800217,INV-81042742,,missing_mandatory_document,train,Manual Review,Smartphone,TechCorp,SP-100,City Electronics,2023-06-20,3227.39,True,SN-S-125093,SN-S-125093,SN-S-125093,SN-S-125093,SN-S-125093,Matched,SP-100,SP-100,SP-100,SP-100,TechCorp Warranty Services,2023-06-20,2024-06-20,12,250,Active,Active,False,2023-09-15,2023-10-14,,,116,29,Manufacturing Defect,Internal motherboard defect causing bootloop.,None,False,False,False,True,No previous repairs,0,False,0,False,True,True,False,True,True,True,True,Warranty Card,1,False,False,True,False,False,,False,False,False,True
CLM-919637,CUST-1223,PRD-443716,INV-84057077,,invalid_receipt,train,Invalid Claim,Laptop,UltraTech,LP-900,PC World,2023-11-08,2731.05,False,SN-L-450520,SN-L-450520,SN-L-450520,SN-L-450520,SN-L-450520,Matched,LP-900,LP-900,LP-900,LP-900,UltraTech Warranty Services,2023-11-08,2025-11-08,24,603,Active,Active,False,2024-02-20,2024-03-15,,,128,24,Motherboard Defect,Component failure on main board.,None,False,False,False,True,No previous repairs,0,False,0,False,True,False,True,True,True,True,True,,0,False,False,True,False,False,,False,True,False,False
CLM-919729,CUST-8713,PRD-105851,INV-28058430,,expired_warranty,train,Invalid Claim,Laptop,UltraTech,LP-500,PC World,2024-07-17,558.78,True,SN-L-984274,SN-L-984274,SN-L-984274,SN-L-984274,SN-L-984274,Matched,LP-500,LP-500,LP-500,LP-500,UltraTech Warranty Services,2024-07-17,2026-07-17,24,-123,Expired,Expired,False,2026-10-14,2026-11-17,,,853,34,Motherboard Defect,Component failure on main board.,None,False,False,False,True,No previous repairs,0,False,0,False,True,True,True,True,True,True,True,,0,True,True,True,False,False,,False,True,False,False
CLM-919771,CUST-6488,PRD-697406,INV-79480727,,service_center_unclear,train,Manual Review,Laptop,UltraTech,LP-500,Digital Bazaar,2023-12-23,2414.94,True,SN-L-300557,SN-L-300557,SN-L-300557,SN-L-300557,SN-L-300557,Matched,LP-500,LP-500,LP-500,LP-500,UltraTech Warranty Services,2023-12-23,2025-12-23,24,629,Active,Active,False,2024-02-24,2024-04-03,2024-02-04,,102,39,Display Failure,Backlight failure without screen crack.,None,False,False,False,False,Service-center authorization is unclear,1,False,0,False,True,True,True,True,True,True,True,,0,True,True,True,False,False,,False,False,False,True
CLM-920295,CUST-6638,PRD-487384,INV-11060619,,unauthorized_repair,train,Invalid Claim,Smartphone,MobileX,SP-200,Mobile Hub,2024-07-20,2920.46,True,SN-S-834831,SN-S-834831,SN-S-834831,SN-S-834831,SN-S-834831,Matched,SP-200,SP-200,SP-200,SP-200,MobileX Warranty Services,2024-07-20,2025-07-20,12,190,Active,Active,False,2024-12-22,2025-01-11,,,175,20,Battery Manufacturing Defect,Battery swelling or sudden degradation.,Unauthorized Modification,False,False,True,False,Unauthorized repair reported,0,False,0,False,True,True,True,True,True,True,True,,0,True,True,True,False,False,,False,True,False,True
CLM-920710,CUST-3024,PRD-688287,INV-22239481,,expired_warranty,train,Invalid Claim,Television,CineDisplay,TV-43U,Vision Retail,2023-09-14,532.45,True,SN-T-194560,SN-T-194560,SN-T-194560,SN-T-194560,SN-T-194560,Matched,TV-43U,TV-43U,TV-43U,TV-43U,CineDisplay Warranty Services,2023-09-14,2025-03-14,18,-100,Expired,Expired,False,2025-06-19,2025-06-22,,,647,3,Power Supply Failure,Internal power board failure.,None,False,False,False,True,No previous repairs,0,False,0,False,True,True,True,True,True,True,True,,0,True,True,True,False,False,,False,True,False,False
CLM-920779,CUST-6707,PRD-403660,INV-23948250,,late_reporting,train,Invalid Claim,Television,CineDisplay,TV-55OLED,Home Screen,2023-11-05,1058.16,True,SN-T-799686,SN-T-799686,SN-T-799686,SN-T-799686,SN-T-799686,Matched,TV-55OLED,TV-55OLED,TV-55OLED,TV-55OLED,CineDisplay Warranty Services,2023-11-05,2025-05-05,18,483,Active,Active,False,2023-11-25,2024-01-08,,,64,44,Main Board Defect,Smart hub system failure.,None,False,False,False,True,No previous repairs,0,False,0,False,True,True,True,True,True,True,True,,0,True,True,False,False,False,,False,True,False,False
CLM-923412,CUST-2633,PRD-850168,INV-60717541,,late_reporting,train,Invalid Claim,Laptop,OmniLap,LP-900,OfficeDirect,2024-06-23,1436.37,True,SN-L-859490,SN-L-859490,SN-L-859490,SN-L-859490,SN-L-859490,Matched,LP-900,LP-900,LP-900,LP-900,OmniLap Warranty Services,2024-06-23,2026-06-23,24,662,Active,Active,False,2024-07-13,2024-08-30,,,68,48,Keyboard Failure,Multiple keys non-functional.,None,False,False,False,True,No previous repairs,0,False,0,False,True,True,True,True,True,True,True,,0,True,True,False,False,False,,False,True,False,False
CLM-925443,CUST-3641,PRD-506532,INV-30339060,,late_reporting,train,Invalid Claim,Smartphone,TechCorp,SP-X,City Electronics,2024-08-23,2435.95,True,SN-S-600121,SN-S-600121,SN-S-600121,SN-S-600121,SN-S-600121,Matched,SP-X,SP-X,SP-X,SP-X,TechCorp Warranty Services,2024-08-23,2025-08-23,12,310,Active,Active,False,2024-09-12,2024-10-17,,,55,35,Manufacturing Defect,Internal motherboard defect causing bootloop.,None,False,False,False,True,No previous repairs,0,False,0,False,True,True,True,True,True,True,True,,0,True,True,False,False,False,,False,True,False,False
CLM-925573,CUST-9201,PRD-586172,INV-33978249,,standard_covered,train,Valid Claim,Laptop,ProBook,LP-900,PC World,2024-04-09,1850.73,True,SN-L-265840,SN-L-265840,SN-L-265840,SN-L-265840,SN-L-265840,Matched,LP-900,LP-900,LP-900,LP-900,ProBook Warranty Services,2024-04-09,2026-04-09,24,569,Active,Active,False,2024-09-10,2024-09-17,,,161,7,Motherboard Defect,Component failure on main board.,None,False,False,False,True,No previous repairs,0,False,0,False,True,True,True,True,True,True,True,,0,True,True,True,False,False,,False,False,False,False
CLM-925704,CUST-1259,PRD-918950,INV-46871774,DUP-168477,duplicate_claim,train,Manual Review,Laptop,UltraTech,LP-Pro,PC World,2023-03-28,2594.26,True,SN-L-340500,SN-L-340500,SN-L-340500,SN-L-340500,SN-L-340500,Matched,LP-Pro,LP-Pro,LP-Pro,LP-Pro,UltraTech Warranty Services,2023-03-28,2025-03-28,24,449,Active,Active,False,2023-12-14,2024-01-04,,,282,21,Factory SSD Failure,Primary storage failure.,None,False,False,False,True,No previous repairs,0,False,0,False,True,True,True,True,True,True,True,,0,True,True,True,True,False,,False,False,False,True
CLM-926551,CUST-3636,PRD-656147,INV-88381281,,extended_warranty,train,Valid Claim,Laptop,UltraTech,LP-500,PC World,2024-07-23,2984.15,True,SN-L-392670,SN-L-392670,SN-L-392670,SN-L-392670,SN-L-392670,Matched,LP-500,LP-500,LP-500,LP-500,UltraTech Warranty Services,2024-07-23,2027-07-23,36,1008,Active,Active,True,2024-10-17,2024-10-18,,,87,1,Display Failure,Backlight failure without screen crack.,None,False,False,False,True,No previous repairs,0,False,0,False,True,True,True,True,True,True,True,,0,True,True,True,False,False,,False,False,False,False
CLM-926925,CUST-8576,PRD-909388,INV-36610839,,excluded_damage,train,Invalid Claim,Television,VisionMax,TV-65Q,Electro Store,2024-10-03,1026.97,True,SN-T-741731,SN-T-741731,SN-T-741731,SN-T-741731,SN-T-741731,Matched,TV-65Q,TV-65Q,TV-65Q,TV-65Q,VisionMax Warranty Services,2024-10-03,2026-04-03,18,502,Active,Active,False,2024-11-04,2024-11-17,,,45,13,Cracked Screen,External screen crack from impact.,Physical Impact,True,False,False,True,No previous repairs,0,False,0,False,True,True,True,True,True,True,True,,0,True,True,True,False,False,,False,True,False,False
CLM-929125,CUST-2196,PRD-114097,INV-36363828,DUP-714127,duplicate_claim,train,Manual Review,Laptop,OmniLap,LP-900,PC World,2024-07-03,1752.3,True,SN-L-203043,SN-L-203043,SN-L-203043,SN-L-203043,SN-L-203043,Matched,LP-900,LP-900,LP-900,LP-900,OmniLap Warranty Services,2024-07-03,2026-07-03,24,518,Active,Active,False,2025-01-02,2025-01-31,,,212,29,Motherboard Defect,Component failure on main board.,None,False,False,False,True,No previous repairs,0,False,0,False,True,True,True,True,True,True,True,,0,True,True,True,True,False,,False,False,False,True
CLM-929995,CUST-4612,PRD-631697,INV-63051354,,standard_covered,train,Valid Claim,Smartphone,MobileX,SP-X,Mobile Hub,2024-05-13,3447.89,True,SN-S-721946,SN-S-721946,SN-S-721946,SN-S-721946,SN-S-721946,Matched,SP-X,SP-X,SP-X,SP-X,MobileX Warranty Services,2024-05-13,2025-05-13,12,320,Active,Active,False,2024-06-25,2024-06-27,,,45,2,Battery Manufacturing Defect,Battery swelling or sudden degradation.,None,False,False,False,True,No previous repairs,0,False,0,False,True,True,True,True,True,True,True,,0,True,True,True,False,False,,False,False,False,False
CLM-931251,CUST-1231,PRD-949877,INV-35855792,,serial_mismatch,train,Manual Review,Smartphone,TechCorp,SP-100,City Electronics,2024-07-26,1069.85,True,SN-S-767254,SN-S-546867,SN-S-767254,SN-S-767254,SN-S-767254,Mismatch,SP-100,SP-100,SP-100,SP-100,TechCorp Warranty Services,2024-07-26,2025-07-26,12,142,Active,Active,False,2025-02-07,2025-03-06,,,223,27,Screen Defect (Non-Impact),Touch failure or dead pixels with no physical drop.,None,False,False,False,True,No previous repairs,0,False,0,False,True,True,True,True,True,True,True,,0,False,False,True,False,True,Conflicting serial numbers,False,False,False,True
CLM-931324,CUST-1937,PRD-579873,INV-57785434,,invalid_receipt,train,Invalid Claim,Laptop,UltraTech,LP-900,OfficeDirect,2024-11-12,3074.81,False,SN-L-478756,SN-L-478756,SN-L-478756,SN-L-478756,SN-L-478756,Matched,LP-900,LP-900,LP-900,LP-900,UltraTech Warranty Services,2024-11-12,2026-11-12,24,680,Active,Active,False,2024-12-02,2025-01-01,,,50,30,Factory SSD Failure,Primary storage failure.,None,False,False,False,True,No previous repairs,0,False,0,False,True,False,True,True,True,True,True,,0,False,False,True,False,False,,False,True,False,False
CLM-931574,CUST-8001,PRD-684548,INV-63191556,DUP-367762,duplicate_claim,train,Manual Review,Television,CineDisplay,TV-65Q,Home Screen,2023-05-03,2850.32,True,SN-T-247083,SN-T-247083,SN-T-247083,SN-T-247083,SN-T-247083,Matched,TV-65Q,TV-65Q,TV-65Q,TV-65Q,CineDisplay Warranty Services,2023-05-03,2024-11-03,18,294,Active,Active,False,2023-12-19,2024-01-14,,,256,26,Main Board Defect,Smart hub system failure.,None,False,False,False,True,No previous repairs,0,False,0,False,True,True,True,True,True,True,True,,0,True,True,True,True,False,,False,False,False,True
CLM-931975,CUST-4242,PRD-839403,INV-34450775,DUP-793320,duplicate_claim,train,Manual Review,Smartphone,TechCorp,SP-X,Mobile Hub,2023-02-05,197.98,True,SN-S-992074,SN-S-992074,SN-S-992074,SN-S-992074,SN-S-992074,Matched,SP-X,SP-X,SP-X,SP-X,TechCorp Warranty Services,2023-02-05,2024-02-05,12,300,Active,Active,False,2023-03-21,2023-04-11,,,65,21,Charging Port Failure,Charging connector failure under normal usage.,None,False,False,False,True,No previous repairs,0,False,0,False,True,True,True,True,True,True,True,,0,True,True,True,True,False,,False,False,False,True
CLM-933162,CUST-1517,PRD-471500,INV-67768169,,excluded_damage,train,Invalid Claim,Television,CineDisplay,TV-55OLED,Electro Store,2024-07-07,3098.42,True,SN-T-460307,SN-T-460307,SN-T-460307,SN-T-460307,SN-T-460307,Matched,TV-55OLED,TV-55OLED,TV-55OLED,TV-55OLED,CineDisplay Warranty Services,2024-07-07,2026-01-07,18,403,Active,Active,False,2024-11-19,2024-11-30,,,146,11,Electrical Surge,High voltage power surge damage.,Electrical Surge,False,False,False,True,No previous repairs,0,False,0,False,True,True,True,True,True,True,True,,0,True,True,True,False,False,,False,True,False,False
CLM-933437,CUST-1519,PRD-828840,INV-54325223,,complex_covered,train,Valid Claim,Laptop,UltraTech,LP-900,PC World,2024-05-25,418.75,True,SN-L-923892,SN-L-923892,SN-L-923892,SN-L-923892,SN-L-923892,Matched,LP-900,LP-900,LP-900,LP-900,UltraTech Warranty Services,2024-05-25,2026-05-25,24,463,Active,Active,False,2025-02-06,2025-02-16,,,267,10,Display Failure,Backlight failure without screen crack. Additional diagnostic evidence supplied.,None,False,False,False,True,Complex repair history with supporting diagnostics,0,False,0,False,True,True,True,True,True,True,True,,0,True,True,True,False,False,,False,False,False,False
CLM-935303,CUST-1795,PRD-680337,INV-72379457,,serial_mismatch,train,Manual Review,Laptop,OmniLap,LP-900,OfficeDirect,2024-09-21,1093.74,True,SN-L-639907,SN-L-613405,SN-L-639907,SN-L-639907,SN-L-639907,Mismatch,LP-900,LP-900,LP-900,LP-900,OmniLap Warranty Services,2024-09-21,2026-09-21,24,480,Active,Active,False,2025-05-21,2025-05-29,,,250,8,Factory SSD Failure,Primary storage failure.,None,False,False,False,True,No previous repairs,0,False,0,False,True,True,True,True,True,True,True,,0,False,False,True,False,True,Conflicting serial numbers,False,False,False,True
CLM-937216,CUST-1190,PRD-314276,INV-19629584,,expired_warranty,train,Invalid Claim,Laptop,UltraTech,LP-900,PC World,2023-10-23,2322.1,True,SN-L-261760,SN-L-261760,SN-L-261760,SN-L-261760,SN-L-261760,Matched,LP-900,LP-900,LP-900,LP-900,UltraTech Warranty Services,2023-10-23,2025-10-23,24,-172,Expired,Expired,False,2026-03-01,2026-04-13,,,903,43,Keyboard Failure,Multiple keys non-functional.,None,False,False,False,True,No previous repairs,0,False,0,False,True,True,True,True,True,True,True,,0,True,True,True,False,False,,False,True,False,False
CLM-938721,CUST-9918,PRD-309767,INV-86525600,,extended_warranty,train,Valid Claim,Smartphone,TechCorp,SP-100,Mobile Hub,2023-04-16,732.4,True,SN-S-439813,SN-S-439813,SN-S-439813,SN-S-439813,SN-S-439813,Matched,SP-100,SP-100,SP-100,SP-100,TechCorp Warranty Services,2023-04-16,2025-04-16,24,556,Active,Active,True,2023-09-17,2023-10-08,,,175,21,Battery Manufacturing Defect,Battery swelling or sudden degradation.,None,False,False,False,True,No previous repairs,0,False,0,False,True,True,True,True,True,True,True,,0,True,True,True,False,False,,False,False,False,False
CLM-938973,CUST-5487,PRD-381626,INV-64367371,,late_reporting,train,Invalid Claim,Laptop,UltraTech,LP-900,Digital Bazaar,2023-03-27,423.73,True,SN-L-284660,SN-L-284660,SN-L-284660,SN-L-284660,SN-L-284660,Matched,LP-900,LP-900,LP-900,LP-900,UltraTech Warranty Services,2023-03-27,2025-03-27,24,650,Active,Active,False,2023-04-16,2023-06-16,,,81,61,Keyboard Failure,Multiple keys non-functional.,None,False,False,False,True,No previous repairs,0,False,0,False,True,True,True,True,True,True,True,,0,True,True,False,False,False,,False,True,False,False
CLM-940519,CUST-3897,PRD-980075,INV-52065724,,previous_authorized_repair,train,Valid Claim,Smartphone,MobileX,SP-X,TechMart,2023-03-24,2275.57,True,SN-S-916779,SN-S-916779,SN-S-916779,SN-S-916779,SN-S-916779,Matched,SP-X,SP-X,SP-X,SP-X,MobileX Warranty Services,2023-03-24,2024-03-24,12,175,Active,Active,False,2023-09-30,2023-10-01,2023-09-17,,191,1,Charging Port Failure,Charging connector failure under normal usage.,None,False,False,False,True,One or more authorized repairs,1,False,0,False,True,True,True,True,True,True,True,,0,True,True,True,False,False,,False,False,False,False
CLM-941517,CUST-8371,PRD-292319,INV-99552852,,unauthorized_repair,train,Invalid Claim,Television,CineDisplay,TV-65Q,Home Screen,2023-05-22,1654.4,True,SN-T-898963,SN-T-898963,SN-T-898963,SN-T-898963,SN-T-898963,Matched,TV-65Q,TV-65Q,TV-65Q,TV-65Q,CineDisplay Warranty Services,2023-05-22,2024-11-22,18,444,Active,Active,False,2023-09-02,2023-09-05,,,106,3,Main Board Defect,Smart hub system failure.,Unauthorized Modification,False,False,True,False,Unauthorized repair reported,0,False,0,False,True,True,True,True,True,True,True,,0,True,True,True,False,False,,False,True,False,True
CLM-942010,CUST-5237,PRD-882808,INV-64711545,,extended_warranty,train,Valid Claim,Television,VisionMax,TV-43U,Vision Retail,2023-03-14,1449.91,True,SN-T-685193,SN-T-685193,SN-T-685193,SN-T-685193,SN-T-685193,Matched,TV-43U,TV-43U,TV-43U,TV-43U,VisionMax Warranty Services,2023-03-14,2025-09-14,30,758,Active,Active,True,2023-07-28,2023-08-18,,,157,21,Main Board Defect,Smart hub system failure.,None,False,False,False,True,No previous repairs,0,False,0,False,True,True,True,True,True,True,True,,0,True,True,True,False,False,,False,False,False,False
CLM-943219,CUST-9029,PRD-892659,INV-35471281,,complex_covered,train,Valid Claim,Smartphone,MobileX,SP-100,City Electronics,2024-03-24,2048.45,True,SN-S-840951,SN-S-840951,SN-S-840951,SN-S-840951,SN-S-840951,Matched,SP-100,SP-100,SP-100,SP-100,MobileX Warranty Services,2024-03-24,2025-03-24,12,50,Active,Active,False,2025-01-15,2025-02-02,2024-12-26,,315,18,Battery Manufacturing Defect,Battery swelling or sudden degradation. Additional diagnostic evidence supplied.,None,False,False,False,True,Complex repair history with supporting diagnostics,1,False,0,False,True,True,True,True,True,True,True,,0,True,True,True,False,False,,False,False,False,False
CLM-943272,CUST-4585,PRD-523763,INV-75450221,,extended_warranty,train,Valid Claim,Laptop,OmniLap,LP-500,Digital Bazaar,2024-05-10,926.36,True,SN-L-867562,SN-L-867562,SN-L-867562,SN-L-867562,SN-L-867562,Matched,LP-500,LP-500,LP-500,LP-500,OmniLap Warranty Services,2024-05-10,2027-05-10,36,1038,Active,Active,True,2024-06-19,2024-07-06,,,57,17,Display Failure,Backlight failure without screen crack.,None,False,False,False,True,No previous repairs,0,False,0,False,True,True,True,True,True,True,True,,0,True,True,True,False,False,,False,False,False,False
CLM-943465,CUST-3475,PRD-476729,INV-33899852,,late_reporting,train,Invalid Claim,Laptop,ProBook,LP-Pro,PC World,2024-01-05,1585.91,True,SN-L-224099,SN-L-224099,SN-L-224099,SN-L-224099,SN-L-224099,Matched,LP-Pro,LP-Pro,LP-Pro,LP-Pro,ProBook Warranty Services,2024-01-05,2026-01-05,24,658,Active,Active,False,2024-01-25,2024-03-18,,,73,53,Motherboard Defect,Component failure on main board.,None,False,False,False,True,No previous repairs,0,False,0,False,True,True,True,True,True,True,True,,0,True,True,False,False,False,,False,True,False,False
CLM-945574,CUST-9808,PRD-305992,INV-38609087,,standard_covered,train,Valid Claim,Laptop,ProBook,LP-500,PC World,2024-07-30,1844.71,True,SN-L-751332,SN-L-751332,SN-L-751332,SN-L-751332,SN-L-751332,Matched,LP-500,LP-500,LP-500,LP-500,ProBook Warranty Services,2024-07-30,2026-07-30,24,664,Active,Active,False,2024-09-25,2024-10-04,,,66,9,Motherboard Defect,Component failure on main board.,None,False,False,False,True,No previous repairs,0,False,0,False,True,True,True,True,True,True,True,,0,True,True,True,False,False,,False,False,False,False
CLM-945703,CUST-8848,PRD-890851,INV-52168966,,near_expiry_boundary,train,Valid Claim,Television,ViewOptics,TV-65Q,Electro Store,2023-11-04,745.08,True,SN-T-242736,SN-T-242736,SN-T-242736,SN-T-242736,SN-T-242736,Matched,TV-65Q,TV-65Q,TV-65Q,TV-65Q,ViewOptics Warranty Services,2023-11-04,2025-05-04,18,8,Active,Active,False,2025-04-21,2025-04-26,,,539,5,Power Supply Failure,Internal power board failure.,None,False,False,False,True,No previous repairs,0,False,0,False,True,True,True,True,True,True,True,,0,True,True,True,False,False,,False,False,True,False
CLM-947277,CUST-1319,PRD-612469,INV-37140582,DUP-157994,duplicate_claim,train,Manual Review,Smartphone,MobileX,SP-200,Mobile Hub,2023-05-24,848.84,True,SN-S-944492,SN-S-944492,SN-S-944492,SN-S-944492,SN-S-944492,Matched,SP-200,SP-200,SP-200,SP-200,MobileX Warranty Services,2023-05-24,2024-05-24,12,183,Active,Active,False,2023-10-31,2023-11-23,,,183,23,Charging Port Failure,Charging connector failure under normal usage.,None,False,False,False,True,No previous repairs,0,False,0,False,True,True,True,True,True,True,True,,0,True,True,True,True,False,,False,False,False,True
CLM-947915,CUST-7274,PRD-126638,INV-41348220,,standard_covered,train,Valid Claim,Laptop,OmniLap,LP-Pro,PC World,2023-11-26,3017.64,True,SN-L-577463,SN-L-577463,SN-L-577463,SN-L-577463,SN-L-577463,Matched,LP-Pro,LP-Pro,LP-Pro,LP-Pro,OmniLap Warranty Services,2023-11-26,2025-11-26,24,562,Active,Active,False,2024-04-16,2024-05-13,,,169,27,Keyboard Failure,Multiple keys non-functional.,None,False,False,False,True,No previous repairs,0,False,0,False,True,True,True,True,True,True,True,,0,True,True,True,False,False,,False,False,False,False
CLM-948010,CUST-5215,PRD-600652,INV-95464793,,serial_mismatch,train,Manual Review,Laptop,ProBook,LP-Pro,Digital Bazaar,2023-05-31,913.53,True,SN-L-234797,SN-L-711561,SN-L-234797,SN-L-234797,SN-L-234797,Mismatch,LP-Pro,LP-Pro,LP-Pro,LP-Pro,ProBook Warranty Services,2023-05-31,2025-05-31,24,501,Active,Active,False,2024-01-02,2024-01-16,,,230,14,Display Failure,Backlight failure without screen crack.,None,False,False,False,True,No previous repairs,0,False,0,False,True,True,True,True,True,True,True,,0,False,False,True,False,True,Conflicting serial numbers,False,False,False,True
CLM-948290,CUST-5254,PRD-708067,INV-15781587,,replacement_not_eligible,train,Invalid Claim,Smartphone,TechCorp,SP-100,TechMart,2024-01-13,521.19,True,SN-S-859282,SN-S-859282,SN-S-859282,SN-S-859282,SN-S-859282,Matched,SP-100,SP-100,SP-100,SP-100,TechCorp Warranty Services,2024-01-13,2025-01-13,12,318,Active,Active,False,2024-02-21,2024-03-01,2024-02-11,,48,9,Manufacturing Defect,Internal motherboard defect causing bootloop.,None,False,False,False,True,Replacement requested before policy repair threshold,1,False,0,True,True,True,True,True,True,True,True,,0,True,True,True,False,False,,False,True,False,False
CLM-948302,CUST-6231,PRD-766505,INV-56354851,,standard_covered,train,Valid Claim,Television,ViewOptics,TV-55OLED,Home Screen,2024-09-13,3417.5,True,SN-T-456717,SN-T-456717,SN-T-456717,SN-T-456717,SN-T-456717,Matched,TV-55OLED,TV-55OLED,TV-55OLED,TV-55OLED,ViewOptics Warranty Services,2024-09-13,2026-03-13,18,361,Active,Active,False,2025-03-12,2025-03-17,,,185,5,Display Panel Defect,Internal panel line defect.,None,False,False,False,True,No previous repairs,0,False,0,False,True,True,True,True,True,True,True,,0,True,True,True,False,False,,False,False,False,False
CLM-949598,CUST-2835,PRD-147173,INV-29858055,,excluded_damage,train,Invalid Claim,Laptop,UltraTech,LP-500,PC World,2023-04-22,1812.7,True,SN-L-180685,SN-L-180685,SN-L-180685,SN-L-180685,SN-L-180685,Matched,LP-500,LP-500,LP-500,LP-500,UltraTech Warranty Services,2023-04-22,2025-04-22,24,687,Active,Active,False,2023-05-17,2023-06-05,,,44,19,Unauthorized Modification,RAM/SSD force modification damage.,Unauthorized Modification,False,False,True,True,No previous repairs,0,False,0,False,True,True,True,True,True,True,True,,0,True,True,True,False,False,,False,True,False,False
CLM-949797,CUST-4792,PRD-676997,INV-79760901,,previous_authorized_repair,train,Valid Claim,Laptop,UltraTech,LP-500,OfficeDirect,2023-10-14,1533.74,True,SN-L-846221,SN-L-846221,SN-L-846221,SN-L-846221,SN-L-846221,Matched,LP-500,LP-500,LP-500,LP-500,UltraTech Warranty Services,2023-10-14,2025-10-14,24,665,Active,Active,False,2023-11-25,2023-12-19,2023-11-18,,66,24,Motherboard Defect,Component failure on main board.,None,False,False,False,True,One or more authorized repairs,2,False,0,False,True,True,True,True,True,True,True,,0,True,True,True,False,False,,False,False,False,False
CLM-950717,CUST-9996,PRD-577742,INV-10022778,,extended_warranty,train,Valid Claim,Laptop,OmniLap,LP-Pro,OfficeDirect,2024-02-18,2916.79,True,SN-L-207629,SN-L-207629,SN-L-207629,SN-L-207629,SN-L-207629,Matched,LP-Pro,LP-Pro,LP-Pro,LP-Pro,OmniLap Warranty Services,2024-02-18,2027-02-18,36,1019,Active,Active,True,2024-03-27,2024-05-05,,,77,39,Factory SSD Failure,Primary storage failure.,None,False,False,False,True,No previous repairs,0,False,0,False,True,True,True,True,True,True,True,,0,True,True,True,False,False,,False,False,False,False
CLM-951015,CUST-3264,PRD-828770,INV-97772249,,late_reporting,train,Invalid Claim,Television,ViewOptics,TV-55OLED,Vision Retail,2024-02-28,3237.38,True,SN-T-604667,SN-T-604667,SN-T-604667,SN-T-604667,SN-T-604667,Matched,TV-55OLED,TV-55OLED,TV-55OLED,TV-55OLED,ViewOptics Warranty Services,2024-02-28,2025-08-28,18,481,Active,Active,False,2024-03-19,2024-05-04,,,66,46,Main Board Defect,Smart hub system failure.,None,False,False,False,True,No previous repairs,0,False,0,False,True,True,True,True,True,True,True,,0,True,True,False,False,False,,False,True,False,False
CLM-952210,CUST-8187,PRD-720903,INV-35899364,,complex_covered,train,Valid Claim,Television,VisionMax,TV-55OLED,Home Screen,2024-07-25,221.53,True,SN-T-432125,SN-T-432125,SN-T-432125,SN-T-432125,SN-T-432125,Matched,TV-55OLED,TV-55OLED,TV-55OLED,TV-55OLED,VisionMax Warranty Services,2024-07-25,2026-01-25,18,339,Active,Active,False,2025-02-07,2025-02-20,2025-01-24,,210,13,Main Board Defect,Smart hub system failure. Additional diagnostic evidence supplied.,None,False,False,False,True,Complex repair history with supporting diagnostics,1,False,0,False,True,True,True,True,True,True,True,,0,True,True,True,False,False,,False,False,False,False
CLM-953075,CUST-9295,PRD-240906,INV-18907659,,excluded_damage,train,Invalid Claim,Laptop,UltraTech,LP-Pro,PC World,2023-04-13,1328.72,True,SN-L-960085,SN-L-960085,SN-L-960085,SN-L-960085,SN-L-960085,Matched,LP-Pro,LP-Pro,LP-Pro,LP-Pro,UltraTech Warranty Services,2023-04-13,2025-04-13,24,598,Active,Active,False,2023-07-25,2023-08-24,,,133,30,Unauthorized Modification,RAM/SSD force modification damage.,Unauthorized Modification,False,False,True,True,No previous repairs,0,False,0,False,True,True,True,True,True,True,True,,0,True,True,True,False,False,,False,True,False,False
CLM-953618,CUST-3759,PRD-791820,INV-75404850,,contradictory_information,train,Manual Review,Laptop,ProBook,LP-900,PC World,2024-10-03,2690.84,True,SN-L-218318,SN-L-218318,SN-L-218318,SN-L-218318,SN-L-218318,Matched,LP-900,LP-900,LP-900,LP-900,ProBook Warranty Services,2024-10-03,2026-10-03,24,640,Active,Active,False,2024-11-23,2025-01-01,2024-09-09,,90,39,Factory SSD Failure,Primary storage failure.,None,False,False,False,True,Conflicting repair record predates purchase,1,False,0,False,True,True,True,True,True,True,True,,0,False,False,True,False,True,Repair date before purchase date,False,False,False,True
CLM-953696,CUST-2930,PRD-778267,INV-47487708,DUP-525362,duplicate_claim,train,Manual Review,Television,ViewOptics,TV-43U,Vision Retail,2023-09-27,2345.79,True,SN-T-751493,SN-T-751493,SN-T-751493,SN-T-751493,SN-T-751493,Matched,TV-43U,TV-43U,TV-43U,TV-43U,ViewOptics Warranty Services,2023-09-27,2025-03-27,18,285,Active,Active,False,2024-05-29,2024-06-15,,,262,17,Main Board Defect,Smart hub system failure.,None,False,False,False,True,No previous repairs,0,False,0,False,True,True,True,True,True,True,True,,0,True,True,True,True,False,,False,False,False,True
CLM-953805,CUST-3730,PRD-111303,INV-35144941,,missing_mandatory_document,train,Manual Review,Television,ViewOptics,TV-65Q,Home Screen,2023-11-19,1262.72,True,SN-T-278501,SN-T-278501,SN-T-278501,SN-T-278501,SN-T-278501,Matched,TV-65Q,TV-65Q,TV-65Q,TV-65Q,ViewOptics Warranty Services,2023-11-19,2025-05-19,18,477,Active,Active,False,2024-01-13,2024-01-28,,,70,15,Main Board Defect,Smart hub system failure.,None,False,False,False,True,No previous repairs,0,False,0,False,False,True,True,True,True,True,True,Purchase Receipt,1,False,False,True,False,False,,False,False,False,True
CLM-953911,CUST-3929,PRD-273989,INV-69566993,,missing_mandatory_document,train,Manual Review,Laptop,OmniLap,LP-500,OfficeDirect,2024-08-05,1700.13,True,SN-L-421802,SN-L-421802,SN-L-421802,SN-L-421802,SN-L-421802,Matched,LP-500,LP-500,LP-500,LP-500,OmniLap Warranty Services,2024-08-05,2026-08-05,24,546,Active,Active,False,2025-01-07,2025-02-05,,,184,29,Display Failure,Backlight failure without screen crack.,None,False,False,False,True,No previous repairs,0,False,0,False,False,True,True,True,True,True,True,Purchase Receipt,1,False,False,True,False,False,,False,False,False,True
CLM-954084,CUST-7679,PRD-119674,INV-32400338,,service_center_unclear,train,Manual Review,Laptop,UltraTech,LP-Pro,Digital Bazaar,2024-02-19,1835.56,True,SN-L-853250,SN-L-853250,SN-L-853250,SN-L-853250,SN-L-853250,Matched,LP-Pro,LP-Pro,LP-Pro,LP-Pro,UltraTech Warranty Services,2024-02-19,2026-02-19,24,682,Active,Active,False,2024-04-05,2024-04-08,2024-03-16,,49,3,Display Failure,Backlight failure without screen crack.,None,False,False,False,False,Service-center authorization is unclear,1,False,0,False,True,True,True,True,True,True,True,,0,True,True,True,False,False,,False,False,False,True
CLM-955580,CUST-7235,PRD-259666,INV-15892974,,expired_warranty,train,Invalid Claim,Smartphone,ApexPhone,SP-X,City Electronics,2024-06-07,2723.67,True,SN-S-862182,SN-S-862182,SN-S-862182,SN-S-862182,SN-S-862182,Matched,SP-X,SP-X,SP-X,SP-X,ApexPhone Warranty Services,2024-06-07,2025-06-07,12,-109,Expired,Expired,False,2025-09-05,2025-09-24,,,474,19,Screen Defect (Non-Impact),Touch failure or dead pixels with no physical drop.,None,False,False,False,True,No previous repairs,0,False,0,False,True,True,True,True,True,True,True,,0,True,True,True,False,False,,False,True,False,False
CLM-956595,CUST-1890,PRD-695402,INV-96950282,,borderline_reporting,train,Manual Review,Smartphone,ApexPhone,SP-X,TechMart,2023-11-07,2247.49,True,SN-S-722076,SN-S-722076,SN-S-722076,SN-S-722076,SN-S-722076,Matched,SP-X,SP-X,SP-X,SP-X,ApexPhone Warranty Services,2023-11-07,2024-11-07,12,0,Active,Active,False,2024-11-01,2024-11-07,,,366,6,Battery Manufacturing Defect,Battery swelling or sudden degradation.,None,False,False,False,True,Claim submitted on warranty expiry boundary,0,False,0,False,True,True,True,True,True,True,True,,0,True,True,True,False,False,,False,False,True,True
CLM-958166,CUST-9980,PRD-521757,INV-76619601,,previous_authorized_repair,train,Valid Claim,Laptop,ProBook,LP-900,Digital Bazaar,2023-10-30,3199.69,True,SN-L-529660,SN-L-529660,SN-L-529660,SN-L-529660,SN-L-529660,Matched,LP-900,LP-900,LP-900,LP-900,ProBook Warranty Services,2023-10-30,2025-10-30,24,646,Active,Active,False,2023-12-09,2024-01-23,2023-11-24,,85,45,Keyboard Failure,Multiple keys non-functional.,None,False,False,False,True,One or more authorized repairs,2,False,0,False,True,True,True,True,True,True,True,,0,True,True,True,False,False,,False,False,True,False
CLM-959210,CUST-6946,PRD-549214,INV-93648740,,contradictory_information,train,Manual Review,Television,ViewOptics,TV-43U,Electro Store,2023-08-07,3195.97,True,SN-T-257918,SN-T-257918,SN-T-257918,SN-T-257918,SN-T-257918,Matched,TV-43U,TV-43U,TV-43U,TV-43U,ViewOptics Warranty Services,2023-08-07,2025-02-07,18,437,Active,Active,False,2023-11-12,2023-11-28,2023-07-23,,113,16,Power Supply Failure,Internal power board failure.,None,False,False,False,True,Conflicting repair record predates purchase,1,False,0,False,True,True,True,True,True,True,True,,0,False,False,True,False,True,Repair date before purchase date,False,False,False,True
CLM-960822,CUST-7332,PRD-607803,INV-41026926,,expired_warranty,train,Invalid Claim,Laptop,UltraTech,LP-Pro,Digital Bazaar,2023-04-21,3432.31,True,SN-L-477717,SN-L-477717,SN-L-477717,SN-L-477717,SN-L-477717,Matched,LP-Pro,LP-Pro,LP-Pro,LP-Pro,UltraTech Warranty Services,2023-04-21,2025-04-21,24,-51,Expired,Expired,False,2025-05-21,2025-06-11,,,782,21,Motherboard Defect,Component failure on main board.,None,False,False,False,True,No previous repairs,0,False,0,False,True,True,True,True,True,True,True,,0,True,True,True,False,False,,False,True,False,False
CLM-961220,CUST-4053,PRD-548672,INV-68264710,,excluded_damage,train,Invalid Claim,Television,ViewOptics,TV-65Q,Electro Store,2023-04-03,2262.8,True,SN-T-543621,SN-T-543621,SN-T-543621,SN-T-543621,SN-T-543621,Matched,TV-65Q,TV-65Q,TV-65Q,TV-65Q,ViewOptics Warranty Services,2023-04-03,2024-10-03,18,427,Active,Active,False,2023-07-19,2023-08-03,,,122,15,Cracked Screen,External screen crack from impact.,Physical Impact,True,False,False,True,No previous repairs,0,False,0,False,True,True,True,True,True,True,True,,0,True,True,True,False,False,,False,True,False,False
CLM-961896,CUST-5441,PRD-554949,INV-16249441,,near_expiry_boundary,train,Valid Claim,Smartphone,ApexPhone,SP-100,Mobile Hub,2023-08-24,3245.93,True,SN-S-144618,SN-S-144618,SN-S-144618,SN-S-144618,SN-S-144618,Matched,SP-100,SP-100,SP-100,SP-100,ApexPhone Warranty Services,2023-08-24,2024-08-24,12,2,Active,Active,False,2024-08-13,2024-08-22,,,364,9,Screen Defect (Non-Impact),Touch failure or dead pixels with no physical drop.,None,False,False,False,True,No previous repairs,0,False,0,False,True,True,True,True,True,True,True,,0,True,True,True,False,False,,False,False,True,False
CLM-961949,CUST-9502,PRD-519238,INV-99597988,,contradictory_information,train,Manual Review,Laptop,OmniLap,LP-900,Digital Bazaar,2023-04-17,1431.67,True,SN-L-378663,SN-L-378663,SN-L-378663,SN-L-378663,SN-L-378663,Matched,LP-900,LP-900,LP-900,LP-900,OmniLap Warranty Services,2023-04-17,2025-04-17,24,712,Active,Active,False,2023-04-06,2023-05-06,,,19,30,Factory SSD Failure,Reported fault date predates the purchase date.,None,False,False,False,True,No previous repairs,0,False,0,False,True,True,True,True,True,True,True,,0,False,False,True,False,True,Fault date before purchase date,False,False,False,True
CLM-963921,CUST-3662,PRD-664913,INV-62741471,,near_expiry_boundary,train,Valid Claim,Television,VisionMax,TV-65Q,Electro Store,2023-12-02,3468.56,True,SN-T-246570,SN-T-246570,SN-T-246570,SN-T-246570,SN-T-246570,Matched,TV-65Q,TV-65Q,TV-65Q,TV-65Q,VisionMax Warranty Services,2023-12-02,2025-06-02,18,2,Active,Active,False,2025-05-21,2025-05-31,,,546,10,Main Board Defect,Smart hub system failure.,None,False,False,False,True,No previous repairs,0,False,0,False,True,True,True,True,True,True,True,,0,True,True,True,False,False,,False,False,True,False
CLM-963929,CUST-9283,PRD-714048,INV-72986894,,extended_warranty,train,Valid Claim,Laptop,UltraTech,LP-500,Digital Bazaar,2023-02-25,3003.77,True,SN-L-742686,SN-L-742686,SN-L-742686,SN-L-742686,SN-L-742686,Matched,LP-500,LP-500,LP-500,LP-500,UltraTech Warranty Services,2023-02-25,2026-02-25,36,985,Active,Active,True,2023-06-05,2023-06-16,,,111,11,Motherboard Defect,Component failure on main board.,None,False,False,False,True,No previous repairs,0,False,0,False,True,True,True,True,True,True,True,,0,True,True,True,False,False,,False,False,False,False
CLM-965748,CUST-5382,PRD-742669,INV-91253395,,complex_covered,train,Valid Claim,Smartphone,TechCorp,SP-100,City Electronics,2023-11-18,2309.56,True,SN-S-339303,SN-S-339303,SN-S-339303,SN-S-339303,SN-S-339303,Matched,SP-100,SP-100,SP-100,SP-100,TechCorp Warranty Services,2023-11-18,2024-11-18,12,188,Active,Active,False,2024-05-05,2024-05-14,2024-04-14,,178,9,Battery Manufacturing Defect,Battery swelling or sudden degradation. Additional diagnostic evidence supplied.,None,False,False,False,True,Complex repair history with supporting diagnostics,1,False,0,False,True,True,True,True,True,True,True,,0,True,True,True,False,False,,False,False,False,False
CLM-966168,CUST-1404,PRD-141688,INV-78384832,,service_center_unclear,train,Manual Review,Laptop,OmniLap,LP-500,OfficeDirect,2023-05-30,882.62,True,SN-L-206223,SN-L-206223,SN-L-206223,SN-L-206223,SN-L-206223,Matched,LP-500,LP-500,LP-500,LP-500,OmniLap Warranty Services,2023-05-30,2025-05-30,24,652,Active,Active,False,2023-08-15,2023-08-17,2023-07-26,,79,2,Display Failure,Backlight failure without screen crack.,None,False,False,False,False,Service-center authorization is unclear,1,False,0,False,True,True,True,True,True,True,True,,0,True,True,True,False,False,,False,False,False,True
CLM-968367,CUST-3126,PRD-645013,INV-29138848,DUP-600998,duplicate_claim,train,Manual Review,Smartphone,MobileX,SP-X,Mobile Hub,2023-05-09,905.6,True,SN-S-305821,SN-S-305821,SN-S-305821,SN-S-305821,SN-S-305821,Matched,SP-X,SP-X,SP-X,SP-X,MobileX Warranty Services,2023-05-09,2024-05-09,12,80,Active,Active,False,2024-02-16,2024-02-19,,,286,3,Screen Defect (Non-Impact),Touch failure or dead pixels with no physical drop.,None,False,False,False,True,No previous repairs,0,False,0,False,True,True,True,True,True,True,True,,0,True,True,True,True,False,,False,False,False,True
CLM-969750,CUST-8039,PRD-871703,INV-38434222,,near_expiry_boundary,train,Valid Claim,Laptop,OmniLap,LP-Pro,Digital Bazaar,2023-03-06,1807.3,True,SN-L-475623,SN-L-475623,SN-L-475623,SN-L-475623,SN-L-475623,Matched,LP-Pro,LP-Pro,LP-Pro,LP-Pro,OmniLap Warranty Services,2023-03-06,2025-03-06,24,6,Active,Active,False,2025-02-22,2025-02-28,,,725,6,Factory SSD Failure,Primary storage failure.,None,False,False,False,True,No previous repairs,0,False,0,False,True,True,True,True,True,True,True,,0,True,True,True,False,False,,False,False,True,False
CLM-970713,CUST-5819,PRD-851212,INV-29940314,,unauthorized_repair,train,Invalid Claim,Smartphone,ApexPhone,SP-200,Mobile Hub,2023-02-17,1247.73,True,SN-S-356428,SN-S-356428,SN-S-356428,SN-S-356428,SN-S-356428,Matched,SP-200,SP-200,SP-200,SP-200,ApexPhone Warranty Services,2023-02-17,2024-02-17,12,246,Active,Active,False,2023-05-19,2023-06-16,,,119,28,Screen Defect (Non-Impact),Touch failure or dead pixels with no physical drop.,Unauthorized Modification,False,False,True,False,Unauthorized repair reported,0,False,0,False,True,True,True,True,True,True,True,,0,True,True,True,False,False,,False,True,False,True
CLM-972838,CUST-4070,PRD-201641,INV-89885300,,expired_warranty,train,Invalid Claim,Laptop,ProBook,LP-900,OfficeDirect,2024-01-20,541.43,True,SN-L-455627,SN-L-455627,SN-L-455627,SN-L-455627,SN-L-455627,Matched,LP-900,LP-900,LP-900,LP-900,ProBook Warranty Services,2024-01-20,2026-01-20,24,-88,Expired,Expired,False,2026-04-15,2026-04-18,,,819,3,Keyboard Failure,Multiple keys non-functional.,None,False,False,False,True,No previous repairs,0,False,0,False,True,True,True,True,True,True,True,,0,True,True,True,False,False,,False,True,False,False
CLM-973705,CUST-1927,PRD-183982,INV-36830448,,extended_warranty,train,Valid Claim,Laptop,ProBook,LP-Pro,OfficeDirect,2024-01-26,1044.38,True,SN-L-126499,SN-L-126499,SN-L-126499,SN-L-126499,SN-L-126499,Matched,LP-Pro,LP-Pro,LP-Pro,LP-Pro,ProBook Warranty Services,2024-01-26,2027-01-26,36,1038,Active,Active,True,2024-03-13,2024-03-24,,,58,11,Keyboard Failure,Multiple keys non-functional.,None,False,False,False,True,No previous repairs,0,False,0,False,True,True,True,True,True,True,True,,0,True,True,True,False,False,,False,False,False,False
CLM-974613,CUST-1870,PRD-406117,INV-57050710,,service_center_unclear,train,Manual Review,Television,VisionMax,TV-43U,Home Screen,2023-04-14,1708.05,True,SN-T-771112,SN-T-771112,SN-T-771112,SN-T-771112,SN-T-771112,Matched,TV-43U,TV-43U,TV-43U,TV-43U,VisionMax Warranty Services,2023-04-14,2024-10-14,18,385,Active,Active,False,2023-09-04,2023-09-25,2023-08-15,,164,21,Power Supply Failure,Internal power board failure.,None,False,False,False,False,Service-center authorization is unclear,1,False,0,False,True,True,True,True,True,True,True,,0,True,True,True,False,False,,False,False,False,True
CLM-974633,CUST-9796,PRD-708401,INV-89701163,,near_expiry_boundary,train,Valid Claim,Smartphone,ApexPhone,SP-200,Mobile Hub,2024-03-04,2287.9,True,SN-S-631221,SN-S-631221,SN-S-631221,SN-S-631221,SN-S-631221,Matched,SP-200,SP-200,SP-200,SP-200,ApexPhone Warranty Services,2024-03-04,2025-03-04,12,4,Active,Active,False,2025-02-26,2025-02-28,,,361,2,Manufacturing Defect,Internal motherboard defect causing bootloop.,None,False,False,False,True,No previous repairs,0,False,0,False,True,True,True,True,True,True,True,,0,True,True,True,False,False,,False,False,True,False
CLM-974735,CUST-4177,PRD-762014,INV-49460803,,missing_mandatory_document,train,Manual Review,Laptop,UltraTech,LP-900,PC World,2023-02-20,784.66,True,SN-L-202564,SN-L-202564,SN-L-202564,SN-L-202564,SN-L-202564,Matched,LP-900,LP-900,LP-900,LP-900,UltraTech Warranty Services,2023-02-20,2025-02-20,24,483,Active,Active,False,2023-10-14,2023-10-26,,,248,12,Factory SSD Failure,Primary storage failure.,None,False,False,False,True,No previous repairs,0,False,0,False,True,True,True,True,True,True,False,Technical Diagnostic Report,1,False,False,True,False,False,,False,False,False,True
CLM-975392,CUST-7854,PRD-411555,INV-86409465,,service_center_unclear,train,Manual Review,Television,VisionMax,TV-43U,Home Screen,2023-01-13,798.78,True,SN-T-417624,SN-T-417624,SN-T-417624,SN-T-417624,SN-T-417624,Matched,TV-43U,TV-43U,TV-43U,TV-43U,VisionMax Warranty Services,2023-01-13,2024-07-13,18,383,Active,Active,False,2023-05-28,2023-06-26,2023-05-08,,164,29,Display Panel Defect,Internal panel line defect.,None,False,False,False,False,Service-center authorization is unclear,1,False,0,False,True,True,True,True,True,True,True,,0,True,True,True,False,False,,False,False,False,True
CLM-978007,CUST-1151,PRD-490247,INV-49829248,,serial_mismatch,train,Manual Review,Laptop,OmniLap,LP-900,OfficeDirect,2024-07-14,543.9,True,SN-L-885376,SN-L-854914,SN-L-885376,SN-L-885376,SN-L-885376,Mismatch,LP-900,LP-900,LP-900,LP-900,OmniLap Warranty Services,2024-07-14,2026-07-14,24,487,Active,Active,False,2025-02-23,2025-03-14,,,243,19,Factory SSD Failure,Primary storage failure.,None,False,False,False,True,No previous repairs,0,False,0,False,True,True,True,True,True,True,True,,0,False,False,True,False,True,Conflicting serial numbers,False,False,False,True
CLM-978039,CUST-9490,PRD-932291,INV-71749629,,complex_covered,train,Valid Claim,Smartphone,ApexPhone,SP-200,City Electronics,2023-06-28,1207.43,True,SN-S-819678,SN-S-819678,SN-S-819678,SN-S-819678,SN-S-819678,Matched,SP-200,SP-200,SP-200,SP-200,ApexPhone Warranty Services,2023-06-28,2024-06-28,12,284,Active,Active,False,2023-09-17,2023-09-18,,,82,1,Charging Port Failure,Charging connector failure under normal usage. Additional diagnostic evidence supplied.,None,False,False,False,True,Complex repair history with supporting diagnostics,0,False,0,False,True,True,True,True,True,True,True,,0,True,True,True,False,False,,False,False,False,False
CLM-979007,CUST-4926,PRD-981508,INV-43954789,,excluded_damage,train,Invalid Claim,Laptop,OmniLap,LP-900,PC World,2024-10-22,2001.64,True,SN-L-122097,SN-L-122097,SN-L-122097,SN-L-122097,SN-L-122097,Matched,LP-900,LP-900,LP-900,LP-900,OmniLap Warranty Services,2024-10-22,2026-10-22,24,574,Active,Active,False,2025-02-11,2025-03-27,,,156,44,Unauthorized Modification,RAM/SSD force modification damage.,Unauthorized Modification,False,False,True,True,No previous repairs,0,False,0,False,True,True,True,True,True,True,True,,0,True,True,True,False,False,,False,True,False,False
CLM-979702,CUST-7487,PRD-781377,INV-44152669,,near_expiry_boundary,train,Valid Claim,Smartphone,ApexPhone,SP-100,Mobile Hub,2024-11-19,2885.12,True,SN-S-584838,SN-S-584838,SN-S-584838,SN-S-584838,SN-S-584838,Matched,SP-100,SP-100,SP-100,SP-100,ApexPhone Warranty Services,2024-11-19,2025-11-19,12,7,Active,Active,False,2025-11-10,2025-11-12,,,358,2,Battery Manufacturing Defect,Battery swelling or sudden degradation.,None,False,False,False,True,No previous repairs,0,False,0,False,True,True,True,True,True,True,True,,0,True,True,True,False,False,,False,False,True,False
CLM-981205,CUST-9185,PRD-441379,INV-23665188,,unauthorized_repair,train,Invalid Claim,Smartphone,ApexPhone,SP-200,TechMart,2023-08-12,2536.98,True,SN-S-170601,SN-S-170601,SN-S-170601,SN-S-170601,SN-S-170601,Matched,SP-200,SP-200,SP-200,SP-200,ApexPhone Warranty Services,2023-08-12,2024-08-12,12,195,Active,Active,False,2024-01-24,2024-01-30,,,171,6,Charging Port Failure,Charging connector failure under normal usage.,Unauthorized Modification,False,False,True,False,Unauthorized repair reported,0,False,0,False,True,True,True,True,True,True,True,,0,True,True,True,False,False,,False,True,False,True
CLM-983370,CUST-7520,PRD-877861,INV-77996124,,near_expiry_boundary,train,Valid Claim,Laptop,OmniLap,LP-500,OfficeDirect,2023-08-09,1109.73,True,SN-L-374921,SN-L-374921,SN-L-374921,SN-L-374921,SN-L-374921,Matched,LP-500,LP-500,LP-500,LP-500,OmniLap Warranty Services,2023-08-09,2025-08-09,24,9,Active,Active,False,2025-07-24,2025-07-31,,,722,7,Motherboard Defect,Component failure on main board.,None,False,False,False,True,No previous repairs,0,False,0,False,True,True,True,True,True,True,True,,0,True,True,True,False,False,,False,False,True,False
CLM-987599,CUST-6840,PRD-592911,INV-93010827,,missing_mandatory_document,train,Manual Review,Television,VisionMax,TV-43U,Electro Store,2024-04-30,3164.18,True,SN-T-967776,SN-T-967776,SN-T-967776,SN-T-967776,SN-T-967776,Matched,TV-43U,TV-43U,TV-43U,TV-43U,VisionMax Warranty Services,2024-04-30,2025-10-30,18,320,Active,Active,False,2024-11-16,2024-12-14,,,228,28,Main Board Defect,Smart hub system failure.,None,False,False,False,True,No previous repairs,0,False,0,False,False,True,True,True,True,True,True,Purchase Receipt,1,False,False,True,False,False,,False,False,False,True
CLM-988768,CUST-1074,PRD-143460,INV-84854623,,expired_warranty,train,Invalid Claim,Laptop,UltraTech,LP-Pro,OfficeDirect,2023-11-05,939.39,True,SN-L-757658,SN-L-757658,SN-L-757658,SN-L-757658,SN-L-757658,Matched,LP-Pro,LP-Pro,LP-Pro,LP-Pro,UltraTech Warranty Services,2023-11-05,2025-11-05,24,-147,Expired,Expired,False,2026-03-25,2026-04-01,,,878,7,Display Failure,Backlight failure without screen crack.,None,False,False,False,True,No previous repairs,0,False,0,False,True,True,True,True,True,True,True,,0,True,True,True,False,False,,False,True,False,False
CLM-990036,CUST-3052,PRD-717592,INV-82157584,,missing_mandatory_document,train,Manual Review,Smartphone,ApexPhone,SP-200,Mobile Hub,2024-04-04,970.56,True,SN-S-341539,SN-S-341539,SN-S-341539,SN-S-341539,SN-S-341539,Matched,SP-200,SP-200,SP-200,SP-200,ApexPhone Warranty Services,2024-04-04,2025-04-04,12,198,Active,Active,False,2024-08-19,2024-09-18,,,167,30,Charging Port Failure,Charging connector failure under normal usage.,None,False,False,False,True,No previous repairs,0,False,0,False,True,True,False,True,True,True,True,Warranty Card,1,False,False,True,False,False,,False,False,True,True
CLM-990114,CUST-3569,PRD-705951,INV-85031292,,unauthorized_repair,train,Invalid Claim,Laptop,OmniLap,LP-500,Digital Bazaar,2024-04-11,1387.26,True,SN-L-322971,SN-L-322971,SN-L-322971,SN-L-322971,SN-L-322971,Matched,LP-500,LP-500,LP-500,LP-500,OmniLap Warranty Services,2024-04-11,2026-04-11,24,529,Active,Active,False,2024-10-02,2024-10-29,,,201,27,Factory SSD Failure,Primary storage failure.,Unauthorized Modification,False,False,True,False,Unauthorized repair reported,0,False,0,False,True,True,True,True,True,True,True,,0,True,True,True,False,False,,False,True,False,True
CLM-990236,CUST-1796,PRD-176066,INV-89715138,,previous_authorized_repair,train,Valid Claim,Smartphone,ApexPhone,SP-X,TechMart,2024-10-17,3482.18,True,SN-S-493417,SN-S-493417,SN-S-493417,SN-S-493417,SN-S-493417,Matched,SP-X,SP-X,SP-X,SP-X,ApexPhone Warranty Services,2024-10-17,2025-10-17,12,50,Active,Active,False,2025-08-06,2025-08-28,2025-07-12,,315,22,Battery Manufacturing Defect,Battery swelling or sudden degradation.,None,False,False,False,True,One or more authorized repairs,1,False,0,False,True,True,True,True,True,True,True,,0,True,True,True,False,False,,False,False,False,False
CLM-990272,CUST-3683,PRD-924629,INV-51746937,,standard_covered,train,Valid Claim,Smartphone,MobileX,SP-X,City Electronics,2024-01-13,512.13,True,SN-S-904150,SN-S-904150,SN-S-904150,SN-S-904150,SN-S-904150,Matched,SP-X,SP-X,SP-X,SP-X,MobileX Warranty Services,2024-01-13,2025-01-13,12,287,Active,Active,False,2024-03-31,2024-04-01,,,79,1,Screen Defect (Non-Impact),Touch failure or dead pixels with no physical drop.,None,False,False,False,True,No previous repairs,0,False,0,False,True,True,True,True,True,True,True,,0,True,True,True,False,False,,False,False,False,False
CLM-992136,CUST-3115,PRD-826187,INV-33258738,,excluded_damage,train,Invalid Claim,Television,VisionMax,TV-65Q,Home Screen,2023-03-30,818.27,True,SN-T-396177,SN-T-396177,SN-T-396177,SN-T-396177,SN-T-396177,Matched,TV-65Q,TV-65Q,TV-65Q,TV-65Q,VisionMax Warranty Services,2023-03-30,2024-09-30,18,479,Active,Active,False,2023-05-14,2023-06-09,,,71,26,Electrical Surge,High voltage power surge damage.,Electrical Surge,False,False,False,True,No previous repairs,0,False,0,False,True,True,True,True,True,True,True,,0,True,True,True,False,False,,False,True,False,False
CLM-992426,CUST-6683,PRD-833448,INV-75539768,,serial_mismatch,train,Manual Review,Television,CineDisplay,TV-65Q,Vision Retail,2024-02-08,2394.09,True,SN-T-725935,SN-T-128202,SN-T-725935,SN-T-725935,SN-T-725935,Mismatch,TV-65Q,TV-65Q,TV-65Q,TV-65Q,CineDisplay Warranty Services,2024-02-08,2025-08-08,18,472,Active,Active,False,2024-04-04,2024-04-23,,,75,19,Main Board Defect,Smart hub system failure.,None,False,False,False,True,No previous repairs,0,False,0,False,True,True,True,True,True,True,True,,0,False,False,True,False,True,Conflicting serial numbers,False,False,False,True
CLM-992827,CUST-3969,PRD-472097,INV-13957752,,contradictory_information,train,Manual Review,Laptop,UltraTech,LP-Pro,OfficeDirect,2023-07-19,2325.51,True,SN-L-868140,SN-L-868140,SN-L-868140,SN-L-868140,SN-L-868140,Matched,LP-Pro,LP-Pro,LP-Pro,LP-Pro,UltraTech Warranty Services,2023-07-19,2025-07-19,24,643,Active,Active,False,2023-10-09,2023-10-15,2023-07-11,,88,6,Keyboard Failure,Multiple keys non-functional.,None,False,False,False,True,Conflicting repair record predates purchase,1,False,0,False,True,True,True,True,True,True,True,,0,False,False,True,False,True,Repair date before purchase date,False,False,False,True
CLM-992849,CUST-6318,PRD-558482,INV-17685767,,invalid_receipt,train,Invalid Claim,Television,VisionMax,TV-65Q,Electro Store,2023-05-17,2246.95,False,SN-T-376864,SN-T-376864,SN-T-376864,SN-T-376864,SN-T-376864,Matched,TV-65Q,TV-65Q,TV-65Q,TV-65Q,VisionMax Warranty Services,2023-05-17,2024-11-17,18,431,Active,Active,False,2023-09-05,2023-09-13,,,119,8,Power Supply Failure,Internal power board failure.,None,False,False,False,True,No previous repairs,0,False,0,False,True,False,True,True,True,True,True,,0,False,False,True,False,False,,False,True,False,False
CLM-994310,CUST-9397,PRD-805186,INV-29120002,,extended_warranty,train,Valid Claim,Television,VisionMax,TV-65Q,Electro Store,2023-12-19,689.2,True,SN-T-861200,SN-T-861200,SN-T-861200,SN-T-861200,SN-T-861200,Matched,TV-65Q,TV-65Q,TV-65Q,TV-65Q,VisionMax Warranty Services,2023-12-19,2026-06-19,30,674,Active,Active,True,2024-08-06,2024-08-14,,,239,8,Display Panel Defect,Internal panel line defect.,None,False,False,False,True,No previous repairs,0,False,0,False,True,True,True,True,True,True,True,,0,True,True,True,False,False,,False,False,False,False
CLM-994661,CUST-9712,PRD-430726,INV-31236454,DUP-396376,duplicate_claim,train,Manual Review,Laptop,OmniLap,LP-900,Digital Bazaar,2023-03-19,2825.28,True,SN-L-170369,SN-L-170369,SN-L-170369,SN-L-170369,SN-L-170369,Matched,LP-900,LP-900,LP-900,LP-900,OmniLap Warranty Services,2023-03-19,2025-03-19,24,648,Active,Active,False,2023-06-04,2023-06-10,,,83,6,Motherboard Defect,Component failure on main board.,None,False,False,False,True,No previous repairs,0,False,0,False,True,True,True,True,True,True,True,,0,True,True,True,True,False,,False,False,False,True
