claim_id,product_id,product_category,brand,model,serial_number,receipt_serial_number,serial_number_status,purchase_date,fault_date,claim_date,product_age_days,warranty_duration_months,warranty_remaining_days,warranty_status,fault_category,fault_description,physical_damage,liquid_damage,unauthorized_repair,repair_history,previous_repair_count,last_repair_date,previous_replacement,previous_replacement_count,previous_replacement_date,authorized_service_center,receipt_available,receipt_valid,purchase_information_consistent,missing_documents,missing_documents_count,supporting_evidence_available,evidence_consistency,duplicate_claim,contradiction_detected,claim_reporting_within_period,replacement_requested,replacement_eligible,hard_fail_detected,warning_detected,manual_review_trigger,claim_class
CLM-1156,PRD-01156,Television,ViewOptics,TV-43U,SN-T-001156,SN-T-001156,Matched,2025-04-14,2025-06-20,2025-07-01,78,18,462,Active,Display Panel Defect,Internal panel line defect.,False,False,False,No previous repairs,0,N/A,False,0,N/A,True,True,True,True,None,0,True,True,False,False,True,False,False,False,False,False,Valid Claim
CLM-0628,PRD-00628,Laptop,OmniLap,LP-900,SN-L-000628,SN-L-000628,Matched,2025-02-01,2025-03-23,2025-03-29,56,24,664,Active,Motherboard Defect,Component failure on main board.,False,False,False,No previous repairs,0,N/A,False,0,N/A,True,True,True,True,None,0,True,True,False,False,True,False,False,False,False,False,Valid Claim
CLM-0121,PRD-00121,Smartphone,TechCorp,SP-X,SN-S-000121,SN-S-000121,Matched,2025-05-17,2026-05-11,2026-06-10,389,12,0,Active,Screen Defect (Non-Impact),Touch failure or dead pixels with no physical drop.,False,False,False,One authorized repair,1,2026-04-11,False,0,N/A,True,True,True,True,None,0,True,True,False,False,True,False,False,False,True,False,Valid Claim
CLM-1088,PRD-01088,Television,CineDisplay,TV-65Q,SN-T-001088,SN-T-001088,Matched,2025-05-31,2025-08-25,2025-08-31,92,18,448,Active,Display Panel Defect,Internal panel line defect.,False,False,False,No previous repairs,0,N/A,False,0,N/A,True,True,True,True,None,0,True,True,False,False,True,True,False,False,False,False,Valid Claim
CLM-0545,PRD-00545,Laptop,ProBook,LP-Pro,SN-L-000545,SN-L-000545,Matched,2025-01-14,2025-03-03,2025-03-16,61,24,659,Active,Keyboard Failure,Multiple keys non-functional.,False,False,False,One authorized repair,1,2025-02-01,False,0,N/A,True,True,True,True,None,0,True,True,False,False,True,True,True,False,False,False,Valid Claim
CLM-0004,PRD-00004,Smartphone,ApexPhone,SP-100,SN-S-000004,SN-S-000004,Matched,2025-05-20,2025-07-07,2025-07-15,56,12,304,Active,Charging Port Failure,Charging connector failure under normal usage.,False,False,False,No previous repairs,0,N/A,False,0,N/A,True,True,True,True,None,0,True,True,False,False,True,False,False,False,False,False,Valid Claim
CLM-0117,PRD-00117,Smartphone,ApexPhone,SP-200,SN-S-000117,SN-S-000117,Matched,2025-03-11,2025-05-02,2025-05-06,56,12,304,Active,Battery Manufacturing Defect,Battery swelling or sudden degradation.,False,False,False,One authorized repair,1,2025-04-02,False,0,N/A,True,True,True,True,None,0,True,True,False,False,True,True,True,False,False,False,Valid Claim
CLM-1009,PRD-01009,Television,ViewOptics,TV-55OLED,SN-T-001009,SN-T-001009,Matched,2025-05-10,2025-07-10,2025-07-23,74,18,466,Active,Main Board Defect,Smart hub system failure.,False,False,False,One authorized repair,1,2025-06-10,False,0,N/A,True,True,True,True,None,0,True,True,False,False,True,True,True,False,False,False,Valid Claim
CLM-0573,PRD-00573,Laptop,UltraTech,LP-Pro,SN-L-000573,SN-L-000573,Matched,2025-04-02,2025-06-30,2025-07-13,102,24,618,Active,Factory SSD Failure,Primary storage failure.,False,False,False,One authorized repair,1,2025-05-31,False,0,N/A,True,True,True,True,None,0,True,True,False,False,True,False,False,False,False,False,Valid Claim
CLM-0646,PRD-00646,Laptop,UltraTech,LP-900,SN-L-000646,SN-L-000646,Matched,2025-05-30,2025-08-17,2025-08-31,93,24,627,Active,Display Failure,Backlight failure without screen crack.,False,False,False,No previous repairs,0,N/A,False,0,N/A,True,True,True,True,None,0,True,True,False,False,True,True,False,False,False,False,Valid Claim
CLM-0570,PRD-00570,Laptop,ProBook,LP-500,SN-L-000570,SN-L-000570,Matched,2025-03-04,2025-05-26,2025-06-02,90,24,630,Active,Display Failure,Backlight failure without screen crack.,False,False,False,No previous repairs,0,N/A,False,0,N/A,True,True,True,True,None,0,True,True,False,False,True,False,False,False,False,False,Valid Claim
CLM-0532,PRD-00532,Laptop,ProBook,LP-900,SN-L-000532,SN-L-000532,Matched,2025-01-21,2025-03-01,2025-03-10,48,24,672,Active,Keyboard Failure,Multiple keys non-functional.,False,False,False,No previous repairs,0,N/A,False,0,N/A,True,True,True,True,None,0,True,True,False,False,True,False,False,False,False,False,Valid Claim
CLM-0662,PRD-00662,Laptop,OmniLap,LP-Pro,SN-L-000662,SN-L-000662,Matched,2025-01-10,2025-03-03,2025-03-16,65,24,655,Active,Factory SSD Failure,Primary storage failure.,False,False,False,No previous repairs,0,N/A,False,0,N/A,True,True,True,True,None,0,True,True,False,False,True,True,False,False,False,False,Valid Claim
CLM-0528,PRD-00528,Laptop,OmniLap,LP-Pro,SN-L-000528,SN-L-000528,Matched,2025-02-14,2025-03-15,2025-03-16,30,24,690,Active,Factory SSD Failure,Primary storage failure.,False,False,False,No previous repairs,0,N/A,False,0,N/A,True,True,True,True,None,0,True,True,False,False,True,True,False,False,False,False,Valid Claim
CLM-0508,PRD-00508,Laptop,ProBook,LP-Pro,SN-L-000508,SN-L-000508,Matched,2025-04-12,2025-06-25,2025-07-09,88,24,632,Active,Keyboard Failure,Multiple keys non-functional.,False,False,False,No previous repairs,0,N/A,False,0,N/A,True,True,True,True,None,0,True,True,False,False,True,True,False,False,False,False,Valid Claim
CLM-0035,PRD-00035,Smartphone,MobileX,SP-200,SN-S-000035,SN-S-000035,Matched,2025-01-14,2025-02-10,2025-02-17,34,12,326,Active,Manufacturing Defect,Internal motherboard defect causing bootloop.,False,False,False,No previous repairs,0,N/A,False,0,N/A,True,True,True,True,None,0,True,True,False,False,True,False,False,False,False,False,Valid Claim
CLM-0059,PRD-00059,Smartphone,MobileX,SP-200,SN-S-000059,SN-S-000059,Matched,2025-01-11,2025-02-26,2025-03-09,57,12,303,Active,Battery Manufacturing Defect,Battery swelling or sudden degradation.,False,False,False,No previous repairs,0,N/A,False,0,N/A,True,True,True,True,None,0,True,True,False,False,True,True,False,False,False,False,Valid Claim
CLM-0667,PRD-00667,Laptop,OmniLap,LP-Pro,SN-L-000667,SN-L-000667,Matched,2025-01-31,2025-03-06,2025-03-19,47,24,673,Active,Display Failure,Backlight failure without screen crack.,False,False,False,No previous repairs,0,N/A,False,0,N/A,True,True,True,True,None,0,True,True,False,False,True,True,False,False,False,False,Valid Claim
CLM-1025,PRD-01025,Television,CineDisplay,TV-65Q,SN-T-001025,SN-T-001025,Matched,2025-01-23,2025-04-12,2025-04-27,94,18,446,Active,Power Supply Failure,Internal power board failure.,False,False,False,One authorized repair,1,2025-03-13,False,0,N/A,True,True,True,True,None,0,True,True,False,False,True,True,True,False,False,False,Valid Claim
CLM-0142,PRD-00142,Smartphone,TechCorp,SP-200,SN-S-000142,SN-S-000142,Matched,2025-03-06,2025-04-09,2025-04-22,47,12,313,Active,Battery Manufacturing Defect,Battery swelling or sudden degradation.,False,False,False,No previous repairs,0,N/A,False,0,N/A,True,True,True,True,None,0,True,True,False,False,True,False,False,False,False,False,Valid Claim
CLM-0093,PRD-00093,Smartphone,MobileX,SP-200,SN-S-000093,SN-S-000093,Matched,2025-01-08,2025-03-12,2025-03-23,74,12,286,Active,Charging Port Failure,Charging connector failure under normal usage.,False,False,False,One authorized repair,1,2025-02-10,False,0,N/A,True,True,True,True,None,0,True,True,False,False,True,False,False,False,False,False,Valid Claim
CLM-1098,PRD-01098,Television,ViewOptics,TV-43U,SN-T-001098,SN-T-001098,Matched,2025-04-23,2025-07-14,2025-07-29,97,18,443,Active,Display Panel Defect,Internal panel line defect.,False,False,False,No previous repairs,0,N/A,False,0,N/A,True,True,True,True,None,0,True,True,False,False,True,True,False,False,False,False,Valid Claim
CLM-1106,PRD-01106,Television,VisionMax,TV-55OLED,SN-T-001106,SN-T-001106,Matched,2025-05-04,2025-08-04,2025-08-13,101,18,439,Active,Display Panel Defect,Internal panel line defect.,False,False,False,No previous repairs,0,N/A,False,0,N/A,True,True,True,True,None,0,True,True,False,False,True,False,False,False,False,False,Valid Claim
CLM-0096,PRD-00096,Smartphone,TechCorp,SP-200,SN-S-000096,SN-S-000096,Matched,2025-02-16,2025-04-10,2025-04-17,60,12,300,Active,Manufacturing Defect,Internal motherboard defect causing bootloop.,False,False,False,No previous repairs,0,N/A,False,0,N/A,True,True,True,True,None,0,True,True,False,False,True,False,False,False,False,False,Valid Claim
CLM-0558,PRD-00558,Laptop,UltraTech,LP-900,SN-L-000558,SN-L-000558,Matched,2025-03-22,2025-04-26,2025-05-05,44,24,676,Active,Factory SSD Failure,Primary storage failure.,False,False,False,No previous repairs,0,N/A,False,0,N/A,True,True,True,True,None,0,True,True,False,False,True,False,False,False,False,False,Valid Claim
CLM-0530,PRD-00530,Laptop,OmniLap,LP-900,SN-L-000530,SN-L-000530,Matched,2025-05-09,2025-07-22,2025-08-03,86,24,634,Active,Factory SSD Failure,Primary storage failure.,False,False,False,No previous repairs,0,N/A,False,0,N/A,True,True,True,True,None,0,True,True,False,False,True,False,False,False,False,False,Valid Claim
CLM-0089,PRD-00089,Smartphone,MobileX,SP-200,SN-S-000089,SN-S-000089,Matched,2025-05-19,2025-07-31,2025-08-01,74,12,286,Active,Charging Port Failure,Charging connector failure under normal usage.,False,False,False,One authorized repair,1,2025-07-01,False,0,N/A,True,True,True,True,None,0,True,True,False,False,True,True,True,False,False,False,Valid Claim
CLM-1037,PRD-01037,Television,ViewOptics,TV-65Q,SN-T-001037,SN-T-001037,Matched,2025-04-30,2025-06-18,2025-06-22,53,18,487,Active,Power Supply Failure,Internal power board failure.,False,False,False,One authorized repair,1,2025-05-19,False,0,N/A,True,True,True,True,None,0,True,True,False,False,True,True,True,False,False,False,Valid Claim
CLM-0057,PRD-00057,Smartphone,ApexPhone,SP-100,SN-S-000057,SN-S-000057,Matched,2025-01-29,2025-03-09,2025-03-18,48,12,312,Active,Manufacturing Defect,Internal motherboard defect causing bootloop.,False,False,False,One authorized repair,1,2025-02-07,False,0,N/A,True,True,True,True,None,0,True,True,False,False,True,True,True,False,False,False,Valid Claim
CLM-1122,PRD-01122,Television,ViewOptics,TV-43U,SN-T-001122,SN-T-001122,Matched,2025-05-28,2025-07-04,2025-07-10,43,18,497,Active,Main Board Defect,Smart hub system failure.,False,False,False,No previous repairs,0,N/A,False,0,N/A,True,True,True,True,None,0,True,True,False,False,True,True,False,False,False,False,Valid Claim
CLM-0163,PRD-00163,Smartphone,TechCorp,SP-100,SN-S-000163,SN-S-000163,Matched,2025-03-25,2025-05-21,2025-05-27,63,12,297,Active,Manufacturing Defect,Internal motherboard defect causing bootloop.,False,False,False,No previous repairs,0,N/A,False,0,N/A,True,True,True,True,None,0,True,True,False,False,True,False,False,False,False,False,Valid Claim
CLM-1036,PRD-01036,Television,ViewOptics,TV-65Q,SN-T-001036,SN-T-001036,Matched,2025-02-03,2025-04-23,2025-04-25,81,18,459,Active,Display Panel Defect,Internal panel line defect.,False,False,False,No previous repairs,0,N/A,False,0,N/A,True,True,True,True,None,0,True,True,False,False,True,False,False,False,False,False,Valid Claim
CLM-1145,PRD-01145,Television,ViewOptics,TV-55OLED,SN-T-001145,SN-T-001145,Matched,2025-02-13,2025-04-02,2025-04-17,63,18,477,Active,Power Supply Failure,Internal power board failure.,False,False,False,One authorized repair,1,2025-03-03,False,0,N/A,True,True,True,True,None,0,True,True,False,False,True,False,False,False,False,False,Valid Claim
CLM-1126,PRD-01126,Television,VisionMax,TV-43U,SN-T-001126,SN-T-001126,Matched,2025-05-05,2025-05-25,2025-05-26,21,18,519,Active,Display Panel Defect,Internal panel line defect.,False,False,False,No previous repairs,0,N/A,False,0,N/A,True,True,True,True,None,0,True,True,False,False,True,True,False,False,False,False,Valid Claim
CLM-0130,PRD-00130,Smartphone,TechCorp,SP-100,SN-S-000130,SN-S-000130,Matched,2025-04-15,2025-07-20,2025-07-28,104,12,256,Active,Charging Port Failure,Charging connector failure under normal usage.,False,False,False,No previous repairs,0,N/A,False,0,N/A,True,True,True,True,None,0,True,True,False,False,True,False,False,False,False,False,Valid Claim
CLM-1003,PRD-01003,Television,ViewOptics,TV-65Q,SN-T-001003,SN-T-001003,Matched,2025-05-28,2025-08-01,2025-08-16,80,18,460,Active,Main Board Defect,Smart hub system failure.,False,False,False,No previous repairs,0,N/A,False,0,N/A,True,True,True,True,None,0,True,True,False,False,True,True,False,False,False,False,Valid Claim
CLM-0598,PRD-00598,Laptop,UltraTech,LP-Pro,SN-L-000598,SN-L-000598,Matched,2025-05-04,2025-07-18,2025-07-29,86,24,634,Active,Motherboard Defect,Component failure on main board.,False,False,False,No previous repairs,0,N/A,False,0,N/A,True,True,True,True,None,0,True,True,False,False,True,True,False,False,False,False,Valid Claim
CLM-1134,PRD-01134,Television,ViewOptics,TV-43U,SN-T-001134,SN-T-001134,Matched,2025-02-10,2025-03-07,2025-03-08,26,18,514,Active,Main Board Defect,Smart hub system failure.,False,False,False,No previous repairs,0,N/A,False,0,N/A,True,True,True,True,None,0,True,True,False,False,True,False,False,False,False,False,Valid Claim
CLM-0053,PRD-00053,Smartphone,ApexPhone,SP-X,SN-S-000053,SN-S-000053,Matched,2025-02-09,2025-04-06,2025-04-16,66,12,294,Active,Battery Manufacturing Defect,Battery swelling or sudden degradation.,False,False,False,One authorized repair,1,2025-03-07,False,0,N/A,True,True,True,True,None,0,True,True,False,False,True,True,True,False,False,False,Valid Claim
CLM-0549,PRD-00549,Laptop,ProBook,LP-Pro,SN-L-000549,SN-L-000549,Matched,2025-05-20,2025-06-28,2025-06-29,40,24,680,Active,Keyboard Failure,Multiple keys non-functional.,False,False,False,One authorized repair,1,2025-05-29,False,0,N/A,True,True,True,True,None,0,True,True,False,False,True,False,False,False,False,False,Valid Claim
CLM-1157,PRD-01157,Television,CineDisplay,TV-65Q,SN-T-001157,SN-T-001157,Matched,2025-01-01,2025-01-30,2025-02-06,36,18,504,Active,Main Board Defect,Smart hub system failure.,False,False,False,One authorized repair,1,2024-12-31,False,0,N/A,True,True,True,True,None,0,True,True,False,False,True,False,False,False,False,False,Valid Claim
CLM-1059,PRD-01059,Television,ViewOptics,TV-43U,SN-T-001059,SN-T-001059,Matched,2025-03-15,2025-04-20,2025-04-23,39,18,501,Active,Main Board Defect,Smart hub system failure.,False,False,False,No previous repairs,0,N/A,False,0,N/A,True,True,True,True,None,0,True,True,False,False,True,True,False,False,False,False,Valid Claim
CLM-0617,PRD-00617,Laptop,UltraTech,LP-Pro,SN-L-000617,SN-L-000617,Matched,2025-03-30,2025-05-22,2025-05-29,60,24,660,Active,Factory SSD Failure,Primary storage failure.,False,False,False,One authorized repair,1,2025-04-22,False,0,N/A,True,True,True,True,None,0,True,True,False,False,True,False,False,False,False,False,Valid Claim
CLM-0136,PRD-00136,Smartphone,MobileX,SP-100,SN-S-000136,SN-S-000136,Matched,2025-01-11,2025-03-13,2025-03-23,71,12,289,Active,Charging Port Failure,Charging connector failure under normal usage.,False,False,False,No previous repairs,0,N/A,False,0,N/A,True,True,True,True,None,0,True,True,False,False,True,False,False,False,False,False,Valid Claim
CLM-1011,PRD-01011,Television,VisionMax,TV-43U,SN-T-001011,SN-T-001011,Matched,2025-03-26,2026-09-16,2026-10-16,569,18,0,Active,Power Supply Failure,Internal power board failure.,False,False,False,No previous repairs,0,N/A,False,0,N/A,True,True,True,True,None,0,True,True,False,False,True,False,False,False,True,False,Valid Claim
CLM-1082,PRD-01082,Television,VisionMax,TV-43U,SN-T-001082,SN-T-001082,Matched,2025-02-12,2025-04-24,2025-05-02,79,18,461,Active,Power Supply Failure,Internal power board failure.,False,False,False,No previous repairs,0,N/A,False,0,N/A,True,True,True,True,None,0,True,True,False,False,True,False,False,False,False,False,Valid Claim
CLM-0542,PRD-00542,Laptop,ProBook,LP-500,SN-L-000542,SN-L-000542,Matched,2025-01-12,2025-03-19,2025-03-26,73,24,647,Active,Factory SSD Failure,Primary storage failure.,False,False,False,No previous repairs,0,N/A,False,0,N/A,True,True,True,True,None,0,True,True,False,False,True,True,False,False,False,False,Valid Claim
CLM-0033,PRD-00033,Smartphone,TechCorp,SP-X,SN-S-000033,SN-S-000033,Matched,2025-02-03,2025-03-26,2025-04-08,64,12,296,Active,Charging Port Failure,Charging connector failure under normal usage.,False,False,False,One authorized repair,1,2025-02-24,False,0,N/A,True,True,True,True,None,0,True,True,False,False,True,False,False,False,False,False,Valid Claim
CLM-1110,PRD-01110,Television,ViewOptics,TV-65Q,SN-T-001110,SN-T-001110,Matched,2025-04-10,2025-07-19,2025-07-31,112,18,428,Active,Display Panel Defect,Internal panel line defect.,False,False,False,No previous repairs,0,N/A,False,0,N/A,True,True,True,True,None,0,True,True,False,False,True,False,False,False,False,False,Valid Claim
CLM-0077,PRD-00077,Smartphone,ApexPhone,SP-100,SN-S-000077,SN-S-000077,Matched,2025-03-14,2025-04-14,2025-04-28,45,12,315,Active,Battery Manufacturing Defect,Battery swelling or sudden degradation.,False,False,False,One authorized repair,1,2025-03-15,False,0,N/A,True,True,True,True,None,0,True,True,False,False,True,True,True,False,False,False,Valid Claim
CLM-1015,PRD-01015,Television,CineDisplay,TV-65Q,SN-T-001015,SN-T-001015,Matched,2025-03-26,2025-04-23,2025-04-26,31,18,509,Active,Power Supply Failure,Internal power board failure.,False,False,False,No previous repairs,0,N/A,False,0,N/A,True,True,True,True,None,0,True,True,False,False,True,False,False,False,False,False,Valid Claim
CLM-0630,PRD-00630,Laptop,UltraTech,LP-500,SN-L-000630,SN-L-000630,Matched,2025-03-08,2025-05-03,2025-05-04,57,24,663,Active,Motherboard Defect,Component failure on main board.,False,False,False,No previous repairs,0,N/A,False,0,N/A,True,True,True,True,None,0,True,True,False,False,True,False,False,False,False,False,Valid Claim
CLM-0575,PRD-00575,Laptop,ProBook,LP-900,SN-L-000575,SN-L-000575,Matched,2025-02-26,2025-04-22,2025-04-23,56,24,664,Active,Motherboard Defect,Component failure on main board.,False,False,False,No previous repairs,0,N/A,False,0,N/A,True,True,True,True,None,0,True,True,False,False,True,False,False,False,False,False,Valid Claim
CLM-1020,PRD-01020,Television,VisionMax,TV-43U,SN-T-001020,SN-T-001020,Matched,2025-04-06,2025-05-21,2025-06-05,60,18,480,Active,Display Panel Defect,Internal panel line defect.,False,False,False,No previous repairs,0,N/A,False,0,N/A,True,True,True,True,None,0,True,True,False,False,True,True,False,False,False,False,Valid Claim
CLM-0006,PRD-00006,Smartphone,MobileX,SP-100,SN-S-000006,SN-S-000006,Matched,2025-01-24,2025-02-25,2025-03-03,38,12,322,Active,Charging Port Failure,Charging connector failure under normal usage.,False,False,False,No previous repairs,0,N/A,False,0,N/A,True,True,True,True,None,0,True,True,False,False,True,False,False,False,False,False,Valid Claim
CLM-1151,PRD-01151,Television,ViewOptics,TV-65Q,SN-T-001151,SN-T-001151,Matched,2025-04-11,2026-10-02,2026-11-01,569,18,0,Active,Power Supply Failure,Internal power board failure.,False,False,False,No previous repairs,0,N/A,False,0,N/A,True,True,True,True,None,0,True,True,False,False,True,True,False,False,True,False,Valid Claim
CLM-1100,PRD-01100,Television,CineDisplay,TV-55OLED,SN-T-001100,SN-T-001100,Matched,2025-02-25,2025-03-30,2025-04-14,48,18,492,Active,Main Board Defect,Smart hub system failure.,False,False,False,No previous repairs,0,N/A,False,0,N/A,True,True,True,True,None,0,True,True,False,False,True,False,False,False,False,False,Valid Claim
CLM-0003,PRD-00003,Smartphone,TechCorp,SP-100,SN-S-000003,SN-S-000003,Matched,2025-02-25,2025-05-20,2025-05-30,94,12,266,Active,Screen Defect (Non-Impact),Touch failure or dead pixels with no physical drop.,False,False,False,No previous repairs,0,N/A,False,0,N/A,True,True,True,True,None,0,True,True,False,False,True,True,False,False,False,False,Valid Claim
CLM-0594,PRD-00594,Laptop,ProBook,LP-900,SN-L-000594,SN-L-000594,Matched,2025-05-07,2025-07-10,2025-07-19,73,24,647,Active,Factory SSD Failure,Primary storage failure.,False,False,False,No previous repairs,0,N/A,False,0,N/A,True,True,True,True,None,0,True,True,False,False,True,False,False,False,False,False,Valid Claim
CLM-1089,PRD-01089,Television,ViewOptics,TV-65Q,SN-T-001089,SN-T-001089,Matched,2025-01-03,2025-01-24,2025-02-07,35,18,505,Active,Main Board Defect,Smart hub system failure.,False,False,False,One authorized repair,1,2024-12-25,False,0,N/A,True,True,True,True,None,0,True,True,False,False,True,True,True,False,False,False,Valid Claim
CLM-0119,PRD-00119,Smartphone,TechCorp,SP-100,SN-S-000119,SN-S-000119,Matched,2025-05-04,2025-08-07,2025-08-20,108,12,252,Active,Battery Manufacturing Defect,Battery swelling or sudden degradation.,False,False,False,No previous repairs,0,N/A,False,0,N/A,True,True,True,True,None,0,True,True,False,False,True,False,False,False,False,False,Valid Claim
CLM-1070,PRD-01070,Television,ViewOptics,TV-65Q,SN-T-001070,SN-T-001070,Matched,2025-01-03,2025-03-22,2025-03-31,87,18,453,Active,Power Supply Failure,Internal power board failure.,False,False,False,No previous repairs,0,N/A,False,0,N/A,True,True,True,True,None,0,True,True,False,False,True,False,False,False,False,False,Valid Claim
CLM-0547,PRD-00547,Laptop,OmniLap,LP-900,SN-L-000547,SN-L-000547,Matched,2025-01-03,2025-02-17,2025-02-22,50,24,670,Active,Display Failure,Backlight failure without screen crack.,False,False,False,No previous repairs,0,N/A,False,0,N/A,True,True,True,True,None,0,True,True,False,False,True,False,False,False,False,False,Valid Claim
CLM-0078,PRD-00078,Smartphone,ApexPhone,SP-200,SN-S-000078,SN-S-000078,Matched,2025-02-27,2025-04-06,2025-04-07,39,12,321,Active,Screen Defect (Non-Impact),Touch failure or dead pixels with no physical drop.,False,False,False,No previous repairs,0,N/A,False,0,N/A,True,True,True,True,None,0,True,True,False,False,True,True,False,False,False,False,Valid Claim
CLM-0126,PRD-00126,Smartphone,TechCorp,SP-100,SN-S-000126,SN-S-000126,Matched,2025-01-31,2025-05-08,2025-05-18,107,12,253,Active,Charging Port Failure,Charging connector failure under normal usage.,False,False,False,No previous repairs,0,N/A,False,0,N/A,True,True,True,True,None,0,True,True,False,False,True,True,False,False,False,False,Valid Claim
CLM-0102,PRD-00102,Smartphone,TechCorp,SP-X,SN-S-000102,SN-S-000102,Matched,2025-01-30,2025-03-30,2025-04-01,61,12,299,Active,Screen Defect (Non-Impact),Touch failure or dead pixels with no physical drop.,False,False,False,No previous repairs,0,N/A,False,0,N/A,True,True,True,True,None,0,True,True,False,False,True,True,False,False,False,False,Valid Claim
CLM-0571,PRD-00571,Laptop,ProBook,LP-500,SN-L-000571,SN-L-000571,Matched,2025-03-13,2027-03-02,2027-04-16,764,24,0,Active,Factory SSD Failure,Primary storage failure.,False,False,False,No previous repairs,0,N/A,False,0,N/A,True,True,True,True,None,0,True,True,False,False,True,True,False,False,True,False,Valid Claim
CLM-0540,PRD-00540,Laptop,UltraTech,LP-500,SN-L-000540,SN-L-000540,Matched,2025-03-07,2025-06-08,2025-06-19,104,24,616,Active,Motherboard Defect,Component failure on main board.,False,False,False,No previous repairs,0,N/A,False,0,N/A,True,True,True,True,None,0,True,True,False,False,True,True,False,False,False,False,Valid Claim
CLM-0503,PRD-00503,Laptop,ProBook,LP-900,SN-L-000503,SN-L-000503,Matched,2025-01-16,2025-02-21,2025-03-05,48,24,672,Active,Display Failure,Backlight failure without screen crack.,False,False,False,No previous repairs,0,N/A,False,0,N/A,True,True,True,True,None,0,True,True,False,False,True,True,False,False,False,False,Valid Claim
CLM-1117,PRD-01117,Television,ViewOptics,TV-65Q,SN-T-001117,SN-T-001117,Matched,2025-01-05,2025-04-14,2025-04-15,100,18,440,Active,Power Supply Failure,Internal power board failure.,False,False,False,One authorized repair,1,2025-03-15,False,0,N/A,True,True,True,True,None,0,True,True,False,False,True,True,True,False,False,False,Valid Claim
CLM-0619,PRD-00619,Laptop,ProBook,LP-Pro,SN-L-000619,SN-L-000619,Matched,2025-04-13,2025-06-22,2025-07-07,85,24,635,Active,Motherboard Defect,Component failure on main board.,False,False,False,No previous repairs,0,N/A,False,0,N/A,True,True,True,True,None,0,True,True,False,False,True,False,False,False,False,False,Valid Claim
CLM-0122,PRD-00122,Smartphone,TechCorp,SP-100,SN-S-000122,SN-S-000122,Matched,2025-05-22,2025-06-27,2025-07-08,47,12,313,Active,Battery Manufacturing Defect,Battery swelling or sudden degradation.,False,False,False,No previous repairs,0,N/A,False,0,N/A,True,True,True,True,None,0,True,True,False,False,True,False,False,False,False,False,Valid Claim
CLM-0581,PRD-00581,Laptop,ProBook,LP-Pro,SN-L-000581,SN-L-000581,Matched,2025-02-26,2027-02-15,2027-04-01,764,24,0,Active,Motherboard Defect,Component failure on main board.,False,False,False,One authorized repair,1,2027-01-16,False,0,N/A,True,True,True,True,None,0,True,True,False,False,True,False,False,False,True,False,Valid Claim
CLM-0044,PRD-00044,Smartphone,TechCorp,SP-X,SN-S-000044,SN-S-000044,Matched,2025-01-21,2025-02-18,2025-02-28,38,12,322,Active,Screen Defect (Non-Impact),Touch failure or dead pixels with no physical drop.,False,False,False,No previous repairs,0,N/A,False,0,N/A,True,True,True,True,None,0,True,True,False,False,True,True,False,False,False,False,Valid Claim
CLM-0038,PRD-00038,Smartphone,MobileX,SP-X,SN-S-000038,SN-S-000038,Matched,2025-01-26,2025-04-25,2025-05-09,103,12,257,Active,Manufacturing Defect,Internal motherboard defect causing bootloop.,False,False,False,No previous repairs,0,N/A,False,0,N/A,True,True,True,True,None,0,True,True,False,False,True,True,False,False,False,False,Valid Claim
CLM-0661,PRD-00661,Laptop,OmniLap,LP-Pro,SN-L-000661,SN-L-000661,Matched,2025-02-13,2027-02-02,2027-03-19,764,24,0,Active,Motherboard Defect,Component failure on main board.,False,False,False,One authorized repair,1,2027-01-03,False,0,N/A,True,True,True,True,None,0,True,True,False,False,True,False,False,False,True,False,Valid Claim
CLM-0579,PRD-00579,Laptop,OmniLap,LP-500,SN-L-000579,SN-L-000579,Matched,2025-04-01,2025-07-02,2025-07-06,96,24,624,Active,Keyboard Failure,Multiple keys non-functional.,False,False,False,No previous repairs,0,N/A,False,0,N/A,True,True,True,True,None,0,True,True,False,False,True,False,False,False,False,False,Valid Claim
CLM-0148,PRD-00148,Smartphone,ApexPhone,SP-100,SN-S-000148,SN-S-000148,Matched,2025-05-08,2025-08-01,2025-08-13,97,12,263,Active,Battery Manufacturing Defect,Battery swelling or sudden degradation.,False,False,False,No previous repairs,0,N/A,False,0,N/A,True,True,True,True,None,0,True,True,False,False,True,False,False,False,False,False,Valid Claim
CLM-0611,PRD-00611,Laptop,ProBook,LP-900,SN-L-000611,SN-L-000611,Matched,2025-02-14,2027-02-03,2027-03-20,764,24,0,Active,Keyboard Failure,Multiple keys non-functional.,False,False,False,No previous repairs,0,N/A,False,0,N/A,True,True,True,True,None,0,True,True,False,False,True,True,False,False,True,False,Valid Claim
CLM-1127,PRD-01127,Television,VisionMax,TV-65Q,SN-T-001127,SN-T-001127,Matched,2025-03-14,2025-06-02,2025-06-14,92,18,448,Active,Power Supply Failure,Internal power board failure.,False,False,False,No previous repairs,0,N/A,False,0,N/A,True,True,True,True,None,0,True,True,False,False,True,True,False,False,False,False,Valid Claim
CLM-0101,PRD-00101,Smartphone,ApexPhone,SP-100,SN-S-000101,SN-S-000101,Matched,2025-04-30,2026-04-24,2026-05-24,389,12,0,Active,Battery Manufacturing Defect,Battery swelling or sudden degradation.,False,False,False,One authorized repair,1,2026-03-25,False,0,N/A,True,True,True,True,None,0,True,True,False,False,True,False,False,False,True,False,Valid Claim
CLM-0539,PRD-00539,Laptop,UltraTech,LP-900,SN-L-000539,SN-L-000539,Matched,2025-05-11,2025-06-07,2025-06-15,35,24,685,Active,Display Failure,Backlight failure without screen crack.,False,False,False,No previous repairs,0,N/A,False,0,N/A,True,True,True,True,None,0,True,True,False,False,True,True,False,False,False,False,Valid Claim
CLM-1064,PRD-01064,Television,CineDisplay,TV-43U,SN-T-001064,SN-T-001064,Matched,2025-05-28,2025-07-17,2025-07-29,62,18,478,Active,Power Supply Failure,Internal power board failure.,False,False,False,No previous repairs,0,N/A,False,0,N/A,True,True,True,True,None,0,True,True,False,False,True,False,False,False,False,False,Valid Claim
CLM-0071,PRD-00071,Smartphone,ApexPhone,SP-200,SN-S-000071,SN-S-000071,Matched,2025-03-22,2026-03-16,2026-04-15,389,12,0,Active,Manufacturing Defect,Internal motherboard defect causing bootloop.,False,False,False,No previous repairs,0,N/A,False,0,N/A,True,True,True,True,None,0,True,True,False,False,True,False,False,False,True,False,Valid Claim
CLM-0084,PRD-00084,Smartphone,MobileX,SP-X,SN-S-000084,SN-S-000084,Matched,2025-05-10,2025-08-08,2025-08-16,98,12,262,Active,Charging Port Failure,Charging connector failure under normal usage.,False,False,False,No previous repairs,0,N/A,False,0,N/A,True,True,True,True,None,0,True,True,False,False,True,True,False,False,False,False,Valid Claim
CLM-1072,PRD-01072,Television,ViewOptics,TV-55OLED,SN-T-001072,SN-T-001072,Matched,2025-02-12,2025-05-19,2025-05-31,108,18,432,Active,Display Panel Defect,Internal panel line defect.,False,False,False,No previous repairs,0,N/A,False,0,N/A,True,True,True,True,None,0,True,True,False,False,True,False,False,False,False,False,Valid Claim
CLM-1140,PRD-01140,Television,VisionMax,TV-55OLED,SN-T-001140,SN-T-001140,Matched,2025-02-26,2025-05-17,2025-05-27,90,18,450,Active,Display Panel Defect,Internal panel line defect.,False,False,False,No previous repairs,0,N/A,False,0,N/A,True,True,True,True,None,0,True,True,False,False,True,False,False,False,False,False,Valid Claim
CLM-1166,PRD-01166,Television,ViewOptics,TV-65Q,SN-T-001166,SN-T-001166,Matched,2025-05-17,2025-08-13,2025-08-28,103,18,437,Active,Main Board Defect,Smart hub system failure.,False,False,False,No previous repairs,0,N/A,False,0,N/A,True,True,True,True,None,0,True,True,False,False,True,False,False,False,False,False,Valid Claim
CLM-0634,PRD-00634,Laptop,ProBook,LP-900,SN-L-000634,SN-L-000634,Matched,2025-03-20,2025-06-02,2025-06-17,89,24,631,Active,Display Failure,Backlight failure without screen crack.,False,False,False,No previous repairs,0,N/A,False,0,N/A,True,True,True,True,None,0,True,True,False,False,True,False,False,False,False,False,Valid Claim
CLM-0037,PRD-00037,Smartphone,MobileX,SP-100,SN-S-000037,SN-S-000037,Matched,2025-03-13,2025-05-03,2025-05-17,65,12,295,Active,Charging Port Failure,Charging connector failure under normal usage.,False,False,False,One authorized repair,1,2025-04-03,False,0,N/A,True,True,True,True,None,0,True,True,False,False,True,True,True,False,False,False,Valid Claim
CLM-0509,PRD-00509,Laptop,UltraTech,LP-900,SN-L-000509,SN-L-000509,Matched,2025-03-24,2025-05-26,2025-06-04,72,24,648,Active,Display Failure,Backlight failure without screen crack.,False,False,False,One authorized repair,1,2025-04-26,False,0,N/A,True,True,True,True,None,0,True,True,False,False,True,True,True,False,False,False,Valid Claim
CLM-1165,PRD-01165,Television,VisionMax,TV-55OLED,SN-T-001165,SN-T-001165,Matched,2025-03-30,2025-06-20,2025-06-29,91,18,449,Active,Power Supply Failure,Internal power board failure.,False,False,False,One authorized repair,1,2025-05-21,False,0,N/A,True,True,True,True,None,0,True,True,False,False,True,True,True,False,False,False,Valid Claim
CLM-0154,PRD-00154,Smartphone,TechCorp,SP-X,SN-S-000154,SN-S-000154,Matched,2025-03-03,2025-04-21,2025-05-05,63,12,297,Active,Charging Port Failure,Charging connector failure under normal usage.,False,False,False,No previous repairs,0,N/A,False,0,N/A,True,True,True,True,None,0,True,True,False,False,True,False,False,False,False,False,Valid Claim
CLM-0643,PRD-00643,Laptop,ProBook,LP-Pro,SN-L-000643,SN-L-000643,Matched,2025-05-23,2025-07-19,2025-07-21,59,24,661,Active,Keyboard Failure,Multiple keys non-functional.,False,False,False,No previous repairs,0,N/A,False,0,N/A,True,True,True,True,None,0,True,True,False,False,True,False,False,False,False,False,Valid Claim
CLM-1152,PRD-01152,Television,ViewOptics,TV-55OLED,SN-T-001152,SN-T-001152,Matched,2025-03-03,2025-06-02,2025-06-15,104,18,436,Active,Display Panel Defect,Internal panel line defect.,False,False,False,No previous repairs,0,N/A,False,0,N/A,True,True,True,True,None,0,True,True,False,False,True,True,False,False,False,False,Valid Claim
CLM-0027,PRD-00027,Smartphone,TechCorp,SP-X,SN-S-000027,SN-S-000027,Matched,2025-05-02,2025-06-24,2025-07-03,62,12,298,Active,Screen Defect (Non-Impact),Touch failure or dead pixels with no physical drop.,False,False,False,No previous repairs,0,N/A,False,0,N/A,True,True,True,True,None,0,True,True,False,False,True,False,False,False,False,False,Valid Claim
CLM-0116,PRD-00116,Smartphone,ApexPhone,SP-X,SN-S-000116,SN-S-000116,Matched,2025-03-30,2025-06-28,2025-07-04,96,12,264,Active,Charging Port Failure,Charging connector failure under normal usage.,False,False,False,No previous repairs,0,N/A,False,0,N/A,True,True,True,True,None,0,True,True,False,False,True,False,False,False,False,False,Valid Claim
CLM-0529,PRD-00529,Laptop,ProBook,LP-900,SN-L-000529,SN-L-000529,Matched,2025-02-25,2025-03-24,2025-04-06,40,24,680,Active,Motherboard Defect,Component failure on main board.,False,False,False,One authorized repair,1,2025-02-22,False,0,N/A,True,True,True,True,None,0,True,True,False,False,True,False,False,False,False,False,Valid Claim
CLM-0599,PRD-00599,Laptop,OmniLap,LP-900,SN-L-000599,SN-L-000599,Matched,2025-02-10,2025-03-14,2025-03-20,38,24,682,Active,Motherboard Defect,Component failure on main board.,False,False,False,No previous repairs,0,N/A,False,0,N/A,True,True,True,True,None,0,True,True,False,False,True,True,False,False,False,False,Valid Claim
CLM-1154,PRD-01154,Television,VisionMax,TV-65Q,SN-T-001154,SN-T-001154,Matched,2025-01-24,2025-04-15,2025-04-26,92,18,448,Active,Display Panel Defect,Internal panel line defect.,False,False,False,No previous repairs,0,N/A,False,0,N/A,True,True,True,True,None,0,True,True,False,False,True,False,False,False,False,False,Valid Claim
CLM-0146,PRD-00146,Smartphone,ApexPhone,SP-X,SN-S-000146,SN-S-000146,Matched,2025-03-03,2025-05-01,2025-05-10,68,12,292,Active,Screen Defect (Non-Impact),Touch failure or dead pixels with no physical drop.,False,False,False,No previous repairs,0,N/A,False,0,N/A,True,True,True,True,None,0,True,True,False,False,True,True,False,False,False,False,Valid Claim
CLM-0076,PRD-00076,Smartphone,MobileX,SP-200,SN-S-000076,SN-S-000076,Matched,2025-04-24,2025-07-18,2025-07-26,93,12,267,Active,Screen Defect (Non-Impact),Touch failure or dead pixels with no physical drop.,False,False,False,No previous repairs,0,N/A,False,0,N/A,True,True,True,True,None,0,True,True,False,False,True,True,False,False,False,False,Valid Claim
CLM-0568,PRD-00568,Laptop,OmniLap,LP-900,SN-L-000568,SN-L-000568,Matched,2025-05-08,2025-07-15,2025-07-26,79,24,641,Active,Motherboard Defect,Component failure on main board.,False,False,False,No previous repairs,0,N/A,False,0,N/A,True,True,True,True,None,0,True,True,False,False,True,False,False,False,False,False,Valid Claim
CLM-0554,PRD-00554,Laptop,OmniLap,LP-500,SN-L-000554,SN-L-000554,Matched,2025-05-10,2025-07-19,2025-07-21,72,24,648,Active,Keyboard Failure,Multiple keys non-functional.,False,False,False,No previous repairs,0,N/A,False,0,N/A,True,True,True,True,None,0,True,True,False,False,True,True,False,False,False,False,Valid Claim
CLM-0612,PRD-00612,Laptop,ProBook,LP-500,SN-L-000612,SN-L-000612,Matched,2025-01-11,2025-02-10,2025-02-21,41,24,679,Active,Factory SSD Failure,Primary storage failure.,False,False,False,No previous repairs,0,N/A,False,0,N/A,True,True,True,True,None,0,True,True,False,False,True,False,False,False,False,False,Valid Claim
CLM-0114,PRD-00114,Smartphone,ApexPhone,SP-200,SN-S-000114,SN-S-000114,Matched,2025-05-06,2025-05-28,2025-05-30,24,12,336,Active,Charging Port Failure,Charging connector failure under normal usage.,False,False,False,No previous repairs,0,N/A,False,0,N/A,True,True,True,True,None,0,True,True,False,False,True,False,False,False,False,False,Valid Claim
CLM-1078,PRD-01078,Television,ViewOptics,TV-65Q,SN-T-001078,SN-T-001078,Matched,2025-03-02,2025-04-14,2025-04-27,56,18,484,Active,Power Supply Failure,Internal power board failure.,False,False,False,No previous repairs,0,N/A,False,0,N/A,True,True,True,True,None,0,True,True,False,False,True,True,False,False,False,False,Valid Claim
CLM-1058,PRD-01058,Television,ViewOptics,TV-43U,SN-T-001058,SN-T-001058,Matched,2025-02-18,2025-04-28,2025-05-12,83,18,457,Active,Main Board Defect,Smart hub system failure.,False,False,False,No previous repairs,0,N/A,False,0,N/A,True,True,True,True,None,0,True,True,False,False,True,False,False,False,False,False,Valid Claim
CLM-0552,PRD-00552,Laptop,OmniLap,LP-500,SN-L-000552,SN-L-000552,Matched,2025-04-18,2025-05-15,2025-05-18,30,24,690,Active,Factory SSD Failure,Primary storage failure.,False,False,False,No previous repairs,0,N/A,False,0,N/A,True,True,True,True,None,0,True,True,False,False,True,False,False,False,False,False,Valid Claim
CLM-0164,PRD-00164,Smartphone,MobileX,SP-100,SN-S-000164,SN-S-000164,Matched,2025-03-04,2025-06-04,2025-06-15,103,12,257,Active,Charging Port Failure,Charging connector failure under normal usage.,False,False,False,No previous repairs,0,N/A,False,0,N/A,True,True,True,True,None,0,True,True,False,False,True,True,False,False,False,False,Valid Claim
CLM-0032,PRD-00032,Smartphone,TechCorp,SP-200,SN-S-000032,SN-S-000032,Matched,2025-01-19,2025-03-15,2025-03-26,66,12,294,Active,Screen Defect (Non-Impact),Touch failure or dead pixels with no physical drop.,False,False,False,No previous repairs,0,N/A,False,0,N/A,True,True,True,True,None,0,True,True,False,False,True,False,False,False,False,False,Valid Claim
CLM-0001,PRD-00001,Smartphone,ApexPhone,SP-100,SN-S-000001,SN-S-000001,Matched,2025-01-07,2026-01-01,2026-01-31,389,12,0,Active,Battery Manufacturing Defect,Battery swelling or sudden degradation.,False,False,False,One authorized repair,1,2025-12-02,False,0,N/A,True,True,True,True,None,0,True,True,False,False,True,True,True,False,True,False,Valid Claim
CLM-0561,PRD-00561,Laptop,ProBook,LP-500,SN-L-000561,SN-L-000561,Matched,2025-03-05,2027-02-22,2027-04-08,764,24,0,Active,Display Failure,Backlight failure without screen crack.,False,False,False,One authorized repair,1,2027-01-23,False,0,N/A,True,True,True,True,None,0,True,True,False,False,True,False,False,False,True,False,Valid Claim
CLM-0641,PRD-00641,Laptop,UltraTech,LP-900,SN-L-000641,SN-L-000641,Matched,2025-01-10,2026-12-30,2027-02-13,764,24,0,Active,Keyboard Failure,Multiple keys non-functional.,False,False,False,One authorized repair,1,2026-11-30,False,0,N/A,True,True,True,True,None,0,True,True,False,False,True,False,False,False,True,False,Valid Claim
CLM-1023,PRD-01023,Television,VisionMax,TV-43U,SN-T-001023,SN-T-001023,Matched,2025-05-13,2025-06-18,2025-06-22,40,18,500,Active,Main Board Defect,Smart hub system failure.,False,False,False,No previous repairs,0,N/A,False,0,N/A,True,True,True,True,None,0,True,True,False,False,True,True,False,False,False,False,Valid Claim
CLM-0559,PRD-00559,Laptop,ProBook,LP-900,SN-L-000559,SN-L-000559,Matched,2025-03-20,2025-05-12,2025-05-26,67,24,653,Active,Factory SSD Failure,Primary storage failure.,False,False,False,No previous repairs,0,N/A,False,0,N/A,True,True,True,True,None,0,True,True,False,False,True,True,False,False,False,False,Valid Claim
CLM-1086,PRD-01086,Television,ViewOptics,TV-65Q,SN-T-001086,SN-T-001086,Matched,2025-03-11,2025-05-04,2025-05-09,59,18,481,Active,Power Supply Failure,Internal power board failure.,False,False,False,No previous repairs,0,N/A,False,0,N/A,True,True,True,True,None,0,True,True,False,False,True,True,False,False,False,False,Valid Claim
CLM-0149,PRD-00149,Smartphone,MobileX,SP-200,SN-S-000149,SN-S-000149,Matched,2025-05-01,2025-07-18,2025-07-27,87,12,273,Active,Screen Defect (Non-Impact),Touch failure or dead pixels with no physical drop.,False,False,False,One authorized repair,1,2025-06-18,False,0,N/A,True,True,True,True,None,0,True,True,False,False,True,True,True,False,False,False,Valid Claim
CLM-0586,PRD-00586,Laptop,OmniLap,LP-900,SN-L-000586,SN-L-000586,Matched,2025-05-05,2025-06-16,2025-06-28,54,24,666,Active,Display Failure,Backlight failure without screen crack.,False,False,False,No previous repairs,0,N/A,False,0,N/A,True,True,True,True,None,0,True,True,False,False,True,False,False,False,False,False,Valid Claim
CLM-0606,PRD-00606,Laptop,UltraTech,LP-500,SN-L-000606,SN-L-000606,Matched,2025-04-25,2025-06-17,2025-06-25,61,24,659,Active,Motherboard Defect,Component failure on main board.,False,False,False,No previous repairs,0,N/A,False,0,N/A,True,True,True,True,None,0,True,True,False,False,True,False,False,False,False,False,Valid Claim
CLM-0526,PRD-00526,Laptop,ProBook,LP-500,SN-L-000526,SN-L-000526,Matched,2025-05-08,2025-08-03,2025-08-18,102,24,618,Active,Motherboard Defect,Component failure on main board.,False,False,False,No previous repairs,0,N/A,False,0,N/A,True,True,True,True,None,0,True,True,False,False,True,True,False,False,False,False,Valid Claim
CLM-0505,PRD-00505,Laptop,OmniLap,LP-Pro,SN-L-000505,SN-L-000505,Matched,2025-03-10,2025-05-17,2025-05-25,76,24,644,Active,Factory SSD Failure,Primary storage failure.,False,False,False,One authorized repair,1,2025-04-17,False,0,N/A,True,True,True,True,None,0,True,True,False,False,True,True,True,False,False,False,Valid Claim
CLM-0034,PRD-00034,Smartphone,MobileX,SP-100,SN-S-000034,SN-S-000034,Matched,2025-01-25,2025-04-10,2025-04-16,81,12,279,Active,Manufacturing Defect,Internal motherboard defect causing bootloop.,False,False,False,No previous repairs,0,N/A,False,0,N/A,True,True,True,True,None,0,True,True,False,False,True,False,False,False,False,False,Valid Claim
CLM-0663,PRD-00663,Laptop,OmniLap,LP-500,SN-L-000663,SN-L-000663,Matched,2025-01-28,2025-02-23,2025-03-07,38,24,682,Active,Motherboard Defect,Component failure on main board.,False,False,False,No previous repairs,0,N/A,False,0,N/A,True,True,True,True,None,0,True,True,False,False,True,True,False,False,False,False,Valid Claim
CLM-0047,PRD-00047,Smartphone,TechCorp,SP-200,SN-S-000047,SN-S-000047,Matched,2025-04-12,2025-06-09,2025-06-17,66,12,294,Active,Screen Defect (Non-Impact),Touch failure or dead pixels with no physical drop.,False,False,False,No previous repairs,0,N/A,False,0,N/A,True,True,True,True,None,0,True,True,False,False,True,False,False,False,False,False,Valid Claim
CLM-0557,PRD-00557,Laptop,ProBook,LP-500,SN-L-000557,SN-L-000557,Matched,2025-02-04,2025-03-15,2025-03-17,41,24,679,Active,Motherboard Defect,Component failure on main board.,False,False,False,One authorized repair,1,2025-02-13,False,0,N/A,True,True,True,True,None,0,True,True,False,False,True,True,True,False,False,False,Valid Claim
CLM-0064,PRD-00064,Smartphone,MobileX,SP-200,SN-S-000064,SN-S-000064,Matched,2025-03-20,2025-05-07,2025-05-08,49,12,311,Active,Screen Defect (Non-Impact),Touch failure or dead pixels with no physical drop.,False,False,False,No previous repairs,0,N/A,False,0,N/A,True,True,True,True,None,0,True,True,False,False,True,True,False,False,False,False,Valid Claim
CLM-0588,PRD-00588,Laptop,ProBook,LP-500,SN-L-000588,SN-L-000588,Matched,2025-01-01,2025-04-03,2025-04-04,93,24,627,Active,Factory SSD Failure,Primary storage failure.,False,False,False,No previous repairs,0,N/A,False,0,N/A,True,True,True,True,None,0,True,True,False,False,True,True,False,False,False,False,Valid Claim
CLM-1005,PRD-01005,Television,VisionMax,TV-65Q,SN-T-001005,SN-T-001005,Matched,2025-03-01,2025-04-27,2025-05-01,61,18,479,Active,Main Board Defect,Smart hub system failure.,False,False,False,One authorized repair,1,2025-03-28,False,0,N/A,True,True,True,True,None,0,True,True,False,False,True,True,True,False,False,False,Valid Claim
CLM-0543,PRD-00543,Laptop,ProBook,LP-500,SN-L-000543,SN-L-000543,Matched,2025-05-22,2025-07-09,2025-07-15,54,24,666,Active,Factory SSD Failure,Primary storage failure.,False,False,False,No previous repairs,0,N/A,False,0,N/A,True,True,True,True,None,0,True,True,False,False,True,True,False,False,False,False,Valid Claim
CLM-1114,PRD-01114,Television,VisionMax,TV-43U,SN-T-001114,SN-T-001114,Matched,2025-03-28,2025-05-30,2025-06-12,76,18,464,Active,Display Panel Defect,Internal panel line defect.,False,False,False,No previous repairs,0,N/A,False,0,N/A,True,True,True,True,None,0,True,True,False,False,True,True,False,False,False,False,Valid Claim
CLM-1085,PRD-01085,Television,ViewOptics,TV-55OLED,SN-T-001085,SN-T-001085,Matched,2025-03-22,2025-04-16,2025-04-18,27,18,513,Active,Main Board Defect,Smart hub system failure.,False,False,False,One authorized repair,1,2025-03-17,False,0,N/A,True,True,True,True,None,0,True,True,False,False,True,False,False,False,False,False,Valid Claim
CLM-1155,PRD-01155,Television,VisionMax,TV-65Q,SN-T-001155,SN-T-001155,Matched,2025-04-28,2025-07-31,2025-08-01,95,18,445,Active,Main Board Defect,Smart hub system failure.,False,False,False,No previous repairs,0,N/A,False,0,N/A,True,True,True,True,None,0,True,True,False,False,True,False,False,False,False,False,Valid Claim
CLM-1007,PRD-01007,Television,CineDisplay,TV-55OLED,SN-T-001007,SN-T-001007,Matched,2025-04-16,2025-06-17,2025-06-23,68,18,472,Active,Display Panel Defect,Internal panel line defect.,False,False,False,No previous repairs,0,N/A,False,0,N/A,True,True,True,True,None,0,True,True,False,False,True,True,False,False,False,False,Valid Claim
CLM-0155,PRD-00155,Smartphone,TechCorp,SP-200,SN-S-000155,SN-S-000155,Matched,2025-05-02,2025-07-10,2025-07-21,80,12,280,Active,Charging Port Failure,Charging connector failure under normal usage.,False,False,False,No previous repairs,0,N/A,False,0,N/A,True,True,True,True,None,0,True,True,False,False,True,True,False,False,False,False,Valid Claim
CLM-0572,PRD-00572,Laptop,UltraTech,LP-500,SN-L-000572,SN-L-000572,Matched,2025-05-15,2025-08-23,2025-09-05,113,24,607,Active,Keyboard Failure,Multiple keys non-functional.,False,False,False,No previous repairs,0,N/A,False,0,N/A,True,True,True,True,None,0,True,True,False,False,True,True,False,False,False,False,Valid Claim
CLM-1033,PRD-01033,Television,VisionMax,TV-55OLED,SN-T-001033,SN-T-001033,Matched,2025-01-13,2025-03-23,2025-03-24,70,18,470,Active,Display Panel Defect,Internal panel line defect.,False,False,False,One authorized repair,1,2025-02-21,False,0,N/A,True,True,True,True,None,0,True,True,False,False,True,True,True,False,False,False,Valid Claim
CLM-0585,PRD-00585,Laptop,OmniLap,LP-500,SN-L-000585,SN-L-000585,Matched,2025-03-28,2025-05-28,2025-05-31,64,24,656,Active,Display Failure,Backlight failure without screen crack.,False,False,False,One authorized repair,1,2025-04-28,False,0,N/A,True,True,True,True,None,0,True,True,False,False,True,True,True,False,False,False,Valid Claim
CLM-1138,PRD-01138,Television,CineDisplay,TV-65Q,SN-T-001138,SN-T-001138,Matched,2025-03-25,2025-05-09,2025-05-21,57,18,483,Active,Power Supply Failure,Internal power board failure.,False,False,False,No previous repairs,0,N/A,False,0,N/A,True,True,True,True,None,0,True,True,False,False,True,False,False,False,False,False,Valid Claim
CLM-0601,PRD-00601,Laptop,ProBook,LP-500,SN-L-000601,SN-L-000601,Matched,2025-04-11,2027-03-31,2027-05-15,764,24,0,Active,Factory SSD Failure,Primary storage failure.,False,False,False,One authorized repair,1,2027-03-01,False,0,N/A,True,True,True,True,None,0,True,True,False,False,True,True,True,False,True,False,Valid Claim
CLM-1013,PRD-01013,Television,CineDisplay,TV-55OLED,SN-T-001013,SN-T-001013,Matched,2025-04-29,2025-05-26,2025-06-09,41,18,499,Active,Power Supply Failure,Internal power board failure.,False,False,False,One authorized repair,1,2025-04-26,False,0,N/A,True,True,True,True,None,0,True,True,False,False,True,False,False,False,False,False,Valid Claim
CLM-0527,PRD-00527,Laptop,UltraTech,LP-900,SN-L-000527,SN-L-000527,Matched,2025-02-03,2025-05-06,2025-05-13,99,24,621,Active,Factory SSD Failure,Primary storage failure.,False,False,False,No previous repairs,0,N/A,False,0,N/A,True,True,True,True,None,0,True,True,False,False,True,False,False,False,False,False,Valid Claim
CLM-0653,PRD-00653,Laptop,ProBook,LP-Pro,SN-L-000653,SN-L-000653,Matched,2025-04-22,2025-07-02,2025-07-09,78,24,642,Active,Factory SSD Failure,Primary storage failure.,False,False,False,One authorized repair,1,2025-06-02,False,0,N/A,True,True,True,True,None,0,True,True,False,False,True,False,False,False,False,False,Valid Claim
CLM-0510,PRD-00510,Laptop,OmniLap,LP-900,SN-L-000510,SN-L-000510,Matched,2025-03-29,2025-04-23,2025-04-25,27,24,693,Active,Motherboard Defect,Component failure on main board.,False,False,False,No previous repairs,0,N/A,False,0,N/A,True,True,True,True,None,0,True,True,False,False,True,False,False,False,False,False,Valid Claim
CLM-0042,PRD-00042,Smartphone,TechCorp,SP-200,SN-S-000042,SN-S-000042,Matched,2025-02-25,2025-05-30,2025-06-11,106,12,254,Active,Manufacturing Defect,Internal motherboard defect causing bootloop.,False,False,False,No previous repairs,0,N/A,False,0,N/A,True,True,True,True,None,0,True,True,False,False,True,True,False,False,False,False,Valid Claim
CLM-0654,PRD-00654,Laptop,UltraTech,LP-500,SN-L-000654,SN-L-000654,Matched,2025-01-10,2025-03-18,2025-03-19,68,24,652,Active,Keyboard Failure,Multiple keys non-functional.,False,False,False,No previous repairs,0,N/A,False,0,N/A,True,True,True,True,None,0,True,True,False,False,True,False,False,False,False,False,Valid Claim
CLM-0514,PRD-00514,Laptop,ProBook,LP-900,SN-L-000514,SN-L-000514,Matched,2025-03-20,2025-06-02,2025-06-13,85,24,635,Active,Keyboard Failure,Multiple keys non-functional.,False,False,False,No previous repairs,0,N/A,False,0,N/A,True,True,True,True,None,0,True,True,False,False,True,True,False,False,False,False,Valid Claim
CLM-0609,PRD-00609,Laptop,UltraTech,LP-Pro,SN-L-000609,SN-L-000609,Matched,2025-04-18,2025-07-20,2025-08-04,108,24,612,Active,Factory SSD Failure,Primary storage failure.,False,False,False,One authorized repair,1,2025-06-20,False,0,N/A,True,True,True,True,None,0,True,True,False,False,True,True,True,False,False,False,Valid Claim
CLM-0595,PRD-00595,Laptop,ProBook,LP-900,SN-L-000595,SN-L-000595,Matched,2025-05-28,2025-07-07,2025-07-15,48,24,672,Active,Keyboard Failure,Multiple keys non-functional.,False,False,False,No previous repairs,0,N/A,False,0,N/A,True,True,True,True,None,0,True,True,False,False,True,True,False,False,False,False,Valid Claim
CLM-0649,PRD-00649,Laptop,ProBook,LP-500,SN-L-000649,SN-L-000649,Matched,2025-03-29,2025-06-29,2025-07-14,107,24,613,Active,Factory SSD Failure,Primary storage failure.,False,False,False,One authorized repair,1,2025-05-30,False,0,N/A,True,True,True,True,None,0,True,True,False,False,True,False,False,False,False,False,Valid Claim
CLM-1046,PRD-01046,Television,CineDisplay,TV-65Q,SN-T-001046,SN-T-001046,Matched,2025-03-02,2025-03-31,2025-04-12,41,18,499,Active,Display Panel Defect,Internal panel line defect.,False,False,False,No previous repairs,0,N/A,False,0,N/A,True,True,True,True,None,0,True,True,False,False,True,False,False,False,False,False,Valid Claim
CLM-0024,PRD-00024,Smartphone,ApexPhone,SP-X,SN-S-000024,SN-S-000024,Matched,2025-01-01,2025-03-24,2025-03-25,83,12,277,Active,Battery Manufacturing Defect,Battery swelling or sudden degradation.,False,False,False,No previous repairs,0,N/A,False,0,N/A,True,True,True,True,None,0,True,True,False,False,True,True,False,False,False,False,Valid Claim
CLM-0648,PRD-00648,Laptop,OmniLap,LP-500,SN-L-000648,SN-L-000648,Matched,2025-04-08,2025-06-19,2025-06-20,73,24,647,Active,Display Failure,Backlight failure without screen crack.,False,False,False,No previous repairs,0,N/A,False,0,N/A,True,True,True,True,None,0,True,True,False,False,True,True,False,False,False,False,Valid Claim
CLM-0009,PRD-00009,Smartphone,TechCorp,SP-X,SN-S-000009,SN-S-000009,Matched,2025-02-28,2025-03-30,2025-04-13,44,12,316,Active,Battery Manufacturing Defect,Battery swelling or sudden degradation.,False,False,False,One authorized repair,1,2025-02-28,False,0,N/A,True,True,True,True,None,0,True,True,False,False,True,True,True,False,False,False,Valid Claim
CLM-0165,PRD-00165,Smartphone,TechCorp,SP-100,SN-S-000165,SN-S-000165,Matched,2025-01-21,2025-04-30,2025-05-11,110,12,250,Active,Charging Port Failure,Charging connector failure under normal usage.,False,False,False,One authorized repair,1,2025-03-31,False,0,N/A,True,True,True,True,None,0,True,True,False,False,True,True,True,False,False,False,Valid Claim
CLM-0097,PRD-00097,Smartphone,TechCorp,SP-200,SN-S-000097,SN-S-000097,Matched,2025-03-25,2025-06-01,2025-06-06,73,12,287,Active,Battery Manufacturing Defect,Battery swelling or sudden degradation.,False,False,False,One authorized repair,1,2025-05-02,False,0,N/A,True,True,True,True,None,0,True,True,False,False,True,False,False,False,False,False,Valid Claim
CLM-1147,PRD-01147,Television,VisionMax,TV-55OLED,SN-T-001147,SN-T-001147,Matched,2025-05-14,2025-06-30,2025-07-10,57,18,483,Active,Power Supply Failure,Internal power board failure.,False,False,False,No previous repairs,0,N/A,False,0,N/A,True,True,True,True,None,0,True,True,False,False,True,False,False,False,False,False,Valid Claim
CLM-0533,PRD-00533,Laptop,UltraTech,LP-Pro,SN-L-000533,SN-L-000533,Matched,2025-01-17,2025-04-02,2025-04-14,87,24,633,Active,Display Failure,Backlight failure without screen crack.,False,False,False,One authorized repair,1,2025-03-03,False,0,N/A,True,True,True,True,None,0,True,True,False,False,True,True,True,False,False,False,Valid Claim
CLM-0523,PRD-00523,Laptop,UltraTech,LP-900,SN-L-000523,SN-L-000523,Matched,2025-03-22,2025-05-12,2025-05-17,56,24,664,Active,Keyboard Failure,Multiple keys non-functional.,False,False,False,No previous repairs,0,N/A,False,0,N/A,True,True,True,True,None,0,True,True,False,False,True,True,False,False,False,False,Valid Claim
CLM-1144,PRD-01144,Television,CineDisplay,TV-65Q,SN-T-001144,SN-T-001144,Matched,2025-01-16,2025-02-22,2025-02-24,39,18,501,Active,Power Supply Failure,Internal power board failure.,False,False,False,No previous repairs,0,N/A,False,0,N/A,True,True,True,True,None,0,True,True,False,False,True,False,False,False,False,False,Valid Claim
CLM-1047,PRD-01047,Television,VisionMax,TV-65Q,SN-T-001047,SN-T-001047,Matched,2025-04-29,2025-07-29,2025-07-31,93,18,447,Active,Power Supply Failure,Internal power board failure.,False,False,False,No previous repairs,0,N/A,False,0,N/A,True,True,True,True,None,0,True,True,False,False,True,False,False,False,False,False,Valid Claim
CLM-1053,PRD-01053,Television,ViewOptics,TV-65Q,SN-T-001053,SN-T-001053,Matched,2025-03-30,2025-07-02,2025-07-03,95,18,445,Active,Display Panel Defect,Internal panel line defect.,False,False,False,One authorized repair,1,2025-06-02,False,0,N/A,True,True,True,True,None,0,True,True,False,False,True,False,False,False,False,False,Valid Claim
CLM-0564,PRD-00564,Laptop,ProBook,LP-500,SN-L-000564,SN-L-000564,Matched,2025-01-04,2025-02-21,2025-02-24,51,24,669,Active,Motherboard Defect,Component failure on main board.,False,False,False,No previous repairs,0,N/A,False,0,N/A,True,True,True,True,None,0,True,True,False,False,True,True,False,False,False,False,Valid Claim
CLM-0659,PRD-00659,Laptop,UltraTech,LP-900,SN-L-000659,SN-L-000659,Matched,2025-04-02,2025-05-13,2025-05-28,56,24,664,Active,Keyboard Failure,Multiple keys non-functional.,False,False,False,No previous repairs,0,N/A,False,0,N/A,True,True,True,True,None,0,True,True,False,False,True,False,False,False,False,False,Valid Claim
CLM-0052,PRD-00052,Smartphone,ApexPhone,SP-100,SN-S-000052,SN-S-000052,Matched,2025-02-04,2025-03-10,2025-03-25,49,12,311,Active,Battery Manufacturing Defect,Battery swelling or sudden degradation.,False,False,False,No previous repairs,0,N/A,False,0,N/A,True,True,True,True,None,0,True,True,False,False,True,True,False,False,False,False,Valid Claim
CLM-0587,PRD-00587,Laptop,ProBook,LP-Pro,SN-L-000587,SN-L-000587,Matched,2025-05-31,2025-08-07,2025-08-12,73,24,647,Active,Keyboard Failure,Multiple keys non-functional.,False,False,False,No previous repairs,0,N/A,False,0,N/A,True,True,True,True,None,0,True,True,False,False,True,False,False,False,False,False,Valid Claim
CLM-0030,PRD-00030,Smartphone,MobileX,SP-100,SN-S-000030,SN-S-000030,Matched,2025-05-31,2025-09-03,2025-09-07,99,12,261,Active,Screen Defect (Non-Impact),Touch failure or dead pixels with no physical drop.,False,False,False,No previous repairs,0,N/A,False,0,N/A,True,True,True,True,None,0,True,True,False,False,True,True,False,False,False,False,Valid Claim
CLM-0589,PRD-00589,Laptop,OmniLap,LP-900,SN-L-000589,SN-L-000589,Matched,2025-02-26,2025-05-20,2025-05-23,86,24,634,Active,Motherboard Defect,Component failure on main board.,False,False,False,One authorized repair,1,2025-04-20,False,0,N/A,True,True,True,True,None,0,True,True,False,False,True,False,False,False,False,False,Valid Claim
CLM-0123,PRD-00123,Smartphone,TechCorp,SP-100,SN-S-000123,SN-S-000123,Matched,2025-05-27,2025-08-15,2025-08-23,88,12,272,Active,Battery Manufacturing Defect,Battery swelling or sudden degradation.,False,False,False,No previous repairs,0,N/A,False,0,N/A,True,True,True,True,None,0,True,True,False,False,True,False,False,False,False,False,Valid Claim
CLM-0541,PRD-00541,Laptop,ProBook,LP-Pro,SN-L-000541,SN-L-000541,Matched,2025-05-11,2027-04-30,2027-06-14,764,24,0,Active,Motherboard Defect,Component failure on main board.,False,False,False,One authorized repair,1,2027-03-31,False,0,N/A,True,True,True,True,None,0,True,True,False,False,True,True,True,False,True,False,Valid Claim
CLM-1008,PRD-01008,Television,VisionMax,TV-65Q,SN-T-001008,SN-T-001008,Matched,2025-02-21,2025-04-18,2025-04-23,61,18,479,Active,Main Board Defect,Smart hub system failure.,False,False,False,No previous repairs,0,N/A,False,0,N/A,True,True,True,True,None,0,True,True,False,False,True,True,False,False,False,False,Valid Claim
CLM-0569,PRD-00569,Laptop,ProBook,LP-900,SN-L-000569,SN-L-000569,Matched,2025-02-24,2025-04-20,2025-04-25,60,24,660,Active,Keyboard Failure,Multiple keys non-functional.,False,False,False,One authorized repair,1,2025-03-21,False,0,N/A,True,True,True,True,None,0,True,True,False,False,True,False,False,False,False,False,Valid Claim
CLM-0584,PRD-00584,Laptop,ProBook,LP-Pro,SN-L-000584,SN-L-000584,Matched,2025-04-04,2025-06-10,2025-06-22,79,24,641,Active,Motherboard Defect,Component failure on main board.,False,False,False,No previous repairs,0,N/A,False,0,N/A,True,True,True,True,None,0,True,True,False,False,True,False,False,False,False,False,Valid Claim
CLM-0616,PRD-00616,Laptop,ProBook,LP-Pro,SN-L-000616,SN-L-000616,Matched,2025-05-31,2025-07-03,2025-07-13,43,24,677,Active,Motherboard Defect,Component failure on main board.,False,False,False,No previous repairs,0,N/A,False,0,N/A,True,True,True,True,None,0,True,True,False,False,True,True,False,False,False,False,Valid Claim
CLM-1164,PRD-01164,Television,ViewOptics,TV-55OLED,SN-T-001164,SN-T-001164,Matched,2025-03-10,2025-05-23,2025-05-28,79,18,461,Active,Main Board Defect,Smart hub system failure.,False,False,False,No previous repairs,0,N/A,False,0,N/A,True,True,True,True,None,0,True,True,False,False,True,True,False,False,False,False,Valid Claim
CLM-0521,PRD-00521,Laptop,OmniLap,LP-Pro,SN-L-000521,SN-L-000521,Matched,2025-02-08,2027-01-28,2027-03-14,764,24,0,Active,Factory SSD Failure,Primary storage failure.,False,False,False,One authorized repair,1,2026-12-29,False,0,N/A,True,True,True,True,None,0,True,True,False,False,True,False,False,False,True,False,Valid Claim
CLM-0566,PRD-00566,Laptop,ProBook,LP-Pro,SN-L-000566,SN-L-000566,Matched,2025-04-24,2025-05-25,2025-06-09,46,24,674,Active,Keyboard Failure,Multiple keys non-functional.,False,False,False,No previous repairs,0,N/A,False,0,N/A,True,True,True,True,None,0,True,True,False,False,True,False,False,False,False,False,Valid Claim
CLM-0063,PRD-00063,Smartphone,ApexPhone,SP-100,SN-S-000063,SN-S-000063,Matched,2025-04-08,2025-06-27,2025-07-01,84,12,276,Active,Manufacturing Defect,Internal motherboard defect causing bootloop.,False,False,False,No previous repairs,0,N/A,False,0,N/A,True,True,True,True,None,0,True,True,False,False,True,True,False,False,False,False,Valid Claim
CLM-0010,PRD-00010,Smartphone,TechCorp,SP-200,SN-S-000010,SN-S-000010,Matched,2025-03-13,2025-05-18,2025-05-21,69,12,291,Active,Charging Port Failure,Charging connector failure under normal usage.,False,False,False,No previous repairs,0,N/A,False,0,N/A,True,True,True,True,None,0,True,True,False,False,True,False,False,False,False,False,Valid Claim
CLM-0104,PRD-00104,Smartphone,TechCorp,SP-X,SN-S-000104,SN-S-000104,Matched,2025-03-19,2025-06-19,2025-07-02,105,12,255,Active,Manufacturing Defect,Internal motherboard defect causing bootloop.,False,False,False,No previous repairs,0,N/A,False,0,N/A,True,True,True,True,None,0,True,True,False,False,True,True,False,False,False,False,Valid Claim
CLM-0608,PRD-00608,Laptop,ProBook,LP-Pro,SN-L-000608,SN-L-000608,Matched,2025-03-30,2025-07-03,2025-07-07,99,24,621,Active,Factory SSD Failure,Primary storage failure.,False,False,False,No previous repairs,0,N/A,False,0,N/A,True,True,True,True,None,0,True,True,False,False,True,True,False,False,False,False,Valid Claim
CLM-0031,PRD-00031,Smartphone,TechCorp,SP-X,SN-S-000031,SN-S-000031,Matched,2025-01-16,2026-01-10,2026-02-09,389,12,0,Active,Screen Defect (Non-Impact),Touch failure or dead pixels with no physical drop.,False,False,False,No previous repairs,0,N/A,False,0,N/A,True,True,True,True,None,0,True,True,False,False,True,True,False,False,True,False,Valid Claim
CLM-1087,PRD-01087,Television,ViewOptics,TV-65Q,SN-T-001087,SN-T-001087,Matched,2025-05-30,2025-08-17,2025-08-30,92,18,448,Active,Power Supply Failure,Internal power board failure.,False,False,False,No previous repairs,0,N/A,False,0,N/A,True,True,True,True,None,0,True,True,False,False,True,True,False,False,False,False,Valid Claim
CLM-1105,PRD-01105,Television,ViewOptics,TV-55OLED,SN-T-001105,SN-T-001105,Matched,2025-04-14,2025-05-12,2025-05-21,37,18,503,Active,Main Board Defect,Smart hub system failure.,False,False,False,One authorized repair,1,2025-04-12,False,0,N/A,True,True,True,True,None,0,True,True,False,False,True,True,True,False,False,False,Valid Claim
CLM-0088,PRD-00088,Smartphone,TechCorp,SP-100,SN-S-000088,SN-S-000088,Matched,2025-04-09,2025-05-26,2025-05-28,49,12,311,Active,Screen Defect (Non-Impact),Touch failure or dead pixels with no physical drop.,False,False,False,No previous repairs,0,N/A,False,0,N/A,True,True,True,True,None,0,True,True,False,False,True,False,False,False,False,False,Valid Claim
CLM-0577,PRD-00577,Laptop,OmniLap,LP-500,SN-L-000577,SN-L-000577,Matched,2025-03-10,2025-04-27,2025-05-07,58,24,662,Active,Motherboard Defect,Component failure on main board.,False,False,False,One authorized repair,1,2025-03-28,False,0,N/A,True,True,True,True,None,0,True,True,False,False,True,False,False,False,False,False,Valid Claim
CLM-1121,PRD-01121,Television,VisionMax,TV-55OLED,SN-T-001121,SN-T-001121,Matched,2025-03-28,2026-09-18,2026-10-18,569,18,0,Active,Main Board Defect,Smart hub system failure.,False,False,False,One authorized repair,1,2026-08-19,False,0,N/A,True,True,True,True,None,0,True,True,False,False,True,False,False,False,True,False,Valid Claim
CLM-0556,PRD-00556,Laptop,UltraTech,LP-Pro,SN-L-000556,SN-L-000556,Matched,2025-03-25,2025-06-10,2025-06-15,82,24,638,Active,Display Failure,Backlight failure without screen crack.,False,False,False,No previous repairs,0,N/A,False,0,N/A,True,True,True,True,None,0,True,True,False,False,True,True,False,False,False,False,Valid Claim
CLM-1150,PRD-01150,Television,CineDisplay,TV-43U,SN-T-001150,SN-T-001150,Matched,2025-04-17,2025-05-12,2025-05-20,33,18,507,Active,Display Panel Defect,Internal panel line defect.,False,False,False,No previous repairs,0,N/A,False,0,N/A,True,True,True,True,None,0,True,True,False,False,True,True,False,False,False,False,Valid Claim
CLM-0515,PRD-00515,Laptop,OmniLap,LP-500,SN-L-000515,SN-L-000515,Matched,2025-01-01,2025-03-23,2025-03-25,83,24,637,Active,Keyboard Failure,Multiple keys non-functional.,False,False,False,No previous repairs,0,N/A,False,0,N/A,True,True,True,True,None,0,True,True,False,False,True,True,False,False,False,False,Valid Claim
CLM-1034,PRD-01034,Television,ViewOptics,TV-55OLED,SN-T-001034,SN-T-001034,Matched,2025-02-15,2025-05-22,2025-06-06,111,18,429,Active,Main Board Defect,Smart hub system failure.,False,False,False,No previous repairs,0,N/A,False,0,N/A,True,True,True,True,None,0,True,True,False,False,True,False,False,False,False,False,Valid Claim
CLM-1076,PRD-01076,Television,ViewOptics,TV-43U,SN-T-001076,SN-T-001076,Matched,2025-03-13,2025-05-04,2025-05-05,53,18,487,Active,Power Supply Failure,Internal power board failure.,False,False,False,No previous repairs,0,N/A,False,0,N/A,True,True,True,True,None,0,True,True,False,False,True,True,False,False,False,False,Valid Claim
CLM-0538,PRD-00538,Laptop,UltraTech,LP-900,SN-L-000538,SN-L-000538,Matched,2025-03-11,2025-05-03,2025-05-15,65,24,655,Active,Motherboard Defect,Component failure on main board.,False,False,False,No previous repairs,0,N/A,False,0,N/A,True,True,True,True,None,0,True,True,False,False,True,True,False,False,False,False,Valid Claim
CLM-0100,PRD-00100,Smartphone,TechCorp,SP-X,SN-S-000100,SN-S-000100,Matched,2025-02-09,2025-03-17,2025-03-25,44,12,316,Active,Screen Defect (Non-Impact),Touch failure or dead pixels with no physical drop.,False,False,False,No previous repairs,0,N/A,False,0,N/A,True,True,True,True,None,0,True,True,False,False,True,True,False,False,False,False,Valid Claim
CLM-0002,PRD-00002,Smartphone,TechCorp,SP-100,SN-S-000002,SN-S-000002,Matched,2025-01-27,2025-05-02,2025-05-09,102,12,258,Active,Manufacturing Defect,Internal motherboard defect causing bootloop.,False,False,False,No previous repairs,0,N/A,False,0,N/A,True,True,True,True,None,0,True,True,False,False,True,True,False,False,False,False,Valid Claim
CLM-0592,PRD-00592,Laptop,UltraTech,LP-500,SN-L-000592,SN-L-000592,Matched,2025-03-05,2025-05-08,2025-05-13,69,24,651,Active,Motherboard Defect,Component failure on main board.,False,False,False,No previous repairs,0,N/A,False,0,N/A,True,True,True,True,None,0,True,True,False,False,True,True,False,False,False,False,Valid Claim
CLM-0092,PRD-00092,Smartphone,ApexPhone,SP-X,SN-S-000092,SN-S-000092,Matched,2025-05-20,2025-08-10,2025-08-14,86,12,274,Active,Screen Defect (Non-Impact),Touch failure or dead pixels with no physical drop.,False,False,False,No previous repairs,0,N/A,False,0,N/A,True,True,True,True,None,0,True,True,False,False,True,False,False,False,False,False,Valid Claim
CLM-0629,PRD-00629,Laptop,OmniLap,LP-900,SN-L-000629,SN-L-000629,Matched,2025-02-15,2025-05-21,2025-05-30,104,24,616,Active,Factory SSD Failure,Primary storage failure.,False,False,False,One authorized repair,1,2025-04-21,False,0,N/A,True,True,True,True,None,0,True,True,False,False,True,False,False,False,False,False,Valid Claim
CLM-0665,PRD-00665,Laptop,OmniLap,LP-500,SN-L-000665,SN-L-000665,Matched,2025-02-22,2025-04-21,2025-04-28,65,24,655,Active,Motherboard Defect,Component failure on main board.,False,False,False,One authorized repair,1,2025-03-22,False,0,N/A,True,True,True,True,None,0,True,True,False,False,True,True,True,False,False,False,Valid Claim
CLM-0531,PRD-00531,Laptop,ProBook,LP-Pro,SN-L-000531,SN-L-000531,Matched,2025-05-18,2027-05-07,2027-06-21,764,24,0,Active,Keyboard Failure,Multiple keys non-functional.,False,False,False,No previous repairs,0,N/A,False,0,N/A,True,True,True,True,None,0,True,True,False,False,True,False,False,False,True,False,Valid Claim
CLM-0083,PRD-00083,Smartphone,TechCorp,SP-200,SN-S-000083,SN-S-000083,Matched,2025-02-04,2025-05-02,2025-05-11,96,12,264,Active,Charging Port Failure,Charging connector failure under normal usage.,False,False,False,No previous repairs,0,N/A,False,0,N/A,True,True,True,True,None,0,True,True,False,False,True,False,False,False,False,False,Valid Claim
CLM-0631,PRD-00631,Laptop,ProBook,LP-500,SN-L-000631,SN-L-000631,Matched,2025-05-27,2027-05-16,2027-06-30,764,24,0,Active,Keyboard Failure,Multiple keys non-functional.,False,False,False,No previous repairs,0,N/A,False,0,N/A,True,True,True,True,None,0,True,True,False,False,True,True,False,False,True,False,Valid Claim
CLM-0120,PRD-00120,Smartphone,TechCorp,SP-100,SN-S-000120,SN-S-000120,Matched,2025-03-17,2025-05-22,2025-05-25,69,12,291,Active,Screen Defect (Non-Impact),Touch failure or dead pixels with no physical drop.,False,False,False,No previous repairs,0,N/A,False,0,N/A,True,True,True,True,None,0,True,True,False,False,True,False,False,False,False,False,Valid Claim
CLM-1021,PRD-01021,Television,ViewOptics,TV-65Q,SN-T-001021,SN-T-001021,Matched,2025-01-07,2026-06-30,2026-07-30,569,18,0,Active,Power Supply Failure,Internal power board failure.,False,False,False,One authorized repair,1,2026-05-31,False,0,N/A,True,True,True,True,None,0,True,True,False,False,True,True,True,False,True,False,Valid Claim
CLM-0593,PRD-00593,Laptop,OmniLap,LP-500,SN-L-000593,SN-L-000593,Matched,2025-01-13,2025-03-30,2025-04-11,88,24,632,Active,Factory SSD Failure,Primary storage failure.,False,False,False,One authorized repair,1,2025-02-28,False,0,N/A,True,True,True,True,None,0,True,True,False,False,True,False,False,False,False,False,Valid Claim
CLM-0151,PRD-00151,Smartphone,MobileX,SP-X,SN-S-000151,SN-S-000151,Matched,2025-03-10,2026-03-04,2026-04-03,389,12,0,Active,Manufacturing Defect,Internal motherboard defect causing bootloop.,False,False,False,No previous repairs,0,N/A,False,0,N/A,True,True,True,True,None,0,True,True,False,False,True,False,False,False,True,False,Valid Claim
CLM-1143,PRD-01143,Television,CineDisplay,TV-55OLED,SN-T-001143,SN-T-001143,Matched,2025-03-11,2025-05-12,2025-05-15,65,18,475,Active,Display Panel Defect,Internal panel line defect.,False,False,False,No previous repairs,0,N/A,False,0,N/A,True,True,True,True,None,0,True,True,False,False,True,True,False,False,False,False,Valid Claim
CLM-1010,PRD-01010,Television,VisionMax,TV-65Q,SN-T-001010,SN-T-001010,Matched,2025-03-27,2025-06-05,2025-06-17,82,18,458,Active,Power Supply Failure,Internal power board failure.,False,False,False,No previous repairs,0,N/A,False,0,N/A,True,True,True,True,None,0,True,True,False,False,True,True,False,False,False,False,Valid Claim
CLM-0060,PRD-00060,Smartphone,ApexPhone,SP-100,SN-S-000060,SN-S-000060,Matched,2025-04-01,2025-07-09,2025-07-21,111,12,249,Active,Charging Port Failure,Charging connector failure under normal usage.,False,False,False,No previous repairs,0,N/A,False,0,N/A,True,True,True,True,None,0,True,True,False,False,True,True,False,False,False,False,Valid Claim
CLM-0580,PRD-00580,Laptop,OmniLap,LP-900,SN-L-000580,SN-L-000580,Matched,2025-02-14,2025-03-10,2025-03-12,26,24,694,Active,Factory SSD Failure,Primary storage failure.,False,False,False,No previous repairs,0,N/A,False,0,N/A,True,True,True,True,None,0,True,True,False,False,True,True,False,False,False,False,Valid Claim
CLM-0040,PRD-00040,Smartphone,MobileX,SP-100,SN-S-000040,SN-S-000040,Matched,2025-02-12,2025-03-04,2025-03-11,27,12,333,Active,Charging Port Failure,Charging connector failure under normal usage.,False,False,False,No previous repairs,0,N/A,False,0,N/A,True,True,True,True,None,0,True,True,False,False,True,False,False,False,False,False,Valid Claim
CLM-1112,PRD-01112,Television,VisionMax,TV-43U,SN-T-001112,SN-T-001112,Matched,2025-02-19,2025-05-25,2025-05-29,99,18,441,Active,Display Panel Defect,Internal panel line defect.,False,False,False,No previous repairs,0,N/A,False,0,N/A,True,True,True,True,None,0,True,True,False,False,True,False,False,False,False,False,Valid Claim
CLM-0073,PRD-00073,Smartphone,ApexPhone,SP-100,SN-S-000073,SN-S-000073,Matched,2025-02-19,2025-04-28,2025-05-09,79,12,281,Active,Charging Port Failure,Charging connector failure under normal usage.,False,False,False,One authorized repair,1,2025-03-29,False,0,N/A,True,True,True,True,None,0,True,True,False,False,True,True,True,False,False,False,Valid Claim
CLM-0502,PRD-00502,Laptop,OmniLap,LP-900,SN-L-000502,SN-L-000502,Matched,2025-03-16,2025-06-09,2025-06-24,100,24,620,Active,Display Failure,Backlight failure without screen crack.,False,False,False,No previous repairs,0,N/A,False,0,N/A,True,True,True,True,None,0,True,True,False,False,True,True,False,False,False,False,Valid Claim
CLM-1084,PRD-01084,Television,ViewOptics,TV-55OLED,SN-T-001084,SN-T-001084,Matched,2025-02-07,2025-04-23,2025-04-24,76,18,464,Active,Main Board Defect,Smart hub system failure.,False,False,False,No previous repairs,0,N/A,False,0,N/A,True,True,True,True,None,0,True,True,False,False,True,False,False,False,False,False,Valid Claim
CLM-1029,PRD-01029,Television,VisionMax,TV-55OLED,SN-T-001029,SN-T-001029,Matched,2025-01-30,2025-05-09,2025-05-18,108,18,432,Active,Display Panel Defect,Internal panel line defect.,False,False,False,One authorized repair,1,2025-04-09,False,0,N/A,True,True,True,True,None,0,True,True,False,False,True,True,True,False,False,False,Valid Claim
CLM-1161,PRD-01161,Television,ViewOptics,TV-55OLED,SN-T-001161,SN-T-001161,Matched,2025-02-14,2026-08-07,2026-09-06,569,18,0,Active,Main Board Defect,Smart hub system failure.,False,False,False,One authorized repair,1,2026-07-08,False,0,N/A,True,True,True,True,None,0,True,True,False,False,True,True,True,False,True,False,Valid Claim
CLM-1054,PRD-01054,Television,VisionMax,TV-55OLED,SN-T-001054,SN-T-001054,Matched,2025-01-16,2025-04-16,2025-04-17,91,18,449,Active,Power Supply Failure,Internal power board failure.,False,False,False,No previous repairs,0,N/A,False,0,N/A,True,True,True,True,None,0,True,True,False,False,True,True,False,False,False,False,Valid Claim
CLM-0159,PRD-00159,Smartphone,ApexPhone,SP-100,SN-S-000159,SN-S-000159,Matched,2025-03-26,2025-05-25,2025-06-05,71,12,289,Active,Charging Port Failure,Charging connector failure under normal usage.,False,False,False,No previous repairs,0,N/A,False,0,N/A,True,True,True,True,None,0,True,True,False,False,True,False,False,False,False,False,Valid Claim
CLM-0074,PRD-00074,Smartphone,ApexPhone,SP-X,SN-S-000074,SN-S-000074,Matched,2025-03-19,2025-06-17,2025-07-01,104,12,256,Active,Charging Port Failure,Charging connector failure under normal usage.,False,False,False,No previous repairs,0,N/A,False,0,N/A,True,True,True,True,None,0,True,True,False,False,True,True,False,False,False,False,Valid Claim
CLM-1142,PRD-01142,Television,VisionMax,TV-55OLED,SN-T-001142,SN-T-001142,Matched,2025-04-06,2025-06-23,2025-07-05,90,18,450,Active,Display Panel Defect,Internal panel line defect.,False,False,False,No previous repairs,0,N/A,False,0,N/A,True,True,True,True,None,0,True,True,False,False,True,True,False,False,False,False,Valid Claim
CLM-0157,PRD-00157,Smartphone,TechCorp,SP-X,SN-S-000157,SN-S-000157,Matched,2025-04-27,2025-06-04,2025-06-11,45,12,315,Active,Manufacturing Defect,Internal motherboard defect causing bootloop.,False,False,False,One authorized repair,1,2025-05-05,False,0,N/A,True,True,True,True,None,0,True,True,False,False,True,True,True,False,False,False,Valid Claim
CLM-1004,PRD-01004,Television,CineDisplay,TV-65Q,SN-T-001004,SN-T-001004,Matched,2025-05-08,2025-08-16,2025-08-24,108,18,432,Active,Main Board Defect,Smart hub system failure.,False,False,False,No previous repairs,0,N/A,False,0,N/A,True,True,True,True,None,0,True,True,False,False,True,False,False,False,False,False,Valid Claim
CLM-1049,PRD-01049,Television,ViewOptics,TV-55OLED,SN-T-001049,SN-T-001049,Matched,2025-01-16,2025-03-04,2025-03-18,61,18,479,Active,Display Panel Defect,Internal panel line defect.,False,False,False,One authorized repair,1,2025-02-02,False,0,N/A,True,True,True,True,None,0,True,True,False,False,True,True,True,False,False,False,Valid Claim
CLM-0086,PRD-00086,Smartphone,ApexPhone,SP-200,SN-S-000086,SN-S-000086,Matched,2025-03-03,2025-05-18,2025-05-20,78,12,282,Active,Battery Manufacturing Defect,Battery swelling or sudden degradation.,False,False,False,No previous repairs,0,N/A,False,0,N/A,True,True,True,True,None,0,True,True,False,False,True,False,False,False,False,False,Valid Claim
CLM-0160,PRD-00160,Smartphone,ApexPhone,SP-100,SN-S-000160,SN-S-000160,Matched,2025-01-18,2025-04-28,2025-05-09,111,12,249,Active,Screen Defect (Non-Impact),Touch failure or dead pixels with no physical drop.,False,False,False,No previous repairs,0,N/A,False,0,N/A,True,True,True,True,None,0,True,True,False,False,True,False,False,False,False,False,Valid Claim
CLM-0518,PRD-00518,Laptop,ProBook,LP-Pro,SN-L-000518,SN-L-000518,Matched,2025-01-27,2025-03-28,2025-04-03,66,24,654,Active,Motherboard Defect,Component failure on main board.,False,False,False,No previous repairs,0,N/A,False,0,N/A,True,True,True,True,None,0,True,True,False,False,True,False,False,False,False,False,Valid Claim
CLM-1083,PRD-01083,Television,ViewOptics,TV-65Q,SN-T-001083,SN-T-001083,Matched,2025-05-17,2025-07-24,2025-08-04,79,18,461,Active,Display Panel Defect,Internal panel line defect.,False,False,False,No previous repairs,0,N/A,False,0,N/A,True,True,True,True,None,0,True,True,False,False,True,False,False,False,False,False,Valid Claim
CLM-0591,PRD-00591,Laptop,OmniLap,LP-Pro,SN-L-000591,SN-L-000591,Matched,2025-03-27,2027-03-16,2027-04-30,764,24,0,Active,Factory SSD Failure,Primary storage failure.,False,False,False,No previous repairs,0,N/A,False,0,N/A,True,True,True,True,None,0,True,True,False,False,True,True,False,False,True,False,Valid Claim
CLM-1044,PRD-01044,Television,CineDisplay,TV-43U,SN-T-001044,SN-T-001044,Matched,2025-05-21,2025-08-10,2025-08-17,88,18,452,Active,Display Panel Defect,Internal panel line defect.,False,False,False,No previous repairs,0,N/A,False,0,N/A,True,True,True,True,None,0,True,True,False,False,True,True,False,False,False,False,Valid Claim
CLM-0621,PRD-00621,Laptop,ProBook,LP-900,SN-L-000621,SN-L-000621,Matched,2025-03-19,2027-03-08,2027-04-22,764,24,0,Active,Display Failure,Backlight failure without screen crack.,False,False,False,One authorized repair,1,2027-02-06,False,0,N/A,True,True,True,True,None,0,True,True,False,False,True,False,False,False,True,False,Valid Claim
CLM-1139,PRD-01139,Television,VisionMax,TV-43U,SN-T-001139,SN-T-001139,Matched,2025-03-25,2025-04-26,2025-04-30,36,18,504,Active,Display Panel Defect,Internal panel line defect.,False,False,False,No previous repairs,0,N/A,False,0,N/A,True,True,True,True,None,0,True,True,False,False,True,False,False,False,False,False,Valid Claim
CLM-1035,PRD-01035,Television,CineDisplay,TV-55OLED,SN-T-001035,SN-T-001035,Matched,2025-03-21,2025-05-05,2025-05-17,57,18,483,Active,Power Supply Failure,Internal power board failure.,False,False,False,No previous repairs,0,N/A,False,0,N/A,True,True,True,True,None,0,True,True,False,False,True,True,False,False,False,False,Valid Claim
CLM-0520,PRD-00520,Laptop,OmniLap,LP-Pro,SN-L-000520,SN-L-000520,Matched,2025-02-12,2025-04-17,2025-04-29,76,24,644,Active,Factory SSD Failure,Primary storage failure.,False,False,False,No previous repairs,0,N/A,False,0,N/A,True,True,True,True,None,0,True,True,False,False,True,True,False,False,False,False,Valid Claim
CLM-1159,PRD-01159,Television,CineDisplay,TV-43U,SN-T-001159,SN-T-001159,Matched,2025-03-27,2025-04-23,2025-05-02,36,18,504,Active,Main Board Defect,Smart hub system failure.,False,False,False,No previous repairs,0,N/A,False,0,N/A,True,True,True,True,None,0,True,True,False,False,True,False,False,False,False,False,Valid Claim
CLM-0607,PRD-00607,Laptop,UltraTech,LP-500,SN-L-000607,SN-L-000607,Matched,2025-03-10,2025-04-18,2025-05-01,52,24,668,Active,Motherboard Defect,Component failure on main board.,False,False,False,No previous repairs,0,N/A,False,0,N/A,True,True,True,True,None,0,True,True,False,False,True,True,False,False,False,False,Valid Claim
CLM-0145,PRD-00145,Smartphone,ApexPhone,SP-100,SN-S-000145,SN-S-000145,Matched,2025-03-15,2025-06-05,2025-06-07,84,12,276,Active,Charging Port Failure,Charging connector failure under normal usage.,False,False,False,One authorized repair,1,2025-05-06,False,0,N/A,True,True,True,True,None,0,True,True,False,False,True,True,True,False,False,False,Valid Claim
CLM-0072,PRD-00072,Smartphone,ApexPhone,SP-200,SN-S-000072,SN-S-000072,Matched,2025-04-15,2025-06-25,2025-07-07,83,12,277,Active,Battery Manufacturing Defect,Battery swelling or sudden degradation.,False,False,False,No previous repairs,0,N/A,False,0,N/A,True,True,True,True,None,0,True,True,False,False,True,False,False,False,False,False,Valid Claim
CLM-0067,PRD-00067,Smartphone,TechCorp,SP-X,SN-S-000067,SN-S-000067,Matched,2025-03-09,2025-04-11,2025-04-21,43,12,317,Active,Manufacturing Defect,Internal motherboard defect causing bootloop.,False,False,False,No previous repairs,0,N/A,False,0,N/A,True,True,True,True,None,0,True,True,False,False,True,False,False,False,False,False,Valid Claim
CLM-0007,PRD-00007,Smartphone,ApexPhone,SP-200,SN-S-000007,SN-S-000007,Matched,2025-01-12,2025-04-10,2025-04-12,90,12,270,Active,Charging Port Failure,Charging connector failure under normal usage.,False,False,False,No previous repairs,0,N/A,False,0,N/A,True,True,True,True,None,0,True,True,False,False,True,False,False,False,False,False,Valid Claim
CLM-0645,PRD-00645,Laptop,ProBook,LP-900,SN-L-000645,SN-L-000645,Matched,2025-02-27,2025-05-11,2025-05-24,86,24,634,Active,Display Failure,Backlight failure without screen crack.,False,False,False,One authorized repair,1,2025-04-11,False,0,N/A,True,True,True,True,None,0,True,True,False,False,True,False,False,False,False,False,Valid Claim
CLM-1038,PRD-01038,Television,CineDisplay,TV-55OLED,SN-T-001038,SN-T-001038,Matched,2025-04-04,2025-05-17,2025-05-29,55,18,485,Active,Power Supply Failure,Internal power board failure.,False,False,False,No previous repairs,0,N/A,False,0,N/A,True,True,True,True,None,0,True,True,False,False,True,False,False,False,False,False,Valid Claim
CLM-0623,PRD-00623,Laptop,UltraTech,LP-900,SN-L-000623,SN-L-000623,Matched,2025-04-17,2025-05-31,2025-06-08,52,24,668,Active,Motherboard Defect,Component failure on main board.,False,False,False,No previous repairs,0,N/A,False,0,N/A,True,True,True,True,None,0,True,True,False,False,True,True,False,False,False,False,Valid Claim
CLM-0056,PRD-00056,Smartphone,TechCorp,SP-X,SN-S-000056,SN-S-000056,Matched,2025-03-09,2025-05-24,2025-06-02,85,12,275,Active,Screen Defect (Non-Impact),Touch failure or dead pixels with no physical drop.,False,False,False,No previous repairs,0,N/A,False,0,N/A,True,True,True,True,None,0,True,True,False,False,True,False,False,False,False,False,Valid Claim
CLM-0553,PRD-00553,Laptop,ProBook,LP-500,SN-L-000553,SN-L-000553,Matched,2025-03-01,2025-05-07,2025-05-15,75,24,645,Active,Factory SSD Failure,Primary storage failure.,False,False,False,One authorized repair,1,2025-04-07,False,0,N/A,True,True,True,True,None,0,True,True,False,False,True,True,True,False,False,False,Valid Claim
CLM-1148,PRD-01148,Television,ViewOptics,TV-55OLED,SN-T-001148,SN-T-001148,Matched,2025-01-04,2025-03-19,2025-03-31,86,18,454,Active,Main Board Defect,Smart hub system failure.,False,False,False,No previous repairs,0,N/A,False,0,N/A,True,True,True,True,None,0,True,True,False,False,True,True,False,False,False,False,Valid Claim
CLM-0664,PRD-00664,Laptop,UltraTech,LP-900,SN-L-000664,SN-L-000664,Matched,2025-04-08,2025-07-07,2025-07-12,95,24,625,Active,Motherboard Defect,Component failure on main board.,False,False,False,No previous repairs,0,N/A,False,0,N/A,True,True,True,True,None,0,True,True,False,False,True,False,False,False,False,False,Valid Claim
CLM-0534,PRD-00534,Laptop,ProBook,LP-500,SN-L-000534,SN-L-000534,Matched,2025-01-23,2025-02-26,2025-03-06,42,24,678,Active,Factory SSD Failure,Primary storage failure.,False,False,False,No previous repairs,0,N/A,False,0,N/A,True,True,True,True,None,0,True,True,False,False,True,True,False,False,False,False,Valid Claim
CLM-0041,PRD-00041,Smartphone,MobileX,SP-200,SN-S-000041,SN-S-000041,Matched,2025-04-19,2026-04-13,2026-05-13,389,12,0,Active,Charging Port Failure,Charging connector failure under normal usage.,False,False,False,One authorized repair,1,2026-03-14,False,0,N/A,True,True,True,True,None,0,True,True,False,False,True,True,True,False,True,False,Valid Claim
CLM-1107,PRD-01107,Television,ViewOptics,TV-65Q,SN-T-001107,SN-T-001107,Matched,2025-03-19,2025-04-15,2025-04-26,38,18,502,Active,Power Supply Failure,Internal power board failure.,False,False,False,No previous repairs,0,N/A,False,0,N/A,True,True,True,True,None,0,True,True,False,False,True,True,False,False,False,False,Valid Claim
CLM-0138,PRD-00138,Smartphone,TechCorp,SP-200,SN-S-000138,SN-S-000138,Matched,2025-05-13,2025-07-07,2025-07-10,58,12,302,Active,Charging Port Failure,Charging connector failure under normal usage.,False,False,False,No previous repairs,0,N/A,False,0,N/A,True,True,True,True,None,0,True,True,False,False,True,False,False,False,False,False,Valid Claim
CLM-0658,PRD-00658,Laptop,UltraTech,LP-900,SN-L-000658,SN-L-000658,Matched,2025-04-27,2025-07-11,2025-07-26,90,24,630,Active,Display Failure,Backlight failure without screen crack.,False,False,False,No previous repairs,0,N/A,False,0,N/A,True,True,True,True,None,0,True,True,False,False,True,True,False,False,False,False,Valid Claim
CLM-1131,PRD-01131,Television,VisionMax,TV-43U,SN-T-001131,SN-T-001131,Matched,2025-05-16,2026-11-06,2026-12-06,569,18,0,Active,Display Panel Defect,Internal panel line defect.,False,False,False,No previous repairs,0,N/A,False,0,N/A,True,True,True,True,None,0,True,True,False,False,True,False,False,False,True,False,Valid Claim
CLM-1026,PRD-01026,Television,VisionMax,TV-65Q,SN-T-001026,SN-T-001026,Matched,2025-03-21,2025-06-22,2025-07-05,106,18,434,Active,Display Panel Defect,Internal panel line defect.,False,False,False,No previous repairs,0,N/A,False,0,N/A,True,True,True,True,None,0,True,True,False,False,True,False,False,False,False,False,Valid Claim
CLM-1130,PRD-01130,Television,CineDisplay,TV-43U,SN-T-001130,SN-T-001130,Matched,2025-03-19,2025-05-31,2025-06-01,74,18,466,Active,Power Supply Failure,Internal power board failure.,False,False,False,No previous repairs,0,N/A,False,0,N/A,True,True,True,True,None,0,True,True,False,False,True,True,False,False,False,False,Valid Claim
CLM-1125,PRD-01125,Television,ViewOptics,TV-43U,SN-T-001125,SN-T-001125,Matched,2025-05-29,2025-07-05,2025-07-07,39,18,501,Active,Display Panel Defect,Internal panel line defect.,False,False,False,One authorized repair,1,2025-06-05,False,0,N/A,True,True,True,True,None,0,True,True,False,False,True,False,False,False,False,False,Valid Claim
CLM-0082,PRD-00082,Smartphone,TechCorp,SP-100,SN-S-000082,SN-S-000082,Matched,2025-05-13,2025-06-08,2025-06-17,35,12,325,Active,Charging Port Failure,Charging connector failure under normal usage.,False,False,False,No previous repairs,0,N/A,False,0,N/A,True,True,True,True,None,0,True,True,False,False,True,True,False,False,False,False,Valid Claim
CLM-1055,PRD-01055,Television,CineDisplay,TV-65Q,SN-T-001055,SN-T-001055,Matched,2025-04-02,2025-05-28,2025-06-11,70,18,470,Active,Display Panel Defect,Internal panel line defect.,False,False,False,No previous repairs,0,N/A,False,0,N/A,True,True,True,True,None,0,True,True,False,False,True,True,False,False,False,False,Valid Claim
CLM-1067,PRD-01067,Television,VisionMax,TV-65Q,SN-T-001067,SN-T-001067,Matched,2025-05-15,2025-08-02,2025-08-11,88,18,452,Active,Power Supply Failure,Internal power board failure.,False,False,False,No previous repairs,0,N/A,False,0,N/A,True,True,True,True,None,0,True,True,False,False,True,True,False,False,False,False,Valid Claim
CLM-1093,PRD-01093,Television,CineDisplay,TV-65Q,SN-T-001093,SN-T-001093,Matched,2025-02-01,2025-03-08,2025-03-10,37,18,503,Active,Main Board Defect,Smart hub system failure.,False,False,False,One authorized repair,1,2025-02-06,False,0,N/A,True,True,True,True,None,0,True,True,False,False,True,True,True,False,False,False,Valid Claim
CLM-0632,PRD-00632,Laptop,OmniLap,LP-500,SN-L-000632,SN-L-000632,Matched,2025-02-22,2025-05-05,2025-05-14,81,24,639,Active,Display Failure,Backlight failure without screen crack.,False,False,False,No previous repairs,0,N/A,False,0,N/A,True,True,True,True,None,0,True,True,False,False,True,True,False,False,False,False,Valid Claim
CLM-0602,PRD-00602,Laptop,ProBook,LP-900,SN-L-000602,SN-L-000602,Matched,2025-01-01,2025-02-01,2025-02-06,36,24,684,Active,Factory SSD Failure,Primary storage failure.,False,False,False,No previous repairs,0,N/A,False,0,N/A,True,True,True,True,None,0,True,True,False,False,True,False,False,False,False,False,Valid Claim
CLM-0516,PRD-00516,Laptop,OmniLap,LP-500,SN-L-000516,SN-L-000516,Matched,2025-05-13,2025-06-03,2025-06-04,22,24,698,Active,Factory SSD Failure,Primary storage failure.,False,False,False,No previous repairs,0,N/A,False,0,N/A,True,True,True,True,None,0,True,True,False,False,True,False,False,False,False,False,Valid Claim
CLM-0656,PRD-00656,Laptop,ProBook,LP-Pro,SN-L-000656,SN-L-000656,Matched,2025-03-30,2025-05-05,2025-05-07,38,24,682,Active,Display Failure,Backlight failure without screen crack.,False,False,False,No previous repairs,0,N/A,False,0,N/A,True,True,True,True,None,0,True,True,False,False,True,False,False,False,False,False,Valid Claim
CLM-0524,PRD-00524,Laptop,ProBook,LP-Pro,SN-L-000524,SN-L-000524,Matched,2025-03-14,2025-05-11,2025-05-15,62,24,658,Active,Motherboard Defect,Component failure on main board.,False,False,False,No previous repairs,0,N/A,False,0,N/A,True,True,True,True,None,0,True,True,False,False,True,True,False,False,False,False,Valid Claim
CLM-0600,PRD-00600,Laptop,ProBook,LP-900,SN-L-000600,SN-L-000600,Matched,2025-05-22,2025-07-17,2025-07-22,61,24,659,Active,Display Failure,Backlight failure without screen crack.,False,False,False,No previous repairs,0,N/A,False,0,N/A,True,True,True,True,None,0,True,True,False,False,True,True,False,False,False,False,Valid Claim
CLM-1092,PRD-01092,Television,VisionMax,TV-43U,SN-T-001092,SN-T-001092,Matched,2025-01-24,2025-04-30,2025-05-11,107,18,433,Active,Display Panel Defect,Internal panel line defect.,False,False,False,No previous repairs,0,N/A,False,0,N/A,True,True,True,True,None,0,True,True,False,False,True,True,False,False,False,False,Valid Claim
CLM-1135,PRD-01135,Television,ViewOptics,TV-43U,SN-T-001135,SN-T-001135,Matched,2025-04-22,2025-06-23,2025-07-03,72,18,468,Active,Power Supply Failure,Internal power board failure.,False,False,False,No previous repairs,0,N/A,False,0,N/A,True,True,True,True,None,0,True,True,False,False,True,False,False,False,False,False,Valid Claim
CLM-1052,PRD-01052,Television,VisionMax,TV-65Q,SN-T-001052,SN-T-001052,Matched,2025-03-23,2025-06-23,2025-07-06,105,18,435,Active,Power Supply Failure,Internal power board failure.,False,False,False,No previous repairs,0,N/A,False,0,N/A,True,True,True,True,None,0,True,True,False,False,True,False,False,False,False,False,Valid Claim
CLM-0137,PRD-00137,Smartphone,TechCorp,SP-100,SN-S-000137,SN-S-000137,Matched,2025-02-28,2025-04-23,2025-05-03,64,12,296,Active,Manufacturing Defect,Internal motherboard defect causing bootloop.,False,False,False,One authorized repair,1,2025-03-24,False,0,N/A,True,True,True,True,None,0,True,True,False,False,True,True,True,False,False,False,Valid Claim
CLM-1031,PRD-01031,Television,CineDisplay,TV-55OLED,SN-T-001031,SN-T-001031,Matched,2025-05-27,2026-11-17,2026-12-17,569,18,0,Active,Display Panel Defect,Internal panel line defect.,False,False,False,No previous repairs,0,N/A,False,0,N/A,True,True,True,True,None,0,True,True,False,False,True,True,False,False,True,False,Valid Claim
CLM-0647,PRD-00647,Laptop,UltraTech,LP-500,SN-L-000647,SN-L-000647,Matched,2025-05-30,2025-08-18,2025-09-02,95,24,625,Active,Motherboard Defect,Component failure on main board.,False,False,False,No previous repairs,0,N/A,False,0,N/A,True,True,True,True,None,0,True,True,False,False,True,True,False,False,False,False,Valid Claim
CLM-0615,PRD-00615,Laptop,OmniLap,LP-900,SN-L-000615,SN-L-000615,Matched,2025-01-04,2025-02-07,2025-02-14,41,24,679,Active,Factory SSD Failure,Primary storage failure.,False,False,False,No previous repairs,0,N/A,False,0,N/A,True,True,True,True,None,0,True,True,False,False,True,True,False,False,False,False,Valid Claim
CLM-1133,PRD-01133,Television,ViewOptics,TV-43U,SN-T-001133,SN-T-001133,Matched,2025-02-19,2025-03-30,2025-04-10,50,18,490,Active,Display Panel Defect,Internal panel line defect.,False,False,False,One authorized repair,1,2025-02-28,False,0,N/A,True,True,True,True,None,0,True,True,False,False,True,False,False,False,False,False,Valid Claim
CLM-1017,PRD-01017,Television,CineDisplay,TV-65Q,SN-T-001017,SN-T-001017,Matched,2025-04-10,2025-07-15,2025-07-17,98,18,442,Active,Display Panel Defect,Internal panel line defect.,False,False,False,One authorized repair,1,2025-06-15,False,0,N/A,True,True,True,True,None,0,True,True,False,False,True,False,False,False,False,False,Valid Claim
CLM-0105,PRD-00105,Smartphone,MobileX,SP-X,SN-S-000105,SN-S-000105,Matched,2025-04-20,2025-05-18,2025-05-27,37,12,323,Active,Battery Manufacturing Defect,Battery swelling or sudden degradation.,False,False,False,One authorized repair,1,2025-04-18,False,0,N/A,True,True,True,True,None,0,True,True,False,False,True,False,False,False,False,False,Valid Claim
CLM-1111,PRD-01111,Television,ViewOptics,TV-43U,SN-T-001111,SN-T-001111,Matched,2025-04-23,2026-10-14,2026-11-13,569,18,0,Active,Main Board Defect,Smart hub system failure.,False,False,False,No previous repairs,0,N/A,False,0,N/A,True,True,True,True,None,0,True,True,False,False,True,True,False,False,True,False,Valid Claim
CLM-1012,PRD-01012,Television,ViewOptics,TV-43U,SN-T-001012,SN-T-001012,Matched,2025-02-04,2025-03-15,2025-03-26,50,18,490,Active,Power Supply Failure,Internal power board failure.,False,False,False,No previous repairs,0,N/A,False,0,N/A,True,True,True,True,None,0,True,True,False,False,True,False,False,False,False,False,Valid Claim
CLM-0666,PRD-00666,Laptop,OmniLap,LP-Pro,SN-L-000666,SN-L-000666,Matched,2025-03-11,2025-05-23,2025-06-06,87,24,633,Active,Keyboard Failure,Multiple keys non-functional.,False,False,False,No previous repairs,0,N/A,False,0,N/A,True,True,True,True,None,0,True,True,False,False,True,True,False,False,False,False,Valid Claim
CLM-1032,PRD-01032,Television,VisionMax,TV-55OLED,SN-T-001032,SN-T-001032,Matched,2025-03-28,2025-06-12,2025-06-13,77,18,463,Active,Main Board Defect,Smart hub system failure.,False,False,False,No previous repairs,0,N/A,False,0,N/A,True,True,True,True,None,0,True,True,False,False,True,True,False,False,False,False,Valid Claim
CLM-0068,PRD-00068,Smartphone,MobileX,SP-X,SN-S-000068,SN-S-000068,Matched,2025-03-22,2025-06-27,2025-07-06,106,12,254,Active,Charging Port Failure,Charging connector failure under normal usage.,False,False,False,No previous repairs,0,N/A,False,0,N/A,True,True,True,True,None,0,True,True,False,False,True,True,False,False,False,False,Valid Claim
CLM-0013,PRD-00013,Smartphone,ApexPhone,SP-X,SN-S-000013,SN-S-000013,Matched,2025-05-23,2025-07-23,2025-08-06,75,12,285,Active,Screen Defect (Non-Impact),Touch failure or dead pixels with no physical drop.,False,False,False,One authorized repair,1,2025-06-23,False,0,N/A,True,True,True,True,None,0,True,True,False,False,True,True,True,False,False,False,Valid Claim
CLM-1068,PRD-01068,Television,CineDisplay,TV-65Q,SN-T-001068,SN-T-001068,Matched,2025-01-23,2025-04-13,2025-04-24,91,18,449,Active,Display Panel Defect,Internal panel line defect.,False,False,False,No previous repairs,0,N/A,False,0,N/A,True,True,True,True,None,0,True,True,False,False,True,True,False,False,False,False,Valid Claim
CLM-1045,PRD-01045,Television,ViewOptics,TV-43U,SN-T-001045,SN-T-001045,Matched,2025-04-21,2025-07-22,2025-08-04,105,18,435,Active,Power Supply Failure,Internal power board failure.,False,False,False,One authorized repair,1,2025-06-22,False,0,N/A,True,True,True,True,None,0,True,True,False,False,True,False,False,False,False,False,Valid Claim
CLM-0109,PRD-00109,Smartphone,MobileX,SP-100,SN-S-000109,SN-S-000109,Matched,2025-01-23,2025-04-10,2025-04-14,81,12,279,Active,Battery Manufacturing Defect,Battery swelling or sudden degradation.,False,False,False,One authorized repair,1,2025-03-11,False,0,N/A,True,True,True,True,None,0,True,True,False,False,True,False,False,False,False,False,Valid Claim
CLM-0555,PRD-00555,Laptop,UltraTech,LP-Pro,SN-L-000555,SN-L-000555,Matched,2025-02-03,2025-04-01,2025-04-06,62,24,658,Active,Keyboard Failure,Multiple keys non-functional.,False,False,False,No previous repairs,0,N/A,False,0,N/A,True,True,True,True,None,0,True,True,False,False,True,False,False,False,False,False,Valid Claim
CLM-0640,PRD-00640,Laptop,OmniLap,LP-500,SN-L-000640,SN-L-000640,Matched,2025-05-08,2025-06-30,2025-07-15,68,24,652,Active,Display Failure,Backlight failure without screen crack.,False,False,False,No previous repairs,0,N/A,False,0,N/A,True,True,True,True,None,0,True,True,False,False,True,False,False,False,False,False,Valid Claim
CLM-0576,PRD-00576,Laptop,OmniLap,LP-900,SN-L-000576,SN-L-000576,Matched,2025-05-30,2025-07-09,2025-07-11,42,24,678,Active,Keyboard Failure,Multiple keys non-functional.,False,False,False,No previous repairs,0,N/A,False,0,N/A,True,True,True,True,None,0,True,True,False,False,True,True,False,False,False,False,Valid Claim
CLM-0111,PRD-00111,Smartphone,TechCorp,SP-200,SN-S-000111,SN-S-000111,Matched,2025-02-24,2026-02-18,2026-03-20,389,12,0,Active,Battery Manufacturing Defect,Battery swelling or sudden degradation.,False,False,False,No previous repairs,0,N/A,False,0,N/A,True,True,True,True,None,0,True,True,False,False,True,False,False,False,True,False,Valid Claim
CLM-1027,PRD-01027,Television,CineDisplay,TV-43U,SN-T-001027,SN-T-001027,Matched,2025-03-24,2025-05-07,2025-05-12,49,18,491,Active,Display Panel Defect,Internal panel line defect.,False,False,False,No previous repairs,0,N/A,False,0,N/A,True,True,True,True,None,0,True,True,False,False,True,False,False,False,False,False,Valid Claim
CLM-1129,PRD-01129,Television,VisionMax,TV-65Q,SN-T-001129,SN-T-001129,Matched,2025-01-10,2025-02-22,2025-03-06,55,18,485,Active,Main Board Defect,Smart hub system failure.,False,False,False,One authorized repair,1,2025-01-23,False,0,N/A,True,True,True,True,None,0,True,True,False,False,True,False,False,False,False,False,Valid Claim
CLM-0099,PRD-00099,Smartphone,TechCorp,SP-X,SN-S-000099,SN-S-000099,Matched,2025-01-18,2025-02-10,2025-02-14,27,12,333,Active,Manufacturing Defect,Internal motherboard defect causing bootloop.,False,False,False,No previous repairs,0,N/A,False,0,N/A,True,True,True,True,None,0,True,True,False,False,True,True,False,False,False,False,Valid Claim
CLM-0065,PRD-00065,Smartphone,MobileX,SP-200,SN-S-000065,SN-S-000065,Matched,2025-03-13,2025-05-07,2025-05-13,61,12,299,Active,Manufacturing Defect,Internal motherboard defect causing bootloop.,False,False,False,One authorized repair,1,2025-04-07,False,0,N/A,True,True,True,True,None,0,True,True,False,False,True,False,False,False,False,False,Valid Claim
CLM-0015,PRD-00015,Smartphone,ApexPhone,SP-X,SN-S-000015,SN-S-000015,Matched,2025-03-22,2025-06-13,2025-06-20,90,12,270,Active,Screen Defect (Non-Impact),Touch failure or dead pixels with no physical drop.,False,False,False,No previous repairs,0,N/A,False,0,N/A,True,True,True,True,None,0,True,True,False,False,True,False,False,False,False,False,Valid Claim
CLM-0029,PRD-00029,Smartphone,MobileX,SP-X,SN-S-000029,SN-S-000029,Matched,2025-04-26,2025-06-16,2025-06-20,55,12,305,Active,Manufacturing Defect,Internal motherboard defect causing bootloop.,False,False,False,One authorized repair,1,2025-05-17,False,0,N/A,True,True,True,True,None,0,True,True,False,False,True,True,True,False,False,False,Valid Claim
CLM-0094,PRD-00094,Smartphone,ApexPhone,SP-100,SN-S-000094,SN-S-000094,Matched,2025-04-30,2025-08-07,2025-08-16,108,12,252,Active,Screen Defect (Non-Impact),Touch failure or dead pixels with no physical drop.,False,False,False,No previous repairs,0,N/A,False,0,N/A,True,True,True,True,None,0,True,True,False,False,True,True,False,False,False,False,Valid Claim
CLM-1081,PRD-01081,Television,VisionMax,TV-65Q,SN-T-001081,SN-T-001081,Matched,2025-03-30,2026-09-20,2026-10-20,569,18,0,Active,Display Panel Defect,Internal panel line defect.,False,False,False,One authorized repair,1,2026-08-21,False,0,N/A,True,True,True,True,None,0,True,True,False,False,True,False,False,False,True,False,Valid Claim
CLM-0005,PRD-00005,Smartphone,TechCorp,SP-100,SN-S-000005,SN-S-000005,Matched,2025-04-19,2025-06-13,2025-06-16,58,12,302,Active,Battery Manufacturing Defect,Battery swelling or sudden degradation.,False,False,False,One authorized repair,1,2025-05-14,False,0,N/A,True,True,True,True,None,0,True,True,False,False,True,True,True,False,False,False,Valid Claim
CLM-0613,PRD-00613,Laptop,ProBook,LP-Pro,SN-L-000613,SN-L-000613,Matched,2025-02-07,2025-04-08,2025-04-23,75,24,645,Active,Display Failure,Backlight failure without screen crack.,False,False,False,One authorized repair,1,2025-03-09,False,0,N/A,True,True,True,True,None,0,True,True,False,False,True,True,True,False,False,False,Valid Claim
CLM-0106,PRD-00106,Smartphone,TechCorp,SP-200,SN-S-000106,SN-S-000106,Matched,2025-05-06,2025-07-20,2025-07-26,81,12,279,Active,Manufacturing Defect,Internal motherboard defect causing bootloop.,False,False,False,No previous repairs,0,N/A,False,0,N/A,True,True,True,True,None,0,True,True,False,False,True,False,False,False,False,False,Valid Claim
CLM-0657,PRD-00657,Laptop,OmniLap,LP-Pro,SN-L-000657,SN-L-000657,Matched,2025-03-20,2025-04-17,2025-05-01,42,24,678,Active,Keyboard Failure,Multiple keys non-functional.,False,False,False,One authorized repair,1,2025-03-18,False,0,N/A,True,True,True,True,None,0,True,True,False,False,True,True,True,False,False,False,Valid Claim
CLM-0536,PRD-00536,Laptop,OmniLap,LP-500,SN-L-000536,SN-L-000536,Matched,2025-02-11,2025-04-16,2025-04-25,73,24,647,Active,Factory SSD Failure,Primary storage failure.,False,False,False,No previous repairs,0,N/A,False,0,N/A,True,True,True,True,None,0,True,True,False,False,True,False,False,False,False,False,Valid Claim
CLM-1149,PRD-01149,Television,VisionMax,TV-55OLED,SN-T-001149,SN-T-001149,Matched,2025-04-22,2025-06-09,2025-06-24,63,18,477,Active,Main Board Defect,Smart hub system failure.,False,False,False,One authorized repair,1,2025-05-10,False,0,N/A,True,True,True,True,None,0,True,True,False,False,True,True,True,False,False,False,Valid Claim
CLM-0651,PRD-00651,Laptop,UltraTech,LP-Pro,SN-L-000651,SN-L-000651,Matched,2025-01-15,2027-01-04,2027-02-18,764,24,0,Active,Motherboard Defect,Component failure on main board.,False,False,False,No previous repairs,0,N/A,False,0,N/A,True,True,True,True,None,0,True,True,False,False,True,False,False,False,True,False,Valid Claim
CLM-1071,PRD-01071,Television,CineDisplay,TV-65Q,SN-T-001071,SN-T-001071,Matched,2025-03-26,2026-09-16,2026-10-16,569,18,0,Active,Power Supply Failure,Internal power board failure.,False,False,False,No previous repairs,0,N/A,False,0,N/A,True,True,True,True,None,0,True,True,False,False,True,False,False,False,True,False,Valid Claim
CLM-0049,PRD-00049,Smartphone,ApexPhone,SP-200,SN-S-000049,SN-S-000049,Matched,2025-02-03,2025-03-03,2025-03-18,43,12,317,Active,Battery Manufacturing Defect,Battery swelling or sudden degradation.,False,False,False,One authorized repair,1,2025-02-01,False,0,N/A,True,True,True,True,None,0,True,True,False,False,True,True,True,False,False,False,Valid Claim
CLM-0546,PRD-00546,Laptop,UltraTech,LP-500,SN-L-000546,SN-L-000546,Matched,2025-04-30,2025-06-28,2025-07-04,65,24,655,Active,Display Failure,Backlight failure without screen crack.,False,False,False,No previous repairs,0,N/A,False,0,N/A,True,True,True,True,None,0,True,True,False,False,True,True,False,False,False,False,Valid Claim
CLM-0036,PRD-00036,Smartphone,TechCorp,SP-100,SN-S-000036,SN-S-000036,Matched,2025-02-19,2025-05-18,2025-05-26,96,12,264,Active,Screen Defect (Non-Impact),Touch failure or dead pixels with no physical drop.,False,False,False,No previous repairs,0,N/A,False,0,N/A,True,True,True,True,None,0,True,True,False,False,True,True,False,False,False,False,Valid Claim
CLM-0158,PRD-00158,Smartphone,TechCorp,SP-200,SN-S-000158,SN-S-000158,Matched,2025-03-09,2025-06-16,2025-06-28,111,12,249,Active,Battery Manufacturing Defect,Battery swelling or sudden degradation.,False,False,False,No previous repairs,0,N/A,False,0,N/A,True,True,True,True,None,0,True,True,False,False,True,False,False,False,False,False,Valid Claim
CLM-0012,PRD-00012,Smartphone,ApexPhone,SP-X,SN-S-000012,SN-S-000012,Matched,2025-03-04,2025-05-22,2025-05-29,86,12,274,Active,Screen Defect (Non-Impact),Touch failure or dead pixels with no physical drop.,False,False,False,No previous repairs,0,N/A,False,0,N/A,True,True,True,True,None,0,True,True,False,False,True,False,False,False,False,False,Valid Claim
CLM-0080,PRD-00080,Smartphone,ApexPhone,SP-X,SN-S-000080,SN-S-000080,Matched,2025-04-09,2025-06-19,2025-06-23,75,12,285,Active,Charging Port Failure,Charging connector failure under normal usage.,False,False,False,No previous repairs,0,N/A,False,0,N/A,True,True,True,True,None,0,True,True,False,False,True,True,False,False,False,False,Valid Claim
CLM-0548,PRD-00548,Laptop,OmniLap,LP-Pro,SN-L-000548,SN-L-000548,Matched,2025-03-04,2025-05-10,2025-05-20,77,24,643,Active,Factory SSD Failure,Primary storage failure.,False,False,False,No previous repairs,0,N/A,False,0,N/A,True,True,True,True,None,0,True,True,False,False,True,False,False,False,False,False,Valid Claim
CLM-0128,PRD-00128,Smartphone,MobileX,SP-X,SN-S-000128,SN-S-000128,Matched,2025-01-16,2025-03-03,2025-03-14,57,12,303,Active,Manufacturing Defect,Internal motherboard defect causing bootloop.,False,False,False,No previous repairs,0,N/A,False,0,N/A,True,True,True,True,None,0,True,True,False,False,True,True,False,False,False,False,Valid Claim
CLM-0103,PRD-00103,Smartphone,MobileX,SP-X,SN-S-000103,SN-S-000103,Matched,2025-04-07,2025-05-22,2025-05-24,47,12,313,Active,Charging Port Failure,Charging connector failure under normal usage.,False,False,False,No previous repairs,0,N/A,False,0,N/A,True,True,True,True,None,0,True,True,False,False,True,True,False,False,False,False,Valid Claim
CLM-0622,PRD-00622,Laptop,UltraTech,LP-Pro,SN-L-000622,SN-L-000622,Matched,2025-01-26,2025-03-04,2025-03-09,42,24,678,Active,Keyboard Failure,Multiple keys non-functional.,False,False,False,No previous repairs,0,N/A,False,0,N/A,True,True,True,True,None,0,True,True,False,False,True,False,False,False,False,False,Valid Claim
CLM-0019,PRD-00019,Smartphone,ApexPhone,SP-200,SN-S-000019,SN-S-000019,Matched,2025-01-17,2025-03-26,2025-04-05,78,12,282,Active,Charging Port Failure,Charging connector failure under normal usage.,False,False,False,No previous repairs,0,N/A,False,0,N/A,True,True,True,True,None,0,True,True,False,False,True,False,False,False,False,False,Valid Claim
CLM-1115,PRD-01115,Television,ViewOptics,TV-43U,SN-T-001115,SN-T-001115,Matched,2025-02-24,2025-05-21,2025-05-29,94,18,446,Active,Main Board Defect,Smart hub system failure.,False,False,False,No previous repairs,0,N/A,False,0,N/A,True,True,True,True,None,0,True,True,False,False,True,True,False,False,False,False,Valid Claim
CLM-0166,PRD-00166,Smartphone,MobileX,SP-X,SN-S-000166,SN-S-000166,Matched,2025-02-06,2025-04-26,2025-05-07,90,12,270,Active,Screen Defect (Non-Impact),Touch failure or dead pixels with no physical drop.,False,False,False,No previous repairs,0,N/A,False,0,N/A,True,True,True,True,None,0,True,True,False,False,True,False,False,False,False,False,Valid Claim
CLM-1075,PRD-01075,Television,ViewOptics,TV-43U,SN-T-001075,SN-T-001075,Matched,2025-02-02,2025-03-03,2025-03-17,43,18,497,Active,Main Board Defect,Smart hub system failure.,False,False,False,No previous repairs,0,N/A,False,0,N/A,True,True,True,True,None,0,True,True,False,False,True,False,False,False,False,False,Valid Claim
CLM-0562,PRD-00562,Laptop,OmniLap,LP-500,SN-L-000562,SN-L-000562,Matched,2025-03-18,2025-04-29,2025-04-30,43,24,677,Active,Display Failure,Backlight failure without screen crack.,False,False,False,No previous repairs,0,N/A,False,0,N/A,True,True,True,True,None,0,True,True,False,False,True,False,False,False,False,False,Valid Claim
CLM-0070,PRD-00070,Smartphone,TechCorp,SP-X,SN-S-000070,SN-S-000070,Matched,2025-05-18,2025-07-23,2025-07-30,73,12,287,Active,Screen Defect (Non-Impact),Touch failure or dead pixels with no physical drop.,False,False,False,No previous repairs,0,N/A,False,0,N/A,True,True,True,True,None,0,True,True,False,False,True,True,False,False,False,False,Valid Claim
CLM-0140,PRD-00140,Smartphone,MobileX,SP-X,SN-S-000140,SN-S-000140,Matched,2025-01-27,2025-03-30,2025-04-06,69,12,291,Active,Screen Defect (Non-Impact),Touch failure or dead pixels with no physical drop.,False,False,False,No previous repairs,0,N/A,False,0,N/A,True,True,True,True,None,0,True,True,False,False,True,False,False,False,False,False,Valid Claim
CLM-1048,PRD-01048,Television,VisionMax,TV-55OLED,SN-T-001048,SN-T-001048,Matched,2025-04-14,2025-07-19,2025-07-21,98,18,442,Active,Display Panel Defect,Internal panel line defect.,False,False,False,No previous repairs,0,N/A,False,0,N/A,True,True,True,True,None,0,True,True,False,False,True,False,False,False,False,False,Valid Claim
CLM-1118,PRD-01118,Television,CineDisplay,TV-65Q,SN-T-001118,SN-T-001118,Matched,2025-02-03,2025-03-17,2025-03-28,53,18,487,Active,Display Panel Defect,Internal panel line defect.,False,False,False,No previous repairs,0,N/A,False,0,N/A,True,True,True,True,None,0,True,True,False,False,True,True,False,False,False,False,Valid Claim
CLM-1073,PRD-01073,Television,CineDisplay,TV-65Q,SN-T-001073,SN-T-001073,Matched,2025-03-08,2025-06-16,2025-06-24,108,18,432,Active,Display Panel Defect,Internal panel line defect.,False,False,False,One authorized repair,1,2025-05-17,False,0,N/A,True,True,True,True,None,0,True,True,False,False,True,True,True,False,False,False,Valid Claim
CLM-0011,PRD-00011,Smartphone,MobileX,SP-100,SN-S-000011,SN-S-000011,Matched,2025-03-10,2026-03-04,2026-04-03,389,12,0,Active,Manufacturing Defect,Internal motherboard defect causing bootloop.,False,False,False,No previous repairs,0,N/A,False,0,N/A,True,True,True,True,None,0,True,True,False,False,True,True,False,False,True,False,Valid Claim
CLM-0039,PRD-00039,Smartphone,TechCorp,SP-100,SN-S-000039,SN-S-000039,Matched,2025-02-12,2025-05-05,2025-05-13,90,12,270,Active,Charging Port Failure,Charging connector failure under normal usage.,False,False,False,No previous repairs,0,N/A,False,0,N/A,True,True,True,True,None,0,True,True,False,False,True,True,False,False,False,False,Valid Claim
CLM-1069,PRD-01069,Television,CineDisplay,TV-65Q,SN-T-001069,SN-T-001069,Matched,2025-05-19,2025-07-17,2025-07-27,69,18,471,Active,Main Board Defect,Smart hub system failure.,False,False,False,One authorized repair,1,2025-06-17,False,0,N/A,True,True,True,True,None,0,True,True,False,False,True,True,True,False,False,False,Valid Claim
CLM-1158,PRD-01158,Television,CineDisplay,TV-43U,SN-T-001158,SN-T-001158,Matched,2025-03-17,2025-05-10,2025-05-22,66,18,474,Active,Power Supply Failure,Internal power board failure.,False,False,False,No previous repairs,0,N/A,False,0,N/A,True,True,True,True,None,0,True,True,False,False,True,True,False,False,False,False,Valid Claim
CLM-1124,PRD-01124,Television,VisionMax,TV-55OLED,SN-T-001124,SN-T-001124,Matched,2025-02-13,2025-04-21,2025-04-30,76,18,464,Active,Main Board Defect,Smart hub system failure.,False,False,False,No previous repairs,0,N/A,False,0,N/A,True,True,True,True,None,0,True,True,False,False,True,True,False,False,False,False,Valid Claim
CLM-0655,PRD-00655,Laptop,OmniLap,LP-500,SN-L-000655,SN-L-000655,Matched,2025-01-05,2025-04-15,2025-04-27,112,24,608,Active,Motherboard Defect,Component failure on main board.,False,False,False,No previous repairs,0,N/A,False,0,N/A,True,True,True,True,None,0,True,True,False,False,True,True,False,False,False,False,Valid Claim
CLM-0028,PRD-00028,Smartphone,TechCorp,SP-X,SN-S-000028,SN-S-000028,Matched,2025-02-21,2025-05-03,2025-05-14,82,12,278,Active,Battery Manufacturing Defect,Battery swelling or sudden degradation.,False,False,False,No previous repairs,0,N/A,False,0,N/A,True,True,True,True,None,0,True,True,False,False,True,False,False,False,False,False,Valid Claim
CLM-0046,PRD-00046,Smartphone,ApexPhone,SP-100,SN-S-000046,SN-S-000046,Matched,2025-04-18,2025-06-10,2025-06-14,57,12,303,Active,Battery Manufacturing Defect,Battery swelling or sudden degradation.,False,False,False,No previous repairs,0,N/A,False,0,N/A,True,True,True,True,None,0,True,True,False,False,True,False,False,False,False,False,Valid Claim
CLM-0519,PRD-00519,Laptop,ProBook,LP-900,SN-L-000519,SN-L-000519,Matched,2025-02-04,2025-03-04,2025-03-13,37,24,683,Active,Keyboard Failure,Multiple keys non-functional.,False,False,False,No previous repairs,0,N/A,False,0,N/A,True,True,True,True,None,0,True,True,False,False,True,True,False,False,False,False,Valid Claim
CLM-1116,PRD-01116,Television,CineDisplay,TV-65Q,SN-T-001116,SN-T-001116,Matched,2025-03-01,2025-03-25,2025-04-06,36,18,504,Active,Display Panel Defect,Internal panel line defect.,False,False,False,No previous repairs,0,N/A,False,0,N/A,True,True,True,True,None,0,True,True,False,False,True,True,False,False,False,False,Valid Claim
CLM-0517,PRD-00517,Laptop,ProBook,LP-900,SN-L-000517,SN-L-000517,Matched,2025-02-03,2025-03-04,2025-03-08,33,24,687,Active,Factory SSD Failure,Primary storage failure.,False,False,False,One authorized repair,1,2025-02-02,False,0,N/A,True,True,True,True,None,0,True,True,False,False,True,False,False,False,False,False,Valid Claim
CLM-0108,PRD-00108,Smartphone,ApexPhone,SP-X,SN-S-000108,SN-S-000108,Matched,2025-05-04,2025-07-18,2025-08-01,89,12,271,Active,Charging Port Failure,Charging connector failure under normal usage.,False,False,False,No previous repairs,0,N/A,False,0,N/A,True,True,True,True,None,0,True,True,False,False,True,False,False,False,False,False,Valid Claim
CLM-1103,PRD-01103,Television,VisionMax,TV-65Q,SN-T-001103,SN-T-001103,Matched,2025-01-01,2025-03-11,2025-03-16,74,18,466,Active,Display Panel Defect,Internal panel line defect.,False,False,False,No previous repairs,0,N/A,False,0,N/A,True,True,True,True,None,0,True,True,False,False,True,True,False,False,False,False,Valid Claim
CLM-1056,PRD-01056,Television,VisionMax,TV-55OLED,SN-T-001056,SN-T-001056,Matched,2025-04-11,2025-06-10,2025-06-22,72,18,468,Active,Main Board Defect,Smart hub system failure.,False,False,False,No previous repairs,0,N/A,False,0,N/A,True,True,True,True,None,0,True,True,False,False,True,False,False,False,False,False,Valid Claim
CLM-1040,PRD-01040,Television,ViewOptics,TV-55OLED,SN-T-001040,SN-T-001040,Matched,2025-04-29,2025-06-24,2025-07-07,69,18,471,Active,Display Panel Defect,Internal panel line defect.,False,False,False,No previous repairs,0,N/A,False,0,N/A,True,True,True,True,None,0,True,True,False,False,True,False,False,False,False,False,Valid Claim
CLM-1099,PRD-01099,Television,CineDisplay,TV-55OLED,SN-T-001099,SN-T-001099,Matched,2025-02-15,2025-05-08,2025-05-10,84,18,456,Active,Main Board Defect,Smart hub system failure.,False,False,False,No previous repairs,0,N/A,False,0,N/A,True,True,True,True,None,0,True,True,False,False,True,True,False,False,False,False,Valid Claim
CLM-0551,PRD-00551,Laptop,OmniLap,LP-900,SN-L-000551,SN-L-000551,Matched,2025-03-20,2027-03-09,2027-04-23,764,24,0,Active,Motherboard Defect,Component failure on main board.,False,False,False,No previous repairs,0,N/A,False,0,N/A,True,True,True,True,None,0,True,True,False,False,True,True,False,False,True,False,Valid Claim
CLM-0644,PRD-00644,Laptop,ProBook,LP-Pro,SN-L-000644,SN-L-000644,Matched,2025-03-08,2025-05-09,2025-05-20,73,24,647,Active,Keyboard Failure,Multiple keys non-functional.,False,False,False,No previous repairs,0,N/A,False,0,N/A,True,True,True,True,None,0,True,True,False,False,True,True,False,False,False,False,Valid Claim
CLM-0162,PRD-00162,Smartphone,ApexPhone,SP-X,SN-S-000162,SN-S-000162,Matched,2025-01-26,2025-03-08,2025-03-20,53,12,307,Active,Charging Port Failure,Charging connector failure under normal usage.,False,False,False,No previous repairs,0,N/A,False,0,N/A,True,True,True,True,None,0,True,True,False,False,True,False,False,False,False,False,Valid Claim
CLM-1018,PRD-01018,Television,CineDisplay,TV-55OLED,SN-T-001018,SN-T-001018,Matched,2025-01-09,2025-03-22,2025-03-24,74,18,466,Active,Power Supply Failure,Internal power board failure.,False,False,False,No previous repairs,0,N/A,False,0,N/A,True,True,True,True,None,0,True,True,False,False,True,False,False,False,False,False,Valid Claim
CLM-1163,PRD-01163,Television,CineDisplay,TV-55OLED,SN-T-001163,SN-T-001163,Matched,2025-05-29,2025-07-14,2025-07-27,59,18,481,Active,Main Board Defect,Smart hub system failure.,False,False,False,No previous repairs,0,N/A,False,0,N/A,True,True,True,True,None,0,True,True,False,False,True,True,False,False,False,False,Valid Claim
CLM-0098,PRD-00098,Smartphone,MobileX,SP-100,SN-S-000098,SN-S-000098,Matched,2025-05-01,2025-07-29,2025-07-30,90,12,270,Active,Manufacturing Defect,Internal motherboard defect causing bootloop.,False,False,False,No previous repairs,0,N/A,False,0,N/A,True,True,True,True,None,0,True,True,False,False,True,False,False,False,False,False,Valid Claim
CLM-0583,PRD-00583,Laptop,UltraTech,LP-500,SN-L-000583,SN-L-000583,Matched,2025-01-06,2025-04-11,2025-04-23,107,24,613,Active,Keyboard Failure,Multiple keys non-functional.,False,False,False,No previous repairs,0,N/A,False,0,N/A,True,True,True,True,None,0,True,True,False,False,True,True,False,False,False,False,Valid Claim
CLM-1162,PRD-01162,Television,CineDisplay,TV-65Q,SN-T-001162,SN-T-001162,Matched,2025-02-22,2025-04-25,2025-04-29,66,18,474,Active,Display Panel Defect,Internal panel line defect.,False,False,False,No previous repairs,0,N/A,False,0,N/A,True,True,True,True,None,0,True,True,False,False,True,True,False,False,False,False,Valid Claim
CLM-0511,PRD-00511,Laptop,ProBook,LP-500,SN-L-000511,SN-L-000511,Matched,2025-02-10,2027-01-30,2027-03-16,764,24,0,Active,Factory SSD Failure,Primary storage failure.,False,False,False,No previous repairs,0,N/A,False,0,N/A,True,True,True,True,None,0,True,True,False,False,True,False,False,False,True,False,Valid Claim
CLM-1294,PRD-01294,Television,ViewOptics,TV-55OLED,SN-T-001294,SN-T-001294,Matched,2025-03-06,2025-02-24,2025-03-11,5,18,535,Active,Main Board Defect,Smart hub system failure.,False,False,False,No previous repairs,0,N/A,False,0,N/A,True,True,True,True,None,0,True,True,False,True,True,False,False,True,False,False,Invalid Claim
CLM-1248,PRD-01248,Television,VisionMax,TV-55OLED,SN-T-001248,SN-T-001248,Matched,2025-03-14,2025-03-04,2025-03-19,5,18,535,Active,Main Board Defect,Smart hub system failure.,False,False,False,No previous repairs,0,N/A,False,0,N/A,True,True,True,True,None,0,True,True,False,True,True,False,False,True,False,False,Invalid Claim
CLM-1257,PRD-01257,Television,ViewOptics,TV-55OLED,SN-T-001257,SN-T-001257,Matched,2025-05-29,2025-06-28,2025-07-03,35,18,505,Active,Main Board Defect,Smart hub system failure.,False,False,False,No previous repairs,0,N/A,False,0,N/A,True,True,False,False,Valid Purchase Receipt,1,True,True,False,False,True,False,False,True,False,True,Invalid Claim
CLM-0233,PRD-00233,Smartphone,TechCorp,SP-100,SN-S-000233,SN-S-000233,Matched,2025-03-07,2025-04-06,2025-04-11,35,12,325,Active,Battery Manufacturing Defect,Battery swelling or sudden degradation.,False,False,False,No previous repairs,0,N/A,False,0,N/A,True,True,False,False,Valid Purchase Receipt,1,True,True,False,False,True,False,False,True,False,True,Invalid Claim
CLM-1206,PRD-01206,Television,VisionMax,TV-65Q,SN-T-001206,SN-T-001206,Matched,2025-04-29,2025-05-29,2025-06-03,35,18,505,Active,Cracked Screen,External screen crack from impact.,False,False,True,No previous repairs,0,N/A,False,0,N/A,True,True,True,True,None,0,True,True,False,False,True,False,False,True,False,False,Invalid Claim
CLM-0796,PRD-00796,Laptop,OmniLap,LP-900,SN-L-000796,SN-L-000796,Matched,2025-05-04,2025-06-03,2025-06-08,35,24,685,Active,Physical Damage,Hinge broken or chassis damage.,True,False,False,No previous repairs,0,N/A,False,0,N/A,True,True,True,True,None,0,True,True,False,False,True,False,False,True,False,False,Invalid Claim
CLM-0746,PRD-00746,Laptop,ProBook,LP-500,SN-L-000746,SN-L-000746,Matched,2025-03-06,2027-03-17,2027-03-22,746,24,0,Expired,Keyboard Failure,Multiple keys non-functional.,False,False,False,No previous repairs,0,N/A,False,0,N/A,True,True,True,True,None,0,True,True,False,False,True,False,False,True,True,False,Invalid Claim
CLM-0287,PRD-00287,Smartphone,ApexPhone,SP-X,SN-S-000287,SN-S-000287,Matched,2025-01-05,2025-02-04,2025-02-09,35,12,325,Active,Unauthorized Repair,Device opened by third-party technician.,False,False,True,No previous repairs,0,N/A,False,0,N/A,True,True,True,True,None,0,True,True,False,False,True,False,False,True,False,False,Invalid Claim
CLM-0739,PRD-00739,Laptop,ProBook,LP-900,SN-L-000739,SN-L-000739,Matched,2025-03-07,2025-04-06,2025-04-11,35,24,685,Active,Motherboard Defect,Component failure on main board.,False,False,False,No previous repairs,0,N/A,False,0,N/A,True,True,False,False,Valid Purchase Receipt,1,True,True,False,False,True,False,False,True,False,True,Invalid Claim
CLM-0789,PRD-00789,Laptop,OmniLap,LP-500,SN-L-000789,SN-L-000789,Matched,2025-04-17,2025-05-17,2025-05-22,35,24,685,Active,Motherboard Defect,Component failure on main board.,False,False,False,No previous repairs,0,N/A,False,0,N/A,True,True,False,False,Valid Purchase Receipt,1,True,True,False,False,True,False,False,True,False,True,Invalid Claim
CLM-0278,PRD-00278,Smartphone,MobileX,SP-100,SN-S-000278,SN-S-000278,Matched,2025-02-26,2025-02-16,2025-03-03,5,12,355,Active,Battery Manufacturing Defect,Battery swelling or sudden degradation.,False,False,False,No previous repairs,0,N/A,False,0,N/A,True,True,True,True,None,0,True,True,False,True,True,False,False,True,False,False,Invalid Claim
CLM-0671,PRD-00671,Laptop,UltraTech,LP-900,SN-L-000671,SN-L-000671,Matched,2025-03-02,2027-03-02,2027-03-07,735,24,0,Expired,Motherboard Defect,Component failure on main board.,False,False,False,No previous repairs,0,N/A,False,0,N/A,True,True,True,True,None,0,True,True,False,False,True,False,False,True,True,False,Invalid Claim
CLM-0717,PRD-00717,Laptop,ProBook,LP-500,SN-L-000717,SN-L-000717,Matched,2025-01-15,2025-02-14,2025-02-19,35,24,685,Active,Liquid Damage,Liquid spill marks internal.,False,True,False,No previous repairs,0,N/A,False,0,N/A,True,True,True,True,None,0,True,True,False,False,True,False,False,True,False,False,Invalid Claim
CLM-1199,PRD-01199,Television,ViewOptics,TV-43U,SN-T-001199,SN-T-001199,Matched,2025-03-14,2025-04-13,2025-04-18,35,18,505,Active,Power Supply Failure,Internal power board failure.,False,False,False,No previous repairs,0,N/A,False,0,N/A,True,True,False,False,Valid Purchase Receipt,1,True,True,False,False,True,False,False,True,False,True,Invalid Claim
CLM-0783,PRD-00783,Laptop,OmniLap,LP-Pro,SN-L-000783,SN-L-000783,Matched,2025-05-26,2025-06-25,2025-06-30,35,24,685,Active,Liquid Damage,Liquid spill marks internal.,False,True,False,No previous repairs,0,N/A,False,0,N/A,True,True,True,True,None,0,True,True,False,False,True,False,False,True,False,False,Invalid Claim
CLM-1223,PRD-01223,Television,VisionMax,TV-43U,SN-T-001223,SN-T-001223,Matched,2025-02-05,2025-03-07,2025-03-12,35,18,505,Active,Power Supply Failure,Internal power board failure.,False,False,False,No previous repairs,0,N/A,False,0,N/A,True,True,False,False,Valid Purchase Receipt,1,True,True,False,False,True,False,False,True,False,True,Invalid Claim
CLM-1188,PRD-01188,Television,CineDisplay,TV-65Q,SN-T-001188,SN-T-001188,Matched,2025-05-10,2025-06-09,2025-06-14,35,18,505,Active,Main Board Defect,Smart hub system failure.,False,False,False,No previous repairs,0,N/A,False,0,N/A,True,True,False,False,Valid Purchase Receipt,1,True,True,False,False,True,False,False,True,False,True,Invalid Claim
CLM-0765,PRD-00765,Laptop,OmniLap,LP-900,SN-L-000765,SN-L-000765,Matched,2025-03-22,2025-03-12,2025-03-27,5,24,715,Active,Keyboard Failure,Multiple keys non-functional.,False,False,False,No previous repairs,0,N/A,False,0,N/A,True,True,True,True,None,0,True,True,False,True,True,False,False,True,False,False,Invalid Claim
CLM-0729,PRD-00729,Laptop,ProBook,LP-Pro,SN-L-000729,SN-L-000729,Matched,2025-03-07,2027-03-31,2027-04-05,759,24,0,Expired,Display Failure,Backlight failure without screen crack.,False,False,False,No previous repairs,0,N/A,False,0,N/A,True,True,True,True,None,0,True,True,False,False,True,False,False,True,True,False,Invalid Claim
CLM-1182,PRD-01182,Television,VisionMax,TV-43U,SN-T-001182,SN-T-001182,Matched,2025-03-23,2025-04-22,2025-04-27,35,18,505,Active,Electrical Surge,High voltage power surge damage.,False,False,True,No previous repairs,0,N/A,False,0,N/A,True,True,True,True,None,0,True,True,False,False,True,False,False,True,False,False,Invalid Claim
CLM-0813,PRD-00813,Laptop,ProBook,LP-900,SN-L-000813,SN-L-000813,Matched,2025-05-24,2025-05-14,2025-05-29,5,24,715,Active,Display Failure,Backlight failure without screen crack.,False,False,False,No previous repairs,0,N/A,False,0,N/A,True,True,True,True,None,0,True,True,False,True,True,False,False,True,False,False,Invalid Claim
CLM-0834,PRD-00834,Laptop,UltraTech,LP-900,SN-L-000834,SN-L-000834,Matched,2025-04-28,2027-04-30,2027-05-05,737,24,0,Expired,Factory SSD Failure,Primary storage failure.,False,False,False,No previous repairs,0,N/A,False,0,N/A,True,True,True,True,None,0,True,True,False,False,True,False,False,True,True,False,Invalid Claim
CLM-1217,PRD-01217,Television,CineDisplay,TV-43U,SN-T-001217,SN-T-001217,Matched,2025-04-02,2025-05-02,2025-05-07,35,18,505,Active,Cracked Screen,External screen crack from impact.,False,False,True,No previous repairs,0,N/A,False,0,N/A,True,True,True,True,None,0,True,True,False,False,True,False,False,True,False,False,Invalid Claim
CLM-1221,PRD-01221,Television,ViewOptics,TV-55OLED,SN-T-001221,SN-T-001221,Matched,2025-03-19,2025-04-18,2025-04-23,35,18,505,Active,Main Board Defect,Smart hub system failure.,False,False,False,No previous repairs,0,N/A,False,0,N/A,True,True,False,False,Valid Purchase Receipt,1,True,True,False,False,True,False,False,True,False,True,Invalid Claim
CLM-1175,PRD-01175,Television,CineDisplay,TV-55OLED,SN-T-001175,SN-T-001175,Matched,2025-03-25,2025-03-15,2025-03-30,5,18,535,Active,Main Board Defect,Smart hub system failure.,False,False,False,No previous repairs,0,N/A,False,0,N/A,True,True,True,True,None,0,True,True,False,True,True,False,False,True,False,False,Invalid Claim
CLM-0752,PRD-00752,Laptop,OmniLap,LP-500,SN-L-000752,SN-L-000752,Matched,2025-02-04,2025-01-25,2025-02-09,5,24,715,Active,Display Failure,Backlight failure without screen crack.,False,False,False,No previous repairs,0,N/A,False,0,N/A,True,True,True,True,None,0,True,True,False,True,True,False,False,True,False,False,Invalid Claim
CLM-0231,PRD-00231,Smartphone,TechCorp,SP-200,SN-S-000231,SN-S-000231,Matched,2025-05-05,2025-06-04,2025-06-09,35,12,325,Active,Manufacturing Defect,Internal motherboard defect causing bootloop.,False,False,False,No previous repairs,0,N/A,False,0,N/A,True,True,False,False,Valid Purchase Receipt,1,True,True,False,False,True,False,False,True,False,True,Invalid Claim
CLM-0260,PRD-00260,Smartphone,MobileX,SP-X,SN-S-000260,SN-S-000260,Matched,2025-02-08,2025-03-10,2025-03-15,35,12,325,Active,Manufacturing Defect,Internal motherboard defect causing bootloop.,False,False,False,No previous repairs,0,N/A,False,0,N/A,True,True,False,False,Valid Purchase Receipt,1,True,True,False,False,True,False,False,True,False,True,Invalid Claim
CLM-1267,PRD-01267,Television,ViewOptics,TV-65Q,SN-T-001267,SN-T-001267,Matched,2025-05-20,2026-12-13,2026-12-18,577,18,0,Expired,Display Panel Defect,Internal panel line defect.,False,False,False,No previous repairs,0,N/A,False,0,N/A,True,True,True,True,None,0,True,True,False,False,True,False,False,True,True,False,Invalid Claim
CLM-1168,PRD-01168,Television,VisionMax,TV-43U,SN-T-001168,SN-T-001168,Matched,2025-04-11,2025-05-11,2025-05-16,35,18,505,Active,Electrical Surge,High voltage power surge damage.,False,False,True,No previous repairs,0,N/A,False,0,N/A,True,True,True,True,None,0,True,True,False,False,True,False,False,True,False,False,Invalid Claim
CLM-1227,PRD-01227,Television,VisionMax,TV-43U,SN-T-001227,SN-T-001227,Matched,2025-02-03,2026-08-24,2026-08-29,572,18,0,Expired,Power Supply Failure,Internal power board failure.,False,False,False,No previous repairs,0,N/A,False,0,N/A,True,True,True,True,None,0,True,True,False,False,True,False,False,True,True,False,Invalid Claim
CLM-1286,PRD-01286,Television,CineDisplay,TV-65Q,SN-T-001286,SN-T-001286,Matched,2025-03-28,2025-04-27,2025-05-02,35,18,505,Active,Liquid Damage,Liquid intrusion.,False,True,False,No previous repairs,0,N/A,False,0,N/A,True,True,True,True,None,0,True,True,False,False,True,False,False,True,False,False,Invalid Claim
CLM-1314,PRD-01314,Television,VisionMax,TV-43U,SN-T-001314,SN-T-001314,Matched,2025-02-24,2025-03-26,2025-03-31,35,18,505,Active,Power Supply Failure,Internal power board failure.,False,False,False,No previous repairs,0,N/A,False,0,N/A,True,True,False,False,Valid Purchase Receipt,1,True,True,False,False,True,False,False,True,False,True,Invalid Claim
CLM-0749,PRD-00749,Laptop,OmniLap,LP-Pro,SN-L-000749,SN-L-000749,Matched,2025-01-12,2027-02-08,2027-02-13,762,24,0,Expired,Display Failure,Backlight failure without screen crack.,False,False,False,No previous repairs,0,N/A,False,0,N/A,True,True,True,True,None,0,True,True,False,False,True,False,False,True,True,False,Invalid Claim
CLM-0726,PRD-00726,Laptop,ProBook,LP-900,SN-L-000726,SN-L-000726,Matched,2025-04-25,2025-05-25,2025-05-30,35,24,685,Active,Unauthorized Modification,RAM/SSD force modification damage.,False,False,True,No previous repairs,0,N/A,False,0,N/A,True,True,True,True,None,0,True,True,False,False,True,False,False,True,False,False,Invalid Claim
CLM-0328,PRD-00328,Smartphone,MobileX,SP-X,SN-S-000328,SN-S-000328,Matched,2025-01-15,2026-02-03,2026-02-08,389,12,0,Expired,Screen Defect (Non-Impact),Touch failure or dead pixels with no physical drop.,False,False,False,No previous repairs,0,N/A,False,0,N/A,True,True,True,True,None,0,True,True,False,False,True,False,False,True,True,False,Invalid Claim
CLM-1276,PRD-01276,Television,ViewOptics,TV-65Q,SN-T-001276,SN-T-001276,Matched,2025-05-30,2026-12-17,2026-12-22,571,18,0,Expired,Main Board Defect,Smart hub system failure.,False,False,False,No previous repairs,0,N/A,False,0,N/A,True,True,True,True,None,0,True,True,False,False,True,False,False,True,True,False,Invalid Claim
CLM-0269,PRD-00269,Smartphone,ApexPhone,SP-200,SN-S-000269,SN-S-000269,Matched,2025-02-09,2025-03-11,2025-03-16,35,12,325,Active,Physical Damage,Cracked screen or casing from impact.,True,False,False,No previous repairs,0,N/A,False,0,N/A,True,True,True,True,None,0,True,True,False,False,True,False,False,True,False,False,Invalid Claim
CLM-0826,PRD-00826,Laptop,OmniLap,LP-500,SN-L-000826,SN-L-000826,Matched,2025-02-10,2027-03-02,2027-03-07,755,24,0,Expired,Display Failure,Backlight failure without screen crack.,False,False,False,No previous repairs,0,N/A,False,0,N/A,True,True,True,True,None,0,True,True,False,False,True,False,False,True,True,False,Invalid Claim
CLM-1315,PRD-01315,Television,ViewOptics,TV-55OLED,SN-T-001315,SN-T-001315,Matched,2025-05-31,2026-12-31,2027-01-05,584,18,0,Expired,Power Supply Failure,Internal power board failure.,False,False,False,No previous repairs,0,N/A,False,0,N/A,True,True,True,True,None,0,True,True,False,False,True,False,False,True,True,False,Invalid Claim
CLM-0318,PRD-00318,Smartphone,ApexPhone,SP-200,SN-S-000318,SN-S-000318,Matched,2025-01-23,2025-02-22,2025-02-27,35,12,325,Active,Battery Manufacturing Defect,Battery swelling or sudden degradation.,False,False,False,No previous repairs,0,N/A,False,0,N/A,True,True,False,False,Valid Purchase Receipt,1,True,True,False,False,True,False,False,True,False,True,Invalid Claim
CLM-0289,PRD-00289,Smartphone,ApexPhone,SP-200,SN-S-000289,SN-S-000289,Matched,2025-02-17,2026-02-21,2026-02-26,374,12,0,Expired,Battery Manufacturing Defect,Battery swelling or sudden degradation.,False,False,False,No previous repairs,0,N/A,False,0,N/A,True,True,True,True,None,0,True,True,False,False,True,False,False,True,True,False,Invalid Claim
CLM-0741,PRD-00741,Laptop,ProBook,LP-900,SN-L-000741,SN-L-000741,Matched,2025-02-19,2025-03-21,2025-03-26,35,24,685,Active,Motherboard Defect,Component failure on main board.,False,False,False,No previous repairs,0,N/A,False,0,N/A,True,True,False,False,Valid Purchase Receipt,1,True,True,False,False,True,False,False,True,False,True,Invalid Claim
CLM-1255,PRD-01255,Television,ViewOptics,TV-43U,SN-T-001255,SN-T-001255,Matched,2025-03-28,2025-04-27,2025-05-02,35,18,505,Active,Liquid Damage,Liquid intrusion.,False,True,False,No previous repairs,0,N/A,False,0,N/A,True,True,True,True,None,0,True,True,False,False,True,False,False,True,False,False,Invalid Claim
CLM-0816,PRD-00816,Laptop,ProBook,LP-500,SN-L-000816,SN-L-000816,Matched,2025-05-11,2025-05-01,2025-05-16,5,24,715,Active,Display Failure,Backlight failure without screen crack.,False,False,False,No previous repairs,0,N/A,False,0,N/A,True,True,True,True,None,0,True,True,False,True,True,False,False,True,False,False,Invalid Claim
CLM-0237,PRD-00237,Smartphone,MobileX,SP-100,SN-S-000237,SN-S-000237,Matched,2025-04-28,2026-05-25,2026-05-30,397,12,0,Expired,Battery Manufacturing Defect,Battery swelling or sudden degradation.,False,False,False,No previous repairs,0,N/A,False,0,N/A,True,True,True,True,None,0,True,True,False,False,True,False,False,True,True,False,Invalid Claim
CLM-0701,PRD-00701,Laptop,OmniLap,LP-Pro,SN-L-000701,SN-L-000701,Matched,2025-04-15,2027-04-22,2027-04-27,742,24,0,Expired,Display Failure,Backlight failure without screen crack.,False,False,False,No previous repairs,0,N/A,False,0,N/A,True,True,True,True,None,0,True,True,False,False,True,False,False,True,True,False,Invalid Claim
CLM-0706,PRD-00706,Laptop,ProBook,LP-Pro,SN-L-000706,SN-L-000706,Matched,2025-01-13,2025-01-03,2025-01-18,5,24,715,Active,Factory SSD Failure,Primary storage failure.,False,False,False,No previous repairs,0,N/A,False,0,N/A,True,True,True,True,None,0,True,True,False,True,True,False,False,True,False,False,Invalid Claim
CLM-0812,PRD-00812,Laptop,OmniLap,LP-900,SN-L-000812,SN-L-000812,Matched,2025-02-22,2025-02-12,2025-02-27,5,24,715,Active,Factory SSD Failure,Primary storage failure.,False,False,False,No previous repairs,0,N/A,False,0,N/A,True,True,True,True,None,0,True,True,False,True,True,False,False,True,False,False,Invalid Claim
CLM-1260,PRD-01260,Television,VisionMax,TV-55OLED,SN-T-001260,SN-T-001260,Matched,2025-05-06,2025-04-26,2025-05-11,5,18,535,Active,Display Panel Defect,Internal panel line defect.,False,False,False,No previous repairs,0,N/A,False,0,N/A,True,True,True,True,None,0,True,True,False,True,True,False,False,True,False,False,Invalid Claim
CLM-0833,PRD-00833,Laptop,OmniLap,LP-900,SN-L-000833,SN-L-000833,Matched,2025-04-07,2025-03-28,2025-04-12,5,24,715,Active,Keyboard Failure,Multiple keys non-functional.,False,False,False,No previous repairs,0,N/A,False,0,N/A,True,True,True,True,None,0,True,True,False,True,True,False,False,True,False,False,Invalid Claim
CLM-0808,PRD-00808,Laptop,ProBook,LP-Pro,SN-L-000808,SN-L-000808,Matched,2025-01-02,2024-12-23,2025-01-07,5,24,715,Active,Keyboard Failure,Multiple keys non-functional.,False,False,False,No previous repairs,0,N/A,False,0,N/A,True,True,True,True,None,0,True,True,False,True,True,False,False,True,False,False,Invalid Claim
CLM-1290,PRD-01290,Television,CineDisplay,TV-65Q,SN-T-001290,SN-T-001290,Matched,2025-01-24,2026-08-13,2026-08-18,571,18,0,Expired,Main Board Defect,Smart hub system failure.,False,False,False,No previous repairs,0,N/A,False,0,N/A,True,True,True,True,None,0,True,True,False,False,True,False,False,True,True,False,Invalid Claim
CLM-0699,PRD-00699,Laptop,UltraTech,LP-900,SN-L-000699,SN-L-000699,Matched,2025-03-16,2025-04-15,2025-04-20,35,24,685,Active,Motherboard Defect,Component failure on main board.,False,False,False,No previous repairs,0,N/A,False,0,N/A,True,True,False,False,Valid Purchase Receipt,1,True,True,False,False,True,False,False,True,False,True,Invalid Claim
CLM-1244,PRD-01244,Television,ViewOptics,TV-43U,SN-T-001244,SN-T-001244,Matched,2025-05-12,2025-06-11,2025-06-16,35,18,505,Active,Electrical Surge,High voltage power surge damage.,False,False,True,No previous repairs,0,N/A,False,0,N/A,True,True,True,True,None,0,True,True,False,False,True,False,False,True,False,False,Invalid Claim
CLM-0192,PRD-00192,Smartphone,MobileX,SP-100,SN-S-000192,SN-S-000192,Matched,2025-04-05,2025-05-05,2025-05-10,35,12,325,Active,Liquid Damage,Liquid contact indicator triggered.,False,True,False,No previous repairs,0,N/A,False,0,N/A,True,True,True,True,None,0,True,True,False,False,True,False,False,True,False,False,Invalid Claim
CLM-1282,PRD-01282,Television,ViewOptics,TV-65Q,SN-T-001282,SN-T-001282,Matched,2025-05-12,2025-05-02,2025-05-17,5,18,535,Active,Power Supply Failure,Internal power board failure.,False,False,False,No previous repairs,0,N/A,False,0,N/A,True,True,True,True,None,0,True,True,False,True,True,False,False,True,False,False,Invalid Claim
CLM-0225,PRD-00225,Smartphone,TechCorp,SP-X,SN-S-000225,SN-S-000225,Matched,2025-01-08,2026-02-01,2026-02-06,394,12,0,Expired,Screen Defect (Non-Impact),Touch failure or dead pixels with no physical drop.,False,False,False,No previous repairs,0,N/A,False,0,N/A,True,True,True,True,None,0,True,True,False,False,True,False,False,True,True,False,Invalid Claim
CLM-0270,PRD-00270,Smartphone,ApexPhone,SP-X,SN-S-000270,SN-S-000270,Matched,2025-02-12,2025-02-02,2025-02-17,5,12,355,Active,Manufacturing Defect,Internal motherboard defect causing bootloop.,False,False,False,No previous repairs,0,N/A,False,0,N/A,True,True,True,True,None,0,True,True,False,True,True,False,False,True,False,False,Invalid Claim
CLM-0230,PRD-00230,Smartphone,MobileX,SP-100,SN-S-000230,SN-S-000230,Matched,2025-05-12,2026-06-08,2026-06-13,397,12,0,Expired,Battery Manufacturing Defect,Battery swelling or sudden degradation.,False,False,False,No previous repairs,0,N/A,False,0,N/A,True,True,True,True,None,0,True,True,False,False,True,False,False,True,True,False,Invalid Claim
CLM-0772,PRD-00772,Laptop,OmniLap,LP-Pro,SN-L-000772,SN-L-000772,Matched,2025-01-08,2024-12-29,2025-01-13,5,24,715,Active,Keyboard Failure,Multiple keys non-functional.,False,False,False,No previous repairs,0,N/A,False,0,N/A,True,True,True,True,None,0,True,True,False,True,True,False,False,True,False,False,Invalid Claim
CLM-0702,PRD-00702,Laptop,ProBook,LP-500,SN-L-000702,SN-L-000702,Matched,2025-04-11,2025-05-11,2025-05-16,35,24,685,Active,Liquid Damage,Liquid spill marks internal.,False,True,False,No previous repairs,0,N/A,False,0,N/A,True,True,True,True,None,0,True,True,False,False,True,False,False,True,False,False,Invalid Claim
CLM-0682,PRD-00682,Laptop,UltraTech,LP-Pro,SN-L-000682,SN-L-000682,Matched,2025-05-04,2025-04-24,2025-05-09,5,24,715,Active,Keyboard Failure,Multiple keys non-functional.,False,False,False,No previous repairs,0,N/A,False,0,N/A,True,True,True,True,None,0,True,True,False,True,True,False,False,True,False,False,Invalid Claim
CLM-0184,PRD-00184,Smartphone,ApexPhone,SP-X,SN-S-000184,SN-S-000184,Matched,2025-03-09,2025-02-27,2025-03-14,5,12,355,Active,Battery Manufacturing Defect,Battery swelling or sudden degradation.,False,False,False,No previous repairs,0,N/A,False,0,N/A,True,True,True,True,None,0,True,True,False,True,True,False,False,True,False,False,Invalid Claim
CLM-1292,PRD-01292,Television,VisionMax,TV-55OLED,SN-T-001292,SN-T-001292,Matched,2025-01-20,2025-02-19,2025-02-24,35,18,505,Active,Main Board Defect,Smart hub system failure.,False,False,False,No previous repairs,0,N/A,False,0,N/A,True,True,False,False,Valid Purchase Receipt,1,True,True,False,False,True,False,False,True,False,True,Invalid Claim
CLM-0804,PRD-00804,Laptop,UltraTech,LP-900,SN-L-000804,SN-L-000804,Matched,2025-01-12,2025-01-02,2025-01-17,5,24,715,Active,Keyboard Failure,Multiple keys non-functional.,False,False,False,No previous repairs,0,N/A,False,0,N/A,True,True,True,True,None,0,True,True,False,True,True,False,False,True,False,False,Invalid Claim
CLM-0771,PRD-00771,Laptop,OmniLap,LP-500,SN-L-000771,SN-L-000771,Matched,2025-03-09,2027-03-05,2027-03-10,731,24,0,Expired,Motherboard Defect,Component failure on main board.,False,False,False,No previous repairs,0,N/A,False,0,N/A,True,True,True,True,None,0,True,True,False,False,True,False,False,True,True,False,Invalid Claim
CLM-1184,PRD-01184,Television,CineDisplay,TV-43U,SN-T-001184,SN-T-001184,Matched,2025-03-23,2025-04-22,2025-04-27,35,18,505,Active,Display Panel Defect,Internal panel line defect.,False,False,False,No previous repairs,0,N/A,False,0,N/A,True,True,False,False,Valid Purchase Receipt,1,True,True,False,False,True,False,False,True,False,True,Invalid Claim
CLM-0321,PRD-00321,Smartphone,TechCorp,SP-100,SN-S-000321,SN-S-000321,Matched,2025-02-05,2025-03-07,2025-03-12,35,12,325,Active,Liquid Damage,Liquid contact indicator triggered.,False,True,False,No previous repairs,0,N/A,False,0,N/A,True,True,True,True,None,0,True,True,False,False,True,False,False,True,False,False,Invalid Claim
CLM-1299,PRD-01299,Television,CineDisplay,TV-65Q,SN-T-001299,SN-T-001299,Matched,2025-03-18,2025-03-08,2025-03-23,5,18,535,Active,Power Supply Failure,Internal power board failure.,False,False,False,No previous repairs,0,N/A,False,0,N/A,True,True,True,True,None,0,True,True,False,True,True,False,False,True,False,False,Invalid Claim
CLM-0204,PRD-00204,Smartphone,MobileX,SP-X,SN-S-000204,SN-S-000204,Matched,2025-01-28,2025-01-18,2025-02-02,5,12,355,Active,Screen Defect (Non-Impact),Touch failure or dead pixels with no physical drop.,False,False,False,No previous repairs,0,N/A,False,0,N/A,True,True,True,True,None,0,True,True,False,True,True,False,False,True,False,False,Invalid Claim
CLM-0779,PRD-00779,Laptop,ProBook,LP-500,SN-L-000779,SN-L-000779,Matched,2025-05-05,2025-06-04,2025-06-09,35,24,685,Active,Physical Damage,Hinge broken or chassis damage.,True,False,False,No previous repairs,0,N/A,False,0,N/A,True,True,True,True,None,0,True,True,False,False,True,False,False,True,False,False,Invalid Claim
CLM-0177,PRD-00177,Smartphone,TechCorp,SP-X,SN-S-000177,SN-S-000177,Matched,2025-04-04,2025-05-04,2025-05-09,35,12,325,Active,Physical Damage,Cracked screen or casing from impact.,True,False,False,No previous repairs,0,N/A,False,0,N/A,True,True,True,True,None,0,True,True,False,False,True,False,False,True,False,False,Invalid Claim
CLM-0761,PRD-00761,Laptop,ProBook,LP-Pro,SN-L-000761,SN-L-000761,Matched,2025-05-29,2025-05-19,2025-06-03,5,24,715,Active,Display Failure,Backlight failure without screen crack.,False,False,False,No previous repairs,0,N/A,False,0,N/A,True,True,True,True,None,0,True,True,False,True,True,False,False,True,False,False,Invalid Claim
CLM-0751,PRD-00751,Laptop,UltraTech,LP-900,SN-L-000751,SN-L-000751,Matched,2025-01-08,2024-12-29,2025-01-13,5,24,715,Active,Keyboard Failure,Multiple keys non-functional.,False,False,False,No previous repairs,0,N/A,False,0,N/A,True,True,True,True,None,0,True,True,False,True,True,False,False,True,False,False,Invalid Claim
CLM-0298,PRD-00298,Smartphone,ApexPhone,SP-200,SN-S-000298,SN-S-000298,Matched,2025-05-20,2025-05-10,2025-05-25,5,12,355,Active,Battery Manufacturing Defect,Battery swelling or sudden degradation.,False,False,False,No previous repairs,0,N/A,False,0,N/A,True,True,True,True,None,0,True,True,False,True,True,False,False,True,False,False,Invalid Claim
CLM-1316,PRD-01316,Television,ViewOptics,TV-65Q,SN-T-001316,SN-T-001316,Matched,2025-01-29,2025-02-28,2025-03-05,35,18,505,Active,Main Board Defect,Smart hub system failure.,False,False,False,No previous repairs,0,N/A,False,0,N/A,True,True,False,False,Valid Purchase Receipt,1,True,True,False,False,True,False,False,True,False,True,Invalid Claim
CLM-1180,PRD-01180,Television,VisionMax,TV-65Q,SN-T-001180,SN-T-001180,Matched,2025-02-11,2025-03-13,2025-03-18,35,18,505,Active,Display Panel Defect,Internal panel line defect.,False,False,False,No previous repairs,0,N/A,False,0,N/A,True,True,False,False,Valid Purchase Receipt,1,True,True,False,False,True,False,False,True,False,True,Invalid Claim
CLM-0216,PRD-00216,Smartphone,MobileX,SP-100,SN-S-000216,SN-S-000216,Matched,2025-04-06,2025-05-06,2025-05-11,35,12,325,Active,Unauthorized Repair,Device opened by third-party technician.,False,False,True,No previous repairs,0,N/A,False,0,N/A,True,True,True,True,None,0,True,True,False,False,True,False,False,True,False,False,Invalid Claim
CLM-0693,PRD-00693,Laptop,UltraTech,LP-900,SN-L-000693,SN-L-000693,Matched,2025-03-22,2027-03-18,2027-03-23,731,24,0,Expired,Factory SSD Failure,Primary storage failure.,False,False,False,No previous repairs,0,N/A,False,0,N/A,True,True,True,True,None,0,True,True,False,False,True,False,False,True,True,False,Invalid Claim
CLM-1254,PRD-01254,Television,ViewOptics,TV-65Q,SN-T-001254,SN-T-001254,Matched,2025-01-27,2025-02-26,2025-03-03,35,18,505,Active,Cracked Screen,External screen crack from impact.,False,False,True,No previous repairs,0,N/A,False,0,N/A,True,True,True,True,None,0,True,True,False,False,True,False,False,True,False,False,Invalid Claim
CLM-1328,PRD-01328,Television,CineDisplay,TV-65Q,SN-T-001328,SN-T-001328,Matched,2025-03-25,2025-03-15,2025-03-30,5,18,535,Active,Main Board Defect,Smart hub system failure.,False,False,False,No previous repairs,0,N/A,False,0,N/A,True,True,True,True,None,0,True,True,False,True,True,False,False,True,False,False,Invalid Claim
CLM-1209,PRD-01209,Television,CineDisplay,TV-55OLED,SN-T-001209,SN-T-001209,Matched,2025-02-27,2026-09-04,2026-09-09,559,18,0,Expired,Display Panel Defect,Internal panel line defect.,False,False,False,No previous repairs,0,N/A,False,0,N/A,True,True,True,True,None,0,True,True,False,False,True,False,False,True,True,False,Invalid Claim
CLM-0186,PRD-00186,Smartphone,ApexPhone,SP-X,SN-S-000186,SN-S-000186,Matched,2025-03-25,2025-04-24,2025-04-29,35,12,325,Active,Unauthorized Repair,Device opened by third-party technician.,False,False,True,No previous repairs,0,N/A,False,0,N/A,True,True,True,True,None,0,True,True,False,False,True,False,False,True,False,False,Invalid Claim
CLM-0312,PRD-00312,Smartphone,MobileX,SP-200,SN-S-000312,SN-S-000312,Matched,2025-04-24,2026-05-27,2026-06-01,403,12,0,Expired,Screen Defect (Non-Impact),Touch failure or dead pixels with no physical drop.,False,False,False,No previous repairs,0,N/A,False,0,N/A,True,True,True,True,None,0,True,True,False,False,True,False,False,True,True,False,Invalid Claim
CLM-0300,PRD-00300,Smartphone,TechCorp,SP-X,SN-S-000300,SN-S-000300,Matched,2025-03-26,2025-04-25,2025-04-30,35,12,325,Active,Manufacturing Defect,Internal motherboard defect causing bootloop.,False,False,False,No previous repairs,0,N/A,False,0,N/A,True,True,False,False,Valid Purchase Receipt,1,True,True,False,False,True,False,False,True,False,True,Invalid Claim
CLM-0248,PRD-00248,Smartphone,ApexPhone,SP-200,SN-S-000248,SN-S-000248,Matched,2025-02-08,2025-01-29,2025-02-13,5,12,355,Active,Manufacturing Defect,Internal motherboard defect causing bootloop.,False,False,False,No previous repairs,0,N/A,False,0,N/A,True,True,True,True,None,0,True,True,False,True,True,False,False,True,False,False,Invalid Claim
CLM-0735,PRD-00735,Laptop,ProBook,LP-Pro,SN-L-000735,SN-L-000735,Matched,2025-03-26,2025-04-25,2025-04-30,35,24,685,Active,Display Failure,Backlight failure without screen crack.,False,False,False,No previous repairs,0,N/A,False,0,N/A,True,True,False,False,Valid Purchase Receipt,1,True,True,False,False,True,False,False,True,False,True,Invalid Claim
CLM-1233,PRD-01233,Television,VisionMax,TV-43U,SN-T-001233,SN-T-001233,Matched,2025-01-05,2024-12-26,2025-01-10,5,18,535,Active,Power Supply Failure,Internal power board failure.,False,False,False,No previous repairs,0,N/A,False,0,N/A,True,True,True,True,None,0,True,True,False,True,True,False,False,True,False,False,Invalid Claim
CLM-0825,PRD-00825,Laptop,ProBook,LP-Pro,SN-L-000825,SN-L-000825,Matched,2025-01-10,2025-02-09,2025-02-14,35,24,685,Active,Keyboard Failure,Multiple keys non-functional.,False,False,False,No previous repairs,0,N/A,False,0,N/A,True,True,False,False,Valid Purchase Receipt,1,True,True,False,False,True,False,False,True,False,True,Invalid Claim
CLM-0323,PRD-00323,Smartphone,ApexPhone,SP-100,SN-S-000323,SN-S-000323,Matched,2025-01-23,2026-02-17,2026-02-22,395,12,0,Expired,Battery Manufacturing Defect,Battery swelling or sudden degradation.,False,False,False,No previous repairs,0,N/A,False,0,N/A,True,True,True,True,None,0,True,True,False,False,True,False,False,True,True,False,Invalid Claim
CLM-0709,PRD-00709,Laptop,UltraTech,LP-Pro,SN-L-000709,SN-L-000709,Matched,2025-03-05,2025-04-04,2025-04-09,35,24,685,Active,Factory SSD Failure,Primary storage failure.,False,False,False,No previous repairs,0,N/A,False,0,N/A,True,True,False,False,Valid Purchase Receipt,1,True,True,False,False,True,False,False,True,False,True,Invalid Claim
CLM-0271,PRD-00271,Smartphone,MobileX,SP-200,SN-S-000271,SN-S-000271,Matched,2025-03-02,2025-02-20,2025-03-07,5,12,355,Active,Battery Manufacturing Defect,Battery swelling or sudden degradation.,False,False,False,No previous repairs,0,N/A,False,0,N/A,True,True,True,True,None,0,True,True,False,True,True,False,False,True,False,False,Invalid Claim
CLM-0290,PRD-00290,Smartphone,ApexPhone,SP-X,SN-S-000290,SN-S-000290,Matched,2025-05-10,2026-06-09,2026-06-14,400,12,0,Expired,Charging Port Failure,Charging connector failure under normal usage.,False,False,False,No previous repairs,0,N/A,False,0,N/A,True,True,True,True,None,0,True,True,False,False,True,False,False,True,True,False,Invalid Claim
CLM-1330,PRD-01330,Television,VisionMax,TV-43U,SN-T-001330,SN-T-001330,Matched,2025-04-13,2025-05-13,2025-05-18,35,18,505,Active,Liquid Damage,Liquid intrusion.,False,True,False,No previous repairs,0,N/A,False,0,N/A,True,True,True,True,None,0,True,True,False,False,True,False,False,True,False,False,Invalid Claim
CLM-1210,PRD-01210,Television,ViewOptics,TV-55OLED,SN-T-001210,SN-T-001210,Matched,2025-05-01,2026-11-15,2026-11-20,568,18,0,Expired,Main Board Defect,Smart hub system failure.,False,False,False,No previous repairs,0,N/A,False,0,N/A,True,True,True,True,None,0,True,True,False,False,True,False,False,True,True,False,Invalid Claim
CLM-0193,PRD-00193,Smartphone,MobileX,SP-100,SN-S-000193,SN-S-000193,Matched,2025-04-03,2026-05-07,2026-05-12,404,12,0,Expired,Battery Manufacturing Defect,Battery swelling or sudden degradation.,False,False,False,No previous repairs,0,N/A,False,0,N/A,True,True,True,True,None,0,True,True,False,False,True,False,False,True,True,False,Invalid Claim
CLM-0778,PRD-00778,Laptop,OmniLap,LP-Pro,SN-L-000778,SN-L-000778,Matched,2025-02-07,2025-01-28,2025-02-12,5,24,715,Active,Display Failure,Backlight failure without screen crack.,False,False,False,No previous repairs,0,N/A,False,0,N/A,True,True,True,True,None,0,True,True,False,True,True,False,False,True,False,False,Invalid Claim
CLM-0806,PRD-00806,Laptop,UltraTech,LP-900,SN-L-000806,SN-L-000806,Matched,2025-03-01,2027-03-30,2027-04-04,764,24,0,Expired,Display Failure,Backlight failure without screen crack.,False,False,False,No previous repairs,0,N/A,False,0,N/A,True,True,True,True,None,0,True,True,False,False,True,False,False,True,True,False,Invalid Claim
CLM-0803,PRD-00803,Laptop,UltraTech,LP-Pro,SN-L-000803,SN-L-000803,Matched,2025-02-03,2027-03-03,2027-03-08,763,24,0,Expired,Factory SSD Failure,Primary storage failure.,False,False,False,No previous repairs,0,N/A,False,0,N/A,True,True,True,True,None,0,True,True,False,False,True,False,False,True,True,False,Invalid Claim
CLM-0307,PRD-00307,Smartphone,MobileX,SP-200,SN-S-000307,SN-S-000307,Matched,2025-04-25,2026-05-22,2026-05-27,397,12,0,Expired,Battery Manufacturing Defect,Battery swelling or sudden degradation.,False,False,False,No previous repairs,0,N/A,False,0,N/A,True,True,True,True,None,0,True,True,False,False,True,False,False,True,True,False,Invalid Claim
CLM-0320,PRD-00320,Smartphone,TechCorp,SP-X,SN-S-000320,SN-S-000320,Matched,2025-02-14,2025-03-16,2025-03-21,35,12,325,Active,Screen Defect (Non-Impact),Touch failure or dead pixels with no physical drop.,False,False,False,No previous repairs,0,N/A,False,0,N/A,True,True,False,False,Valid Purchase Receipt,1,True,True,False,False,True,False,False,True,False,True,Invalid Claim
CLM-0829,PRD-00829,Laptop,OmniLap,LP-900,SN-L-000829,SN-L-000829,Matched,2025-03-30,2025-04-29,2025-05-04,35,24,685,Active,Keyboard Failure,Multiple keys non-functional.,False,False,False,No previous repairs,0,N/A,False,0,N/A,True,True,False,False,Valid Purchase Receipt,1,True,True,False,False,True,False,False,True,False,True,Invalid Claim
CLM-1261,PRD-01261,Television,CineDisplay,TV-43U,SN-T-001261,SN-T-001261,Matched,2025-01-08,2026-07-10,2026-07-15,553,18,0,Expired,Main Board Defect,Smart hub system failure.,False,False,False,No previous repairs,0,N/A,False,0,N/A,True,True,True,True,None,0,True,True,False,False,True,False,False,True,True,False,Invalid Claim
CLM-1178,PRD-01178,Television,ViewOptics,TV-43U,SN-T-001178,SN-T-001178,Matched,2025-05-04,2025-06-03,2025-06-08,35,18,505,Active,Power Supply Failure,Internal power board failure.,False,False,False,No previous repairs,0,N/A,False,0,N/A,True,True,False,False,Valid Purchase Receipt,1,True,True,False,False,True,False,False,True,False,True,Invalid Claim
CLM-1230,PRD-01230,Television,ViewOptics,TV-43U,SN-T-001230,SN-T-001230,Matched,2025-01-31,2025-03-02,2025-03-07,35,18,505,Active,Cracked Screen,External screen crack from impact.,False,False,True,No previous repairs,0,N/A,False,0,N/A,True,True,True,True,None,0,True,True,False,False,True,False,False,True,False,False,Invalid Claim
CLM-1317,PRD-01317,Television,ViewOptics,TV-55OLED,SN-T-001317,SN-T-001317,Matched,2025-03-05,2025-04-04,2025-04-09,35,18,505,Active,Display Panel Defect,Internal panel line defect.,False,False,False,No previous repairs,0,N/A,False,0,N/A,True,True,False,False,Valid Purchase Receipt,1,True,True,False,False,True,False,False,True,False,True,Invalid Claim
CLM-1253,PRD-01253,Television,CineDisplay,TV-65Q,SN-T-001253,SN-T-001253,Matched,2025-01-22,2026-08-15,2026-08-20,575,18,0,Expired,Display Panel Defect,Internal panel line defect.,False,False,False,No previous repairs,0,N/A,False,0,N/A,True,True,True,True,None,0,True,True,False,False,True,False,False,True,True,False,Invalid Claim
CLM-0800,PRD-00800,Laptop,UltraTech,LP-500,SN-L-000800,SN-L-000800,Matched,2025-01-28,2027-02-25,2027-03-02,763,24,0,Expired,Keyboard Failure,Multiple keys non-functional.,False,False,False,No previous repairs,0,N/A,False,0,N/A,True,True,True,True,None,0,True,True,False,False,True,False,False,True,True,False,Invalid Claim
CLM-1256,PRD-01256,Television,ViewOptics,TV-43U,SN-T-001256,SN-T-001256,Matched,2025-03-01,2025-02-19,2025-03-06,5,18,535,Active,Main Board Defect,Smart hub system failure.,False,False,False,No previous repairs,0,N/A,False,0,N/A,True,True,True,True,None,0,True,True,False,True,True,False,False,True,False,False,Invalid Claim
CLM-0805,PRD-00805,Laptop,UltraTech,LP-900,SN-L-000805,SN-L-000805,Matched,2025-03-31,2027-04-03,2027-04-08,738,24,0,Expired,Factory SSD Failure,Primary storage failure.,False,False,False,No previous repairs,0,N/A,False,0,N/A,True,True,True,True,None,0,True,True,False,False,True,False,False,True,True,False,Invalid Claim
CLM-0275,PRD-00275,Smartphone,TechCorp,SP-X,SN-S-000275,SN-S-000275,Matched,2025-02-05,2025-03-07,2025-03-12,35,12,325,Active,Manufacturing Defect,Internal motherboard defect causing bootloop.,False,False,False,No previous repairs,0,N/A,False,0,N/A,True,True,False,False,Valid Purchase Receipt,1,True,True,False,False,True,False,False,True,False,True,Invalid Claim
CLM-0303,PRD-00303,Smartphone,ApexPhone,SP-200,SN-S-000303,SN-S-000303,Matched,2025-01-22,2025-01-12,2025-01-27,5,12,355,Active,Manufacturing Defect,Internal motherboard defect causing bootloop.,False,False,False,No previous repairs,0,N/A,False,0,N/A,True,True,True,True,None,0,True,True,False,True,True,False,False,True,False,False,Invalid Claim
CLM-0669,PRD-00669,Laptop,UltraTech,LP-Pro,SN-L-000669,SN-L-000669,Matched,2025-04-15,2025-05-15,2025-05-20,35,24,685,Active,Keyboard Failure,Multiple keys non-functional.,False,False,False,No previous repairs,0,N/A,False,0,N/A,True,True,False,False,Valid Purchase Receipt,1,True,True,False,False,True,False,False,True,False,True,Invalid Claim
CLM-0294,PRD-00294,Smartphone,TechCorp,SP-200,SN-S-000294,SN-S-000294,Matched,2025-05-20,2025-06-19,2025-06-24,35,12,325,Active,Screen Defect (Non-Impact),Touch failure or dead pixels with no physical drop.,False,False,False,No previous repairs,0,N/A,False,0,N/A,True,True,False,False,Valid Purchase Receipt,1,True,True,False,False,True,False,False,True,False,True,Invalid Claim
CLM-0757,PRD-00757,Laptop,OmniLap,LP-Pro,SN-L-000757,SN-L-000757,Matched,2025-02-06,2025-03-08,2025-03-13,35,24,685,Active,Physical Damage,Hinge broken or chassis damage.,True,False,False,No previous repairs,0,N/A,False,0,N/A,True,True,True,True,None,0,True,True,False,False,True,False,False,True,False,False,Invalid Claim
CLM-1245,PRD-01245,Television,VisionMax,TV-55OLED,SN-T-001245,SN-T-001245,Matched,2025-02-01,2025-01-22,2025-02-06,5,18,535,Active,Display Panel Defect,Internal panel line defect.,False,False,False,No previous repairs,0,N/A,False,0,N/A,True,True,True,True,None,0,True,True,False,True,True,False,False,True,False,False,Invalid Claim
CLM-0832,PRD-00832,Laptop,UltraTech,LP-900,SN-L-000832,SN-L-000832,Matched,2025-01-30,2025-03-01,2025-03-06,35,24,685,Active,Display Failure,Backlight failure without screen crack.,False,False,False,No previous repairs,0,N/A,False,0,N/A,True,True,False,False,Valid Purchase Receipt,1,True,True,False,False,True,False,False,True,False,True,Invalid Claim
CLM-0288,PRD-00288,Smartphone,TechCorp,SP-200,SN-S-000288,SN-S-000288,Matched,2025-04-20,2026-05-05,2026-05-10,385,12,0,Expired,Battery Manufacturing Defect,Battery swelling or sudden degradation.,False,False,False,No previous repairs,0,N/A,False,0,N/A,True,True,True,True,None,0,True,True,False,False,True,False,False,True,True,False,Invalid Claim
CLM-0329,PRD-00329,Smartphone,TechCorp,SP-100,SN-S-000329,SN-S-000329,Matched,2025-03-24,2025-04-23,2025-04-28,35,12,325,Active,Liquid Damage,Liquid contact indicator triggered.,False,True,False,No previous repairs,0,N/A,False,0,N/A,True,True,True,True,None,0,True,True,False,False,True,False,False,True,False,False,Invalid Claim
CLM-0720,PRD-00720,Laptop,ProBook,LP-Pro,SN-L-000720,SN-L-000720,Matched,2025-05-24,2025-06-23,2025-06-28,35,24,685,Active,Unauthorized Modification,RAM/SSD force modification damage.,False,False,True,No previous repairs,0,N/A,False,0,N/A,True,True,True,True,None,0,True,True,False,False,True,False,False,True,False,False,Invalid Claim
CLM-0295,PRD-00295,Smartphone,ApexPhone,SP-200,SN-S-000295,SN-S-000295,Matched,2025-05-03,2025-06-02,2025-06-07,35,12,325,Active,Physical Damage,Cracked screen or casing from impact.,True,False,False,No previous repairs,0,N/A,False,0,N/A,True,True,True,True,None,0,True,True,False,False,True,False,False,True,False,False,Invalid Claim
CLM-0252,PRD-00252,Smartphone,TechCorp,SP-X,SN-S-000252,SN-S-000252,Matched,2025-01-24,2025-01-14,2025-01-29,5,12,355,Active,Charging Port Failure,Charging connector failure under normal usage.,False,False,False,No previous repairs,0,N/A,False,0,N/A,True,True,True,True,None,0,True,True,False,True,True,False,False,True,False,False,Invalid Claim
CLM-0718,PRD-00718,Laptop,ProBook,LP-900,SN-L-000718,SN-L-000718,Matched,2025-03-06,2025-04-05,2025-04-10,35,24,685,Active,Physical Damage,Hinge broken or chassis damage.,True,False,False,No previous repairs,0,N/A,False,0,N/A,True,True,True,True,None,0,True,True,False,False,True,False,False,True,False,False,Invalid Claim
CLM-0274,PRD-00274,Smartphone,MobileX,SP-200,SN-S-000274,SN-S-000274,Matched,2025-05-09,2025-04-29,2025-05-14,5,12,355,Active,Screen Defect (Non-Impact),Touch failure or dead pixels with no physical drop.,False,False,False,No previous repairs,0,N/A,False,0,N/A,True,True,True,True,None,0,True,True,False,True,True,False,False,True,False,False,Invalid Claim
CLM-0814,PRD-00814,Laptop,UltraTech,LP-Pro,SN-L-000814,SN-L-000814,Matched,2025-03-30,2025-03-20,2025-04-04,5,24,715,Active,Keyboard Failure,Multiple keys non-functional.,False,False,False,No previous repairs,0,N/A,False,0,N/A,True,True,True,True,None,0,True,True,False,True,True,False,False,True,False,False,Invalid Claim
CLM-0810,PRD-00810,Laptop,ProBook,LP-900,SN-L-000810,SN-L-000810,Matched,2025-05-30,2025-06-29,2025-07-04,35,24,685,Active,Display Failure,Backlight failure without screen crack.,False,False,False,No previous repairs,0,N/A,False,0,N/A,True,True,False,False,Valid Purchase Receipt,1,True,True,False,False,True,False,False,True,False,True,Invalid Claim
CLM-1243,PRD-01243,Television,CineDisplay,TV-43U,SN-T-001243,SN-T-001243,Matched,2025-02-16,2025-03-18,2025-03-23,35,18,505,Active,Power Supply Failure,Internal power board failure.,False,False,False,No previous repairs,0,N/A,False,0,N/A,True,True,False,False,Valid Purchase Receipt,1,True,True,False,False,True,False,False,True,False,True,Invalid Claim
CLM-0809,PRD-00809,Laptop,OmniLap,LP-900,SN-L-000809,SN-L-000809,Matched,2025-04-15,2025-05-15,2025-05-20,35,24,685,Active,Motherboard Defect,Component failure on main board.,False,False,False,No previous repairs,0,N/A,False,0,N/A,True,True,False,False,Valid Purchase Receipt,1,True,True,False,False,True,False,False,True,False,True,Invalid Claim
CLM-0168,PRD-00168,Smartphone,TechCorp,SP-200,SN-S-000168,SN-S-000168,Matched,2025-03-30,2025-04-29,2025-05-04,35,12,325,Active,Charging Port Failure,Charging connector failure under normal usage.,False,False,False,No previous repairs,0,N/A,False,0,N/A,True,True,False,False,Valid Purchase Receipt,1,True,True,False,False,True,False,False,True,False,True,Invalid Claim
CLM-1259,PRD-01259,Television,CineDisplay,TV-55OLED,SN-T-001259,SN-T-001259,Matched,2025-02-07,2025-01-28,2025-02-12,5,18,535,Active,Display Panel Defect,Internal panel line defect.,False,False,False,No previous repairs,0,N/A,False,0,N/A,True,True,True,True,None,0,True,True,False,True,True,False,False,True,False,False,Invalid Claim
CLM-1192,PRD-01192,Television,VisionMax,TV-55OLED,SN-T-001192,SN-T-001192,Matched,2025-01-07,2024-12-28,2025-01-12,5,18,535,Active,Main Board Defect,Smart hub system failure.,False,False,False,No previous repairs,0,N/A,False,0,N/A,True,True,True,True,None,0,True,True,False,True,True,False,False,True,False,False,Invalid Claim
CLM-0277,PRD-00277,Smartphone,TechCorp,SP-100,SN-S-000277,SN-S-000277,Matched,2025-03-11,2025-03-01,2025-03-16,5,12,355,Active,Screen Defect (Non-Impact),Touch failure or dead pixels with no physical drop.,False,False,False,No previous repairs,0,N/A,False,0,N/A,True,True,True,True,None,0,True,True,False,True,True,False,False,True,False,False,Invalid Claim
CLM-0247,PRD-00247,Smartphone,MobileX,SP-200,SN-S-000247,SN-S-000247,Matched,2025-05-25,2025-05-15,2025-05-30,5,12,355,Active,Battery Manufacturing Defect,Battery swelling or sudden degradation.,False,False,False,No previous repairs,0,N/A,False,0,N/A,True,True,True,True,None,0,True,True,False,True,True,False,False,True,False,False,Invalid Claim
CLM-0748,PRD-00748,Laptop,UltraTech,LP-500,SN-L-000748,SN-L-000748,Matched,2025-04-10,2027-04-09,2027-04-14,734,24,0,Expired,Motherboard Defect,Component failure on main board.,False,False,False,No previous repairs,0,N/A,False,0,N/A,True,True,True,True,None,0,True,True,False,False,True,False,False,True,True,False,Invalid Claim
CLM-0229,PRD-00229,Smartphone,ApexPhone,SP-200,SN-S-000229,SN-S-000229,Matched,2025-05-05,2025-04-25,2025-05-10,5,12,355,Active,Charging Port Failure,Charging connector failure under normal usage.,False,False,False,No previous repairs,0,N/A,False,0,N/A,True,True,True,True,None,0,True,True,False,True,True,False,False,True,False,False,Invalid Claim
CLM-0240,PRD-00240,Smartphone,MobileX,SP-X,SN-S-000240,SN-S-000240,Matched,2025-04-03,2026-04-09,2026-04-14,376,12,0,Expired,Charging Port Failure,Charging connector failure under normal usage.,False,False,False,No previous repairs,0,N/A,False,0,N/A,True,True,True,True,None,0,True,True,False,False,True,False,False,True,True,False,Invalid Claim
CLM-0819,PRD-00819,Laptop,OmniLap,LP-900,SN-L-000819,SN-L-000819,Matched,2025-01-23,2027-02-01,2027-02-06,744,24,0,Expired,Display Failure,Backlight failure without screen crack.,False,False,False,No previous repairs,0,N/A,False,0,N/A,True,True,True,True,None,0,True,True,False,False,True,False,False,True,True,False,Invalid Claim
CLM-1250,PRD-01250,Television,ViewOptics,TV-55OLED,SN-T-001250,SN-T-001250,Matched,2025-04-20,2025-05-20,2025-05-25,35,18,505,Active,Cracked Screen,External screen crack from impact.,False,False,True,No previous repairs,0,N/A,False,0,N/A,True,True,True,True,None,0,True,True,False,False,True,False,False,True,False,False,Invalid Claim
CLM-1296,PRD-01296,Television,ViewOptics,TV-43U,SN-T-001296,SN-T-001296,Matched,2025-04-30,2025-05-30,2025-06-04,35,18,505,Active,Main Board Defect,Smart hub system failure.,False,False,False,No previous repairs,0,N/A,False,0,N/A,True,True,False,False,Valid Purchase Receipt,1,True,True,False,False,True,False,False,True,False,True,Invalid Claim
CLM-0802,PRD-00802,Laptop,ProBook,LP-500,SN-L-000802,SN-L-000802,Matched,2025-05-02,2027-05-02,2027-05-07,735,24,0,Expired,Motherboard Defect,Component failure on main board.,False,False,False,No previous repairs,0,N/A,False,0,N/A,True,True,True,True,None,0,True,True,False,False,True,False,False,True,True,False,Invalid Claim
CLM-0179,PRD-00179,Smartphone,TechCorp,SP-X,SN-S-000179,SN-S-000179,Matched,2025-04-04,2025-05-04,2025-05-09,35,12,325,Active,Screen Defect (Non-Impact),Touch failure or dead pixels with no physical drop.,False,False,False,No previous repairs,0,N/A,False,0,N/A,True,True,False,False,Valid Purchase Receipt,1,True,True,False,False,True,False,False,True,False,True,Invalid Claim
CLM-0724,PRD-00724,Laptop,ProBook,LP-Pro,SN-L-000724,SN-L-000724,Matched,2025-04-24,2025-05-24,2025-05-29,35,24,685,Active,Unauthorized Modification,RAM/SSD force modification damage.,False,False,True,No previous repairs,0,N/A,False,0,N/A,True,True,True,True,None,0,True,True,False,False,True,False,False,True,False,False,Invalid Claim
CLM-0325,PRD-00325,Smartphone,ApexPhone,SP-100,SN-S-000325,SN-S-000325,Matched,2025-02-02,2025-03-04,2025-03-09,35,12,325,Active,Manufacturing Defect,Internal motherboard defect causing bootloop.,False,False,False,No previous repairs,0,N/A,False,0,N/A,True,True,False,False,Valid Purchase Receipt,1,True,True,False,False,True,False,False,True,False,True,Invalid Claim
CLM-0327,PRD-00327,Smartphone,ApexPhone,SP-X,SN-S-000327,SN-S-000327,Matched,2025-05-31,2025-06-30,2025-07-05,35,12,325,Active,Physical Damage,Cracked screen or casing from impact.,True,False,False,No previous repairs,0,N/A,False,0,N/A,True,True,True,True,None,0,True,True,False,False,True,False,False,True,False,False,Invalid Claim
CLM-0212,PRD-00212,Smartphone,MobileX,SP-100,SN-S-000212,SN-S-000212,Matched,2025-04-16,2025-05-16,2025-05-21,35,12,325,Active,Charging Port Failure,Charging connector failure under normal usage.,False,False,False,No previous repairs,0,N/A,False,0,N/A,True,True,False,False,Valid Purchase Receipt,1,True,True,False,False,True,False,False,True,False,True,Invalid Claim
CLM-0750,PRD-00750,Laptop,ProBook,LP-900,SN-L-000750,SN-L-000750,Matched,2025-03-19,2027-04-11,2027-04-16,758,24,0,Expired,Display Failure,Backlight failure without screen crack.,False,False,False,No previous repairs,0,N/A,False,0,N/A,True,True,True,True,None,0,True,True,False,False,True,False,False,True,True,False,Invalid Claim
CLM-1246,PRD-01246,Television,CineDisplay,TV-43U,SN-T-001246,SN-T-001246,Matched,2025-05-07,2025-06-06,2025-06-11,35,18,505,Active,Main Board Defect,Smart hub system failure.,False,False,False,No previous repairs,0,N/A,False,0,N/A,True,True,False,False,Valid Purchase Receipt,1,True,True,False,False,True,False,False,True,False,True,Invalid Claim
CLM-0232,PRD-00232,Smartphone,TechCorp,SP-200,SN-S-000232,SN-S-000232,Matched,2025-01-15,2026-02-03,2026-02-08,389,12,0,Expired,Screen Defect (Non-Impact),Touch failure or dead pixels with no physical drop.,False,False,False,No previous repairs,0,N/A,False,0,N/A,True,True,True,True,None,0,True,True,False,False,True,False,False,True,True,False,Invalid Claim
CLM-0189,PRD-00189,Smartphone,TechCorp,SP-100,SN-S-000189,SN-S-000189,Matched,2025-03-02,2025-04-01,2025-04-06,35,12,325,Active,Liquid Damage,Liquid contact indicator triggered.,False,True,False,No previous repairs,0,N/A,False,0,N/A,True,True,True,True,None,0,True,True,False,False,True,False,False,True,False,False,Invalid Claim
CLM-0776,PRD-00776,Laptop,OmniLap,LP-500,SN-L-000776,SN-L-000776,Matched,2025-03-03,2025-04-02,2025-04-07,35,24,685,Active,Unauthorized Modification,RAM/SSD force modification damage.,False,False,True,No previous repairs,0,N/A,False,0,N/A,True,True,True,True,None,0,True,True,False,False,True,False,False,True,False,False,Invalid Claim
CLM-1177,PRD-01177,Television,ViewOptics,TV-65Q,SN-T-001177,SN-T-001177,Matched,2025-02-03,2025-03-05,2025-03-10,35,18,505,Active,Display Panel Defect,Internal panel line defect.,False,False,False,No previous repairs,0,N/A,False,0,N/A,True,True,False,False,Valid Purchase Receipt,1,True,True,False,False,True,False,False,True,False,True,Invalid Claim
CLM-0272,PRD-00272,Smartphone,ApexPhone,SP-200,SN-S-000272,SN-S-000272,Matched,2025-03-01,2025-03-31,2025-04-05,35,12,325,Active,Liquid Damage,Liquid contact indicator triggered.,False,True,False,No previous repairs,0,N/A,False,0,N/A,True,True,True,True,None,0,True,True,False,False,True,False,False,True,False,False,Invalid Claim
CLM-0821,PRD-00821,Laptop,OmniLap,LP-Pro,SN-L-000821,SN-L-000821,Matched,2025-05-14,2025-06-13,2025-06-18,35,24,685,Active,Motherboard Defect,Component failure on main board.,False,False,False,No previous repairs,0,N/A,False,0,N/A,True,True,False,False,Valid Purchase Receipt,1,True,True,False,False,True,False,False,True,False,True,Invalid Claim
CLM-0747,PRD-00747,Laptop,UltraTech,LP-900,SN-L-000747,SN-L-000747,Matched,2025-04-26,2025-04-16,2025-05-01,5,24,715,Active,Factory SSD Failure,Primary storage failure.,False,False,False,No previous repairs,0,N/A,False,0,N/A,True,True,True,True,None,0,True,True,False,True,True,False,False,True,False,False,Invalid Claim
CLM-1279,PRD-01279,Television,VisionMax,TV-65Q,SN-T-001279,SN-T-001279,Matched,2025-03-21,2026-09-21,2026-09-26,554,18,0,Expired,Main Board Defect,Smart hub system failure.,False,False,False,No previous repairs,0,N/A,False,0,N/A,True,True,True,True,None,0,True,True,False,False,True,False,False,True,True,False,Invalid Claim
CLM-0234,PRD-00234,Smartphone,TechCorp,SP-100,SN-S-000234,SN-S-000234,Matched,2025-05-08,2025-04-28,2025-05-13,5,12,355,Active,Screen Defect (Non-Impact),Touch failure or dead pixels with no physical drop.,False,False,False,No previous repairs,0,N/A,False,0,N/A,True,True,True,True,None,0,True,True,False,True,True,False,False,True,False,False,Invalid Claim
CLM-1218,PRD-01218,Television,ViewOptics,TV-55OLED,SN-T-001218,SN-T-001218,Matched,2025-04-18,2025-05-18,2025-05-23,35,18,505,Active,Display Panel Defect,Internal panel line defect.,False,False,False,No previous repairs,0,N/A,False,0,N/A,True,True,False,False,Valid Purchase Receipt,1,True,True,False,False,True,False,False,True,False,True,Invalid Claim
CLM-1205,PRD-01205,Television,VisionMax,TV-43U,SN-T-001205,SN-T-001205,Matched,2025-04-15,2025-05-15,2025-05-20,35,18,505,Active,Power Supply Failure,Internal power board failure.,False,False,False,No previous repairs,0,N/A,False,0,N/A,True,True,False,False,Valid Purchase Receipt,1,True,True,False,False,True,False,False,True,False,True,Invalid Claim
CLM-0313,PRD-00313,Smartphone,MobileX,SP-200,SN-S-000313,SN-S-000313,Matched,2025-03-22,2025-04-21,2025-04-26,35,12,325,Active,Screen Defect (Non-Impact),Touch failure or dead pixels with no physical drop.,False,False,False,No previous repairs,0,N/A,False,0,N/A,True,True,False,False,Valid Purchase Receipt,1,True,True,False,False,True,False,False,True,False,True,Invalid Claim
CLM-1242,PRD-01242,Television,CineDisplay,TV-55OLED,SN-T-001242,SN-T-001242,Matched,2025-04-04,2025-05-04,2025-05-09,35,18,505,Active,Electrical Surge,High voltage power surge damage.,False,False,True,No previous repairs,0,N/A,False,0,N/A,True,True,True,True,None,0,True,True,False,False,True,False,False,True,False,False,Invalid Claim
CLM-0185,PRD-00185,Smartphone,TechCorp,SP-X,SN-S-000185,SN-S-000185,Matched,2025-03-01,2025-02-19,2025-03-06,5,12,355,Active,Manufacturing Defect,Internal motherboard defect causing bootloop.,False,False,False,No previous repairs,0,N/A,False,0,N/A,True,True,True,True,None,0,True,True,False,True,True,False,False,True,False,False,Invalid Claim
CLM-0807,PRD-00807,Laptop,UltraTech,LP-900,SN-L-000807,SN-L-000807,Matched,2025-02-18,2027-03-18,2027-03-23,763,24,0,Expired,Motherboard Defect,Component failure on main board.,False,False,False,No previous repairs,0,N/A,False,0,N/A,True,True,True,True,None,0,True,True,False,False,True,False,False,True,True,False,Invalid Claim
CLM-0190,PRD-00190,Smartphone,MobileX,SP-200,SN-S-000190,SN-S-000190,Matched,2025-05-19,2025-05-09,2025-05-24,5,12,355,Active,Screen Defect (Non-Impact),Touch failure or dead pixels with no physical drop.,False,False,False,No previous repairs,0,N/A,False,0,N/A,True,True,True,True,None,0,True,True,False,True,True,False,False,True,False,False,Invalid Claim
CLM-0220,PRD-00220,Smartphone,ApexPhone,SP-200,SN-S-000220,SN-S-000220,Matched,2025-02-27,2026-04-03,2026-04-08,405,12,0,Expired,Battery Manufacturing Defect,Battery swelling or sudden degradation.,False,False,False,No previous repairs,0,N/A,False,0,N/A,True,True,True,True,None,0,True,True,False,False,True,False,False,True,True,False,Invalid Claim
CLM-1216,PRD-01216,Television,CineDisplay,TV-43U,SN-T-001216,SN-T-001216,Matched,2025-02-07,2025-03-09,2025-03-14,35,18,505,Active,Power Supply Failure,Internal power board failure.,False,False,False,No previous repairs,0,N/A,False,0,N/A,True,True,False,False,Valid Purchase Receipt,1,True,True,False,False,True,False,False,True,False,True,Invalid Claim
CLM-0217,PRD-00217,Smartphone,TechCorp,SP-X,SN-S-000217,SN-S-000217,Matched,2025-05-24,2025-06-23,2025-06-28,35,12,325,Active,Manufacturing Defect,Internal motherboard defect causing bootloop.,False,False,False,No previous repairs,0,N/A,False,0,N/A,True,True,False,False,Valid Purchase Receipt,1,True,True,False,False,True,False,False,True,False,True,Invalid Claim
CLM-1291,PRD-01291,Television,ViewOptics,TV-43U,SN-T-001291,SN-T-001291,Matched,2025-05-26,2025-05-16,2025-05-31,5,18,535,Active,Power Supply Failure,Internal power board failure.,False,False,False,No previous repairs,0,N/A,False,0,N/A,True,True,True,True,None,0,True,True,False,True,True,False,False,True,False,False,Invalid Claim
CLM-0273,PRD-00273,Smartphone,MobileX,SP-100,SN-S-000273,SN-S-000273,Matched,2025-04-05,2025-03-26,2025-04-10,5,12,355,Active,Charging Port Failure,Charging connector failure under normal usage.,False,False,False,No previous repairs,0,N/A,False,0,N/A,True,True,True,True,None,0,True,True,False,True,True,False,False,True,False,False,Invalid Claim
CLM-0241,PRD-00241,Smartphone,TechCorp,SP-200,SN-S-000241,SN-S-000241,Matched,2025-05-31,2025-05-21,2025-06-05,5,12,355,Active,Manufacturing Defect,Internal motherboard defect causing bootloop.,False,False,False,No previous repairs,0,N/A,False,0,N/A,True,True,True,True,None,0,True,True,False,True,True,False,False,True,False,False,Invalid Claim
CLM-1320,PRD-01320,Television,ViewOptics,TV-65Q,SN-T-001320,SN-T-001320,Matched,2025-04-09,2025-05-09,2025-05-14,35,18,505,Active,Main Board Defect,Smart hub system failure.,False,False,False,No previous repairs,0,N/A,False,0,N/A,True,True,False,False,Valid Purchase Receipt,1,True,True,False,False,True,False,False,True,False,True,Invalid Claim
CLM-0284,PRD-00284,Smartphone,MobileX,SP-100,SN-S-000284,SN-S-000284,Matched,2025-02-08,2025-01-29,2025-02-13,5,12,355,Active,Manufacturing Defect,Internal motherboard defect causing bootloop.,False,False,False,No previous repairs,0,N/A,False,0,N/A,True,True,True,True,None,0,True,True,False,True,True,False,False,True,False,False,Invalid Claim
CLM-1187,PRD-01187,Television,VisionMax,TV-55OLED,SN-T-001187,SN-T-001187,Matched,2025-03-23,2025-04-22,2025-04-27,35,18,505,Active,Cracked Screen,External screen crack from impact.,False,False,True,No previous repairs,0,N/A,False,0,N/A,True,True,True,True,None,0,True,True,False,False,True,False,False,True,False,False,Invalid Claim
CLM-0301,PRD-00301,Smartphone,MobileX,SP-200,SN-S-000301,SN-S-000301,Matched,2025-04-13,2025-04-03,2025-04-18,5,12,355,Active,Charging Port Failure,Charging connector failure under normal usage.,False,False,False,No previous repairs,0,N/A,False,0,N/A,True,True,True,True,None,0,True,True,False,True,True,False,False,True,False,False,Invalid Claim
CLM-0680,PRD-00680,Laptop,UltraTech,LP-900,SN-L-000680,SN-L-000680,Matched,2025-05-03,2025-04-23,2025-05-08,5,24,715,Active,Keyboard Failure,Multiple keys non-functional.,False,False,False,No previous repairs,0,N/A,False,0,N/A,True,True,True,True,None,0,True,True,False,True,True,False,False,True,False,False,Invalid Claim
CLM-0171,PRD-00171,Smartphone,ApexPhone,SP-200,SN-S-000171,SN-S-000171,Matched,2025-05-28,2025-06-27,2025-07-02,35,12,325,Active,Battery Manufacturing Defect,Battery swelling or sudden degradation.,False,False,False,No previous repairs,0,N/A,False,0,N/A,True,True,False,False,Valid Purchase Receipt,1,True,True,False,False,True,False,False,True,False,True,Invalid Claim
CLM-0824,PRD-00824,Laptop,ProBook,LP-Pro,SN-L-000824,SN-L-000824,Matched,2025-05-11,2025-06-10,2025-06-15,35,24,685,Active,Unauthorized Modification,RAM/SSD force modification damage.,False,False,True,No previous repairs,0,N/A,False,0,N/A,True,True,True,True,None,0,True,True,False,False,True,False,False,True,False,False,Invalid Claim
CLM-0266,PRD-00266,Smartphone,TechCorp,SP-200,SN-S-000266,SN-S-000266,Matched,2025-05-05,2025-06-04,2025-06-09,35,12,325,Active,Physical Damage,Cracked screen or casing from impact.,True,False,False,No previous repairs,0,N/A,False,0,N/A,True,True,True,True,None,0,True,True,False,False,True,False,False,True,False,False,Invalid Claim
CLM-0719,PRD-00719,Laptop,OmniLap,LP-900,SN-L-000719,SN-L-000719,Matched,2025-02-22,2027-03-17,2027-03-22,758,24,0,Expired,Display Failure,Backlight failure without screen crack.,False,False,False,No previous repairs,0,N/A,False,0,N/A,True,True,True,True,None,0,True,True,False,False,True,False,False,True,True,False,Invalid Claim
CLM-1308,PRD-01308,Television,VisionMax,TV-43U,SN-T-001308,SN-T-001308,Matched,2025-03-22,2025-04-21,2025-04-26,35,18,505,Active,Display Panel Defect,Internal panel line defect.,False,False,False,No previous repairs,0,N/A,False,0,N/A,True,True,False,False,Valid Purchase Receipt,1,True,True,False,False,True,False,False,True,False,True,Invalid Claim
CLM-0206,PRD-00206,Smartphone,ApexPhone,SP-100,SN-S-000206,SN-S-000206,Matched,2025-01-16,2025-01-06,2025-01-21,5,12,355,Active,Charging Port Failure,Charging connector failure under normal usage.,False,False,False,No previous repairs,0,N/A,False,0,N/A,True,True,True,True,None,0,True,True,False,True,True,False,False,True,False,False,Invalid Claim
CLM-0745,PRD-00745,Laptop,UltraTech,LP-Pro,SN-L-000745,SN-L-000745,Matched,2025-03-26,2027-03-25,2027-03-30,734,24,0,Expired,Motherboard Defect,Component failure on main board.,False,False,False,No previous repairs,0,N/A,False,0,N/A,True,True,True,True,None,0,True,True,False,False,True,False,False,True,True,False,Invalid Claim
CLM-1270,PRD-01270,Television,CineDisplay,TV-55OLED,SN-T-001270,SN-T-001270,Matched,2025-02-12,2025-02-02,2025-02-17,5,18,535,Active,Power Supply Failure,Internal power board failure.,False,False,False,No previous repairs,0,N/A,False,0,N/A,True,True,True,True,None,0,True,True,False,True,True,False,False,True,False,False,Invalid Claim
CLM-0691,PRD-00691,Laptop,OmniLap,LP-900,SN-L-000691,SN-L-000691,Matched,2025-04-14,2025-05-14,2025-05-19,35,24,685,Active,Physical Damage,Hinge broken or chassis damage.,True,False,False,No previous repairs,0,N/A,False,0,N/A,True,True,True,True,None,0,True,True,False,False,True,False,False,True,False,False,Invalid Claim
CLM-0737,PRD-00737,Laptop,ProBook,LP-Pro,SN-L-000737,SN-L-000737,Matched,2025-03-30,2025-03-20,2025-04-04,5,24,715,Active,Keyboard Failure,Multiple keys non-functional.,False,False,False,No previous repairs,0,N/A,False,0,N/A,True,True,True,True,None,0,True,True,False,True,True,False,False,True,False,False,Invalid Claim
CLM-0725,PRD-00725,Laptop,OmniLap,LP-Pro,SN-L-000725,SN-L-000725,Matched,2025-04-05,2025-05-05,2025-05-10,35,24,685,Active,Unauthorized Modification,RAM/SSD force modification damage.,False,False,True,No previous repairs,0,N/A,False,0,N/A,True,True,True,True,None,0,True,True,False,False,True,False,False,True,False,False,Invalid Claim
CLM-1176,PRD-01176,Television,CineDisplay,TV-65Q,SN-T-001176,SN-T-001176,Matched,2025-05-16,2025-05-06,2025-05-21,5,18,535,Active,Power Supply Failure,Internal power board failure.,False,False,False,No previous repairs,0,N/A,False,0,N/A,True,True,True,True,None,0,True,True,False,True,True,False,False,True,False,False,Invalid Claim
CLM-1231,PRD-01231,Television,CineDisplay,TV-43U,SN-T-001231,SN-T-001231,Matched,2025-02-28,2025-03-30,2025-04-04,35,18,505,Active,Display Panel Defect,Internal panel line defect.,False,False,False,No previous repairs,0,N/A,False,0,N/A,True,True,False,False,Valid Purchase Receipt,1,True,True,False,False,True,False,False,True,False,True,Invalid Claim
CLM-1208,PRD-01208,Television,ViewOptics,TV-65Q,SN-T-001208,SN-T-001208,Matched,2025-03-19,2025-03-09,2025-03-24,5,18,535,Active,Main Board Defect,Smart hub system failure.,False,False,False,No previous repairs,0,N/A,False,0,N/A,True,True,True,True,None,0,True,True,False,True,True,False,False,True,False,False,Invalid Claim
CLM-1169,PRD-01169,Television,VisionMax,TV-43U,SN-T-001169,SN-T-001169,Matched,2025-02-12,2025-03-14,2025-03-19,35,18,505,Active,Display Panel Defect,Internal panel line defect.,False,False,False,No previous repairs,0,N/A,False,0,N/A,True,True,False,False,Valid Purchase Receipt,1,True,True,False,False,True,False,False,True,False,True,Invalid Claim
CLM-0310,PRD-00310,Smartphone,TechCorp,SP-100,SN-S-000310,SN-S-000310,Matched,2025-01-18,2025-02-17,2025-02-22,35,12,325,Active,Unauthorized Repair,Device opened by third-party technician.,False,False,True,No previous repairs,0,N/A,False,0,N/A,True,True,True,True,None,0,True,True,False,False,True,False,False,True,False,False,Invalid Claim
CLM-0170,PRD-00170,Smartphone,MobileX,SP-200,SN-S-000170,SN-S-000170,Matched,2025-01-28,2025-02-27,2025-03-04,35,12,325,Active,Liquid Damage,Liquid contact indicator triggered.,False,True,False,No previous repairs,0,N/A,False,0,N/A,True,True,True,True,None,0,True,True,False,False,True,False,False,True,False,False,Invalid Claim
CLM-0194,PRD-00194,Smartphone,ApexPhone,SP-200,SN-S-000194,SN-S-000194,Matched,2025-01-16,2025-01-06,2025-01-21,5,12,355,Active,Battery Manufacturing Defect,Battery swelling or sudden degradation.,False,False,False,No previous repairs,0,N/A,False,0,N/A,True,True,True,True,None,0,True,True,False,True,True,False,False,True,False,False,Invalid Claim
CLM-0678,PRD-00678,Laptop,UltraTech,LP-Pro,SN-L-000678,SN-L-000678,Matched,2025-03-10,2027-03-26,2027-03-31,751,24,0,Expired,Display Failure,Backlight failure without screen crack.,False,False,False,No previous repairs,0,N/A,False,0,N/A,True,True,True,True,None,0,True,True,False,False,True,False,False,True,True,False,Invalid Claim
CLM-1263,PRD-01263,Television,CineDisplay,TV-65Q,SN-T-001263,SN-T-001263,Matched,2025-03-25,2025-04-24,2025-04-29,35,18,505,Active,Electrical Surge,High voltage power surge damage.,False,False,True,No previous repairs,0,N/A,False,0,N/A,True,True,True,True,None,0,True,True,False,False,True,False,False,True,False,False,Invalid Claim
CLM-0830,PRD-00830,Laptop,OmniLap,LP-500,SN-L-000830,SN-L-000830,Matched,2025-04-27,2025-04-17,2025-05-02,5,24,715,Active,Motherboard Defect,Component failure on main board.,False,False,False,No previous repairs,0,N/A,False,0,N/A,True,True,True,True,None,0,True,True,False,True,True,False,False,True,False,False,Invalid Claim
CLM-0254,PRD-00254,Smartphone,MobileX,SP-X,SN-S-000254,SN-S-000254,Matched,2025-05-02,2025-06-01,2025-06-06,35,12,325,Active,Physical Damage,Cracked screen or casing from impact.,True,False,False,No previous repairs,0,N/A,False,0,N/A,True,True,True,True,None,0,True,True,False,False,True,False,False,True,False,False,Invalid Claim
CLM-0261,PRD-00261,Smartphone,ApexPhone,SP-X,SN-S-000261,SN-S-000261,Matched,2025-02-06,2025-03-08,2025-03-13,35,12,325,Active,Battery Manufacturing Defect,Battery swelling or sudden degradation.,False,False,False,No previous repairs,0,N/A,False,0,N/A,True,True,False,False,Valid Purchase Receipt,1,True,True,False,False,True,False,False,True,False,True,Invalid Claim
CLM-1273,PRD-01273,Television,CineDisplay,TV-43U,SN-T-001273,SN-T-001273,Matched,2025-05-10,2026-11-22,2026-11-27,566,18,0,Expired,Power Supply Failure,Internal power board failure.,False,False,False,No previous repairs,0,N/A,False,0,N/A,True,True,True,True,None,0,True,True,False,False,True,False,False,True,True,False,Invalid Claim
CLM-1321,PRD-01321,Television,CineDisplay,TV-55OLED,SN-T-001321,SN-T-001321,Matched,2025-02-01,2025-03-03,2025-03-08,35,18,505,Active,Electrical Surge,High voltage power surge damage.,False,False,True,No previous repairs,0,N/A,False,0,N/A,True,True,True,True,None,0,True,True,False,False,True,False,False,True,False,False,Invalid Claim
CLM-1201,PRD-01201,Television,CineDisplay,TV-55OLED,SN-T-001201,SN-T-001201,Matched,2025-04-24,2025-05-24,2025-05-29,35,18,505,Active,Display Panel Defect,Internal panel line defect.,False,False,False,No previous repairs,0,N/A,False,0,N/A,True,True,False,False,Valid Purchase Receipt,1,True,True,False,False,True,False,False,True,False,True,Invalid Claim
CLM-1331,PRD-01331,Television,ViewOptics,TV-55OLED,SN-T-001331,SN-T-001331,Matched,2025-05-28,2026-12-04,2026-12-09,560,18,0,Expired,Display Panel Defect,Internal panel line defect.,False,False,False,No previous repairs,0,N/A,False,0,N/A,True,True,True,True,None,0,True,True,False,False,True,False,False,True,True,False,Invalid Claim
CLM-0253,PRD-00253,Smartphone,ApexPhone,SP-X,SN-S-000253,SN-S-000253,Matched,2025-01-11,2025-01-01,2025-01-16,5,12,355,Active,Screen Defect (Non-Impact),Touch failure or dead pixels with no physical drop.,False,False,False,No previous repairs,0,N/A,False,0,N/A,True,True,True,True,None,0,True,True,False,True,True,False,False,True,False,False,Invalid Claim
CLM-0723,PRD-00723,Laptop,UltraTech,LP-Pro,SN-L-000723,SN-L-000723,Matched,2025-03-22,2027-04-02,2027-04-07,746,24,0,Expired,Motherboard Defect,Component failure on main board.,False,False,False,No previous repairs,0,N/A,False,0,N/A,True,True,True,True,None,0,True,True,False,False,True,False,False,True,True,False,Invalid Claim
CLM-1326,PRD-01326,Television,ViewOptics,TV-55OLED,SN-T-001326,SN-T-001326,Matched,2025-04-19,2026-11-01,2026-11-06,566,18,0,Expired,Display Panel Defect,Internal panel line defect.,False,False,False,No previous repairs,0,N/A,False,0,N/A,True,True,True,True,None,0,True,True,False,False,True,False,False,True,True,False,Invalid Claim
CLM-1264,PRD-01264,Television,CineDisplay,TV-65Q,SN-T-001264,SN-T-001264,Matched,2025-01-25,2026-08-26,2026-08-31,583,18,0,Expired,Main Board Defect,Smart hub system failure.,False,False,False,No previous repairs,0,N/A,False,0,N/A,True,True,True,True,None,0,True,True,False,False,True,False,False,True,True,False,Invalid Claim
CLM-1211,PRD-01211,Television,ViewOptics,TV-43U,SN-T-001211,SN-T-001211,Matched,2025-05-06,2025-06-05,2025-06-10,35,18,505,Active,Cracked Screen,External screen crack from impact.,False,False,True,No previous repairs,0,N/A,False,0,N/A,True,True,True,True,None,0,True,True,False,False,True,False,False,True,False,False,Invalid Claim
CLM-1301,PRD-01301,Television,ViewOptics,TV-65Q,SN-T-001301,SN-T-001301,Matched,2025-02-11,2025-03-13,2025-03-18,35,18,505,Active,Main Board Defect,Smart hub system failure.,False,False,False,No previous repairs,0,N/A,False,0,N/A,True,True,False,False,Valid Purchase Receipt,1,True,True,False,False,True,False,False,True,False,True,Invalid Claim
CLM-1247,PRD-01247,Television,ViewOptics,TV-65Q,SN-T-001247,SN-T-001247,Matched,2025-01-11,2026-08-10,2026-08-15,581,18,0,Expired,Power Supply Failure,Internal power board failure.,False,False,False,No previous repairs,0,N/A,False,0,N/A,True,True,True,True,None,0,True,True,False,False,True,False,False,True,True,False,Invalid Claim
CLM-0769,PRD-00769,Laptop,UltraTech,LP-900,SN-L-000769,SN-L-000769,Matched,2025-03-20,2025-03-10,2025-03-25,5,24,715,Active,Motherboard Defect,Component failure on main board.,False,False,False,No previous repairs,0,N/A,False,0,N/A,True,True,True,True,None,0,True,True,False,True,True,False,False,True,False,False,Invalid Claim
CLM-1258,PRD-01258,Television,ViewOptics,TV-55OLED,SN-T-001258,SN-T-001258,Matched,2025-05-02,2025-04-22,2025-05-07,5,18,535,Active,Power Supply Failure,Internal power board failure.,False,False,False,No previous repairs,0,N/A,False,0,N/A,True,True,True,True,None,0,True,True,False,True,True,False,False,True,False,False,Invalid Claim
CLM-1239,PRD-01239,Television,VisionMax,TV-65Q,SN-T-001239,SN-T-001239,Matched,2025-03-03,2026-08-30,2026-09-04,550,18,0,Expired,Display Panel Defect,Internal panel line defect.,False,False,False,No previous repairs,0,N/A,False,0,N/A,True,True,True,True,None,0,True,True,False,False,True,False,False,True,True,False,Invalid Claim
CLM-0759,PRD-00759,Laptop,ProBook,LP-Pro,SN-L-000759,SN-L-000759,Matched,2025-05-26,2027-06-25,2027-06-30,765,24,0,Expired,Factory SSD Failure,Primary storage failure.,False,False,False,No previous repairs,0,N/A,False,0,N/A,True,True,True,True,None,0,True,True,False,False,True,False,False,True,True,False,Invalid Claim
CLM-0201,PRD-00201,Smartphone,MobileX,SP-100,SN-S-000201,SN-S-000201,Matched,2025-05-31,2025-06-30,2025-07-05,35,12,325,Active,Manufacturing Defect,Internal motherboard defect causing bootloop.,False,False,False,No previous repairs,0,N/A,False,0,N/A,True,True,False,False,Valid Purchase Receipt,1,True,True,False,False,True,False,False,True,False,True,Invalid Claim
CLM-1220,PRD-01220,Television,CineDisplay,TV-43U,SN-T-001220,SN-T-001220,Matched,2025-01-25,2025-02-24,2025-03-01,35,18,505,Active,Liquid Damage,Liquid intrusion.,False,True,False,No previous repairs,0,N/A,False,0,N/A,True,True,True,True,None,0,True,True,False,False,True,False,False,True,False,False,Invalid Claim
CLM-0690,PRD-00690,Laptop,ProBook,LP-900,SN-L-000690,SN-L-000690,Matched,2025-03-13,2027-04-12,2027-04-17,765,24,0,Expired,Keyboard Failure,Multiple keys non-functional.,False,False,False,No previous repairs,0,N/A,False,0,N/A,True,True,True,True,None,0,True,True,False,False,True,False,False,True,True,False,Invalid Claim
CLM-0754,PRD-00754,Laptop,OmniLap,LP-Pro,SN-L-000754,SN-L-000754,Matched,2025-02-06,2027-02-01,2027-02-06,730,24,0,Expired,Motherboard Defect,Component failure on main board.,False,False,False,No previous repairs,0,N/A,False,0,N/A,True,True,True,True,None,0,True,True,False,False,True,False,False,True,True,False,Invalid Claim
CLM-0291,PRD-00291,Smartphone,TechCorp,SP-X,SN-S-000291,SN-S-000291,Matched,2025-04-10,2025-05-10,2025-05-15,35,12,325,Active,Battery Manufacturing Defect,Battery swelling or sudden degradation.,False,False,False,No previous repairs,0,N/A,False,0,N/A,True,True,False,False,Valid Purchase Receipt,1,True,True,False,False,True,False,False,True,False,True,Invalid Claim
CLM-0314,PRD-00314,Smartphone,TechCorp,SP-100,SN-S-000314,SN-S-000314,Matched,2025-02-17,2025-02-07,2025-02-22,5,12,355,Active,Charging Port Failure,Charging connector failure under normal usage.,False,False,False,No previous repairs,0,N/A,False,0,N/A,True,True,True,True,None,0,True,True,False,True,True,False,False,True,False,False,Invalid Claim
CLM-0264,PRD-00264,Smartphone,TechCorp,SP-X,SN-S-000264,SN-S-000264,Matched,2025-05-15,2026-06-16,2026-06-21,402,12,0,Expired,Charging Port Failure,Charging connector failure under normal usage.,False,False,False,No previous repairs,0,N/A,False,0,N/A,True,True,True,True,None,0,True,True,False,False,True,False,False,True,True,False,Invalid Claim
CLM-0794,PRD-00794,Laptop,ProBook,LP-900,SN-L-000794,SN-L-000794,Matched,2025-02-16,2025-02-06,2025-02-21,5,24,715,Active,Motherboard Defect,Component failure on main board.,False,False,False,No previous repairs,0,N/A,False,0,N/A,True,True,True,True,None,0,True,True,False,True,True,False,False,True,False,False,Invalid Claim
CLM-1232,PRD-01232,Television,VisionMax,TV-43U,SN-T-001232,SN-T-001232,Matched,2025-01-21,2025-01-11,2025-01-26,5,18,535,Active,Main Board Defect,Smart hub system failure.,False,False,False,No previous repairs,0,N/A,False,0,N/A,True,True,True,True,None,0,True,True,False,True,True,False,False,True,False,False,Invalid Claim
CLM-0308,PRD-00308,Smartphone,MobileX,SP-X,SN-S-000308,SN-S-000308,Matched,2025-01-15,2026-02-07,2026-02-12,393,12,0,Expired,Charging Port Failure,Charging connector failure under normal usage.,False,False,False,No previous repairs,0,N/A,False,0,N/A,True,True,True,True,None,0,True,True,False,False,True,False,False,True,True,False,Invalid Claim
CLM-1322,PRD-01322,Television,ViewOptics,TV-43U,SN-T-001322,SN-T-001322,Matched,2025-04-11,2025-05-11,2025-05-16,35,18,505,Active,Power Supply Failure,Internal power board failure.,False,False,False,No previous repairs,0,N/A,False,0,N/A,True,True,False,False,Valid Purchase Receipt,1,True,True,False,False,True,False,False,True,False,True,Invalid Claim
CLM-0788,PRD-00788,Laptop,ProBook,LP-500,SN-L-000788,SN-L-000788,Matched,2025-02-10,2025-03-12,2025-03-17,35,24,685,Active,Motherboard Defect,Component failure on main board.,False,False,False,No previous repairs,0,N/A,False,0,N/A,True,True,False,False,Valid Purchase Receipt,1,True,True,False,False,True,False,False,True,False,True,Invalid Claim
CLM-1285,PRD-01285,Television,CineDisplay,TV-65Q,SN-T-001285,SN-T-001285,Matched,2025-02-22,2025-03-24,2025-03-29,35,18,505,Active,Power Supply Failure,Internal power board failure.,False,False,False,No previous repairs,0,N/A,False,0,N/A,True,True,False,False,Valid Purchase Receipt,1,True,True,False,False,True,False,False,True,False,True,Invalid Claim
CLM-1241,PRD-01241,Television,CineDisplay,TV-43U,SN-T-001241,SN-T-001241,Matched,2025-01-26,2025-02-25,2025-03-02,35,18,505,Active,Liquid Damage,Liquid intrusion.,False,True,False,No previous repairs,0,N/A,False,0,N/A,True,True,True,True,None,0,True,True,False,False,True,False,False,True,False,False,Invalid Claim
CLM-0762,PRD-00762,Laptop,UltraTech,LP-500,SN-L-000762,SN-L-000762,Matched,2025-03-02,2027-03-01,2027-03-06,734,24,0,Expired,Display Failure,Backlight failure without screen crack.,False,False,False,No previous repairs,0,N/A,False,0,N/A,True,True,True,True,None,0,True,True,False,False,True,False,False,True,True,False,Invalid Claim
CLM-0279,PRD-00279,Smartphone,TechCorp,SP-200,SN-S-000279,SN-S-000279,Matched,2025-01-14,2025-01-04,2025-01-19,5,12,355,Active,Battery Manufacturing Defect,Battery swelling or sudden degradation.,False,False,False,No previous repairs,0,N/A,False,0,N/A,True,True,True,True,None,0,True,True,False,True,True,False,False,True,False,False,Invalid Claim
CLM-1234,PRD-01234,Television,VisionMax,TV-43U,SN-T-001234,SN-T-001234,Matched,2025-01-28,2026-08-28,2026-09-02,582,18,0,Expired,Main Board Defect,Smart hub system failure.,False,False,False,No previous repairs,0,N/A,False,0,N/A,True,True,True,True,None,0,True,True,False,False,True,False,False,True,True,False,Invalid Claim
CLM-0793,PRD-00793,Laptop,OmniLap,LP-500,SN-L-000793,SN-L-000793,Matched,2025-05-27,2025-06-26,2025-07-01,35,24,685,Active,Physical Damage,Hinge broken or chassis damage.,True,False,False,No previous repairs,0,N/A,False,0,N/A,True,True,True,True,None,0,True,True,False,False,True,False,False,True,False,False,Invalid Claim
CLM-0311,PRD-00311,Smartphone,MobileX,SP-200,SN-S-000311,SN-S-000311,Matched,2025-04-09,2026-05-07,2026-05-12,398,12,0,Expired,Screen Defect (Non-Impact),Touch failure or dead pixels with no physical drop.,False,False,False,No previous repairs,0,N/A,False,0,N/A,True,True,True,True,None,0,True,True,False,False,True,False,False,True,True,False,Invalid Claim
CLM-0181,PRD-00181,Smartphone,MobileX,SP-100,SN-S-000181,SN-S-000181,Matched,2025-02-06,2025-03-08,2025-03-13,35,12,325,Active,Unauthorized Repair,Device opened by third-party technician.,False,False,True,No previous repairs,0,N/A,False,0,N/A,True,True,True,True,None,0,True,True,False,False,True,False,False,True,False,False,Invalid Claim
CLM-0251,PRD-00251,Smartphone,MobileX,SP-100,SN-S-000251,SN-S-000251,Matched,2025-01-15,2025-02-14,2025-02-19,35,12,325,Active,Battery Manufacturing Defect,Battery swelling or sudden degradation.,False,False,False,No previous repairs,0,N/A,False,0,N/A,True,True,False,False,Valid Purchase Receipt,1,True,True,False,False,True,False,False,True,False,True,Invalid Claim
CLM-0203,PRD-00203,Smartphone,MobileX,SP-X,SN-S-000203,SN-S-000203,Matched,2025-01-30,2026-02-27,2026-03-04,398,12,0,Expired,Charging Port Failure,Charging connector failure under normal usage.,False,False,False,No previous repairs,0,N/A,False,0,N/A,True,True,True,True,None,0,True,True,False,False,True,False,False,True,True,False,Invalid Claim
CLM-0319,PRD-00319,Smartphone,ApexPhone,SP-100,SN-S-000319,SN-S-000319,Matched,2025-05-21,2025-06-20,2025-06-25,35,12,325,Active,Battery Manufacturing Defect,Battery swelling or sudden degradation.,False,False,False,No previous repairs,0,N/A,False,0,N/A,True,True,False,False,Valid Purchase Receipt,1,True,True,False,False,True,False,False,True,False,True,Invalid Claim
CLM-1332,PRD-01332,Television,VisionMax,TV-65Q,SN-T-001332,SN-T-001332,Matched,2025-02-03,2025-01-24,2025-02-08,5,18,535,Active,Power Supply Failure,Internal power board failure.,False,False,False,No previous repairs,0,N/A,False,0,N/A,True,True,True,True,None,0,True,True,False,True,True,False,False,True,False,False,Invalid Claim
CLM-0242,PRD-00242,Smartphone,MobileX,SP-200,SN-S-000242,SN-S-000242,Matched,2025-03-28,2025-04-27,2025-05-02,35,12,325,Active,Liquid Damage,Liquid contact indicator triggered.,False,True,False,No previous repairs,0,N/A,False,0,N/A,True,True,True,True,None,0,True,True,False,False,True,False,False,True,False,False,Invalid Claim
CLM-0708,PRD-00708,Laptop,ProBook,LP-500,SN-L-000708,SN-L-000708,Matched,2025-04-10,2025-05-10,2025-05-15,35,24,685,Active,Factory SSD Failure,Primary storage failure.,False,False,False,No previous repairs,0,N/A,False,0,N/A,True,True,False,False,Valid Purchase Receipt,1,True,True,False,False,True,False,False,True,False,True,Invalid Claim
CLM-1266,PRD-01266,Television,ViewOptics,TV-55OLED,SN-T-001266,SN-T-001266,Matched,2025-05-10,2025-06-09,2025-06-14,35,18,505,Active,Main Board Defect,Smart hub system failure.,False,False,False,No previous repairs,0,N/A,False,0,N/A,True,True,False,False,Valid Purchase Receipt,1,True,True,False,False,True,False,False,True,False,True,Invalid Claim
CLM-1189,PRD-01189,Television,CineDisplay,TV-55OLED,SN-T-001189,SN-T-001189,Matched,2025-05-02,2025-06-01,2025-06-06,35,18,505,Active,Main Board Defect,Smart hub system failure.,False,False,False,No previous repairs,0,N/A,False,0,N/A,True,True,False,False,Valid Purchase Receipt,1,True,True,False,False,True,False,False,True,False,True,Invalid Claim
CLM-0198,PRD-00198,Smartphone,TechCorp,SP-100,SN-S-000198,SN-S-000198,Matched,2025-03-26,2025-04-25,2025-04-30,35,12,325,Active,Unauthorized Repair,Device opened by third-party technician.,False,False,True,No previous repairs,0,N/A,False,0,N/A,True,True,True,True,None,0,True,True,False,False,True,False,False,True,False,False,Invalid Claim
CLM-1298,PRD-01298,Television,ViewOptics,TV-55OLED,SN-T-001298,SN-T-001298,Matched,2025-02-07,2025-03-09,2025-03-14,35,18,505,Active,Cracked Screen,External screen crack from impact.,False,False,True,No previous repairs,0,N/A,False,0,N/A,True,True,True,True,None,0,True,True,False,False,True,False,False,True,False,False,Invalid Claim
CLM-1190,PRD-01190,Television,CineDisplay,TV-43U,SN-T-001190,SN-T-001190,Matched,2025-05-25,2025-05-15,2025-05-30,5,18,535,Active,Power Supply Failure,Internal power board failure.,False,False,False,No previous repairs,0,N/A,False,0,N/A,True,True,True,True,None,0,True,True,False,True,True,False,False,True,False,False,Invalid Claim
CLM-0330,PRD-00330,Smartphone,ApexPhone,SP-200,SN-S-000330,SN-S-000330,Matched,2025-01-21,2025-02-20,2025-02-25,35,12,325,Active,Screen Defect (Non-Impact),Touch failure or dead pixels with no physical drop.,False,False,False,No previous repairs,0,N/A,False,0,N/A,True,True,False,False,Valid Purchase Receipt,1,True,True,False,False,True,False,False,True,False,True,Invalid Claim
CLM-1288,PRD-01288,Television,CineDisplay,TV-43U,SN-T-001288,SN-T-001288,Matched,2025-05-18,2025-06-17,2025-06-22,35,18,505,Active,Electrical Surge,High voltage power surge damage.,False,False,True,No previous repairs,0,N/A,False,0,N/A,True,True,True,True,None,0,True,True,False,False,True,False,False,True,False,False,Invalid Claim
CLM-0713,PRD-00713,Laptop,ProBook,LP-Pro,SN-L-000713,SN-L-000713,Matched,2025-03-16,2025-04-15,2025-04-20,35,24,685,Active,Keyboard Failure,Multiple keys non-functional.,False,False,False,No previous repairs,0,N/A,False,0,N/A,True,True,False,False,Valid Purchase Receipt,1,True,True,False,False,True,False,False,True,False,True,Invalid Claim
CLM-0704,PRD-00704,Laptop,OmniLap,LP-Pro,SN-L-000704,SN-L-000704,Matched,2025-05-31,2027-06-24,2027-06-29,759,24,0,Expired,Factory SSD Failure,Primary storage failure.,False,False,False,No previous repairs,0,N/A,False,0,N/A,True,True,True,True,None,0,True,True,False,False,True,False,False,True,True,False,Invalid Claim
CLM-0255,PRD-00255,Smartphone,MobileX,SP-100,SN-S-000255,SN-S-000255,Matched,2025-03-29,2026-03-31,2026-04-05,372,12,0,Expired,Screen Defect (Non-Impact),Touch failure or dead pixels with no physical drop.,False,False,False,No previous repairs,0,N/A,False,0,N/A,True,True,True,True,None,0,True,True,False,False,True,False,False,True,True,False,Invalid Claim
CLM-1280,PRD-01280,Television,ViewOptics,TV-43U,SN-T-001280,SN-T-001280,Matched,2025-03-28,2025-04-27,2025-05-02,35,18,505,Active,Cracked Screen,External screen crack from impact.,False,False,True,No previous repairs,0,N/A,False,0,N/A,True,True,True,True,None,0,True,True,False,False,True,False,False,True,False,False,Invalid Claim
CLM-0235,PRD-00235,Smartphone,TechCorp,SP-200,SN-S-000235,SN-S-000235,Matched,2025-05-17,2025-06-16,2025-06-21,35,12,325,Active,Unauthorized Repair,Device opened by third-party technician.,False,False,True,No previous repairs,0,N/A,False,0,N/A,True,True,True,True,None,0,True,True,False,False,True,False,False,True,False,False,Invalid Claim
CLM-1274,PRD-01274,Television,ViewOptics,TV-65Q,SN-T-001274,SN-T-001274,Matched,2025-04-07,2025-05-07,2025-05-12,35,18,505,Active,Power Supply Failure,Internal power board failure.,False,False,False,No previous repairs,0,N/A,False,0,N/A,True,True,False,False,Valid Purchase Receipt,1,True,True,False,False,True,False,False,True,False,True,Invalid Claim
CLM-1224,PRD-01224,Television,ViewOptics,TV-55OLED,SN-T-001224,SN-T-001224,Matched,2025-03-29,2025-04-28,2025-05-03,35,18,505,Active,Cracked Screen,External screen crack from impact.,False,False,True,No previous repairs,0,N/A,False,0,N/A,True,True,True,True,None,0,True,True,False,False,True,False,False,True,False,False,Invalid Claim
CLM-1235,PRD-01235,Television,CineDisplay,TV-43U,SN-T-001235,SN-T-001235,Matched,2025-05-01,2026-10-30,2026-11-04,552,18,0,Expired,Power Supply Failure,Internal power board failure.,False,False,False,No previous repairs,0,N/A,False,0,N/A,True,True,True,True,None,0,True,True,False,False,True,False,False,True,True,False,Invalid Claim
CLM-0798,PRD-00798,Laptop,OmniLap,LP-Pro,SN-L-000798,SN-L-000798,Matched,2025-03-09,2025-04-08,2025-04-13,35,24,685,Active,Unauthorized Modification,RAM/SSD force modification damage.,False,False,True,No previous repairs,0,N/A,False,0,N/A,True,True,True,True,None,0,True,True,False,False,True,False,False,True,False,False,Invalid Claim
CLM-0743,PRD-00743,Laptop,OmniLap,LP-Pro,SN-L-000743,SN-L-000743,Matched,2025-02-24,2025-02-14,2025-03-01,5,24,715,Active,Motherboard Defect,Component failure on main board.,False,False,False,No previous repairs,0,N/A,False,0,N/A,True,True,True,True,None,0,True,True,False,True,True,False,False,True,False,False,Invalid Claim
CLM-0244,PRD-00244,Smartphone,MobileX,SP-X,SN-S-000244,SN-S-000244,Matched,2025-02-07,2025-03-09,2025-03-14,35,12,325,Active,Physical Damage,Cracked screen or casing from impact.,True,False,False,No previous repairs,0,N/A,False,0,N/A,True,True,True,True,None,0,True,True,False,False,True,False,False,True,False,False,Invalid Claim
CLM-1194,PRD-01194,Television,CineDisplay,TV-65Q,SN-T-001194,SN-T-001194,Matched,2025-02-19,2025-03-21,2025-03-26,35,18,505,Active,Electrical Surge,High voltage power surge damage.,False,False,True,No previous repairs,0,N/A,False,0,N/A,True,True,True,True,None,0,True,True,False,False,True,False,False,True,False,False,Invalid Claim
CLM-0210,PRD-00210,Smartphone,ApexPhone,SP-X,SN-S-000210,SN-S-000210,Matched,2025-03-17,2025-03-07,2025-03-22,5,12,355,Active,Charging Port Failure,Charging connector failure under normal usage.,False,False,False,No previous repairs,0,N/A,False,0,N/A,True,True,True,True,None,0,True,True,False,True,True,False,False,True,False,False,Invalid Claim
CLM-1181,PRD-01181,Television,VisionMax,TV-65Q,SN-T-001181,SN-T-001181,Matched,2025-02-09,2025-03-11,2025-03-16,35,18,505,Active,Cracked Screen,External screen crack from impact.,False,False,True,No previous repairs,0,N/A,False,0,N/A,True,True,True,True,None,0,True,True,False,False,True,False,False,True,False,False,Invalid Claim
CLM-0304,PRD-00304,Smartphone,MobileX,SP-X,SN-S-000304,SN-S-000304,Matched,2025-02-16,2025-03-18,2025-03-23,35,12,325,Active,Battery Manufacturing Defect,Battery swelling or sudden degradation.,False,False,False,No previous repairs,0,N/A,False,0,N/A,True,True,False,False,Valid Purchase Receipt,1,True,True,False,False,True,False,False,True,False,True,Invalid Claim
CLM-0250,PRD-00250,Smartphone,MobileX,SP-X,SN-S-000250,SN-S-000250,Matched,2025-01-19,2025-02-18,2025-02-23,35,12,325,Active,Charging Port Failure,Charging connector failure under normal usage.,False,False,False,No previous repairs,0,N/A,False,0,N/A,True,True,False,False,Valid Purchase Receipt,1,True,True,False,False,True,False,False,True,False,True,Invalid Claim
CLM-1170,PRD-01170,Television,CineDisplay,TV-43U,SN-T-001170,SN-T-001170,Matched,2025-05-08,2025-06-07,2025-06-12,35,18,505,Active,Cracked Screen,External screen crack from impact.,False,False,True,No previous repairs,0,N/A,False,0,N/A,True,True,True,True,None,0,True,True,False,False,True,False,False,True,False,False,Invalid Claim
CLM-0317,PRD-00317,Smartphone,TechCorp,SP-100,SN-S-000317,SN-S-000317,Matched,2025-01-19,2025-01-09,2025-01-24,5,12,355,Active,Screen Defect (Non-Impact),Touch failure or dead pixels with no physical drop.,False,False,False,No previous repairs,0,N/A,False,0,N/A,True,True,True,True,None,0,True,True,False,True,True,False,False,True,False,False,Invalid Claim
CLM-1289,PRD-01289,Television,ViewOptics,TV-43U,SN-T-001289,SN-T-001289,Matched,2025-03-18,2025-03-08,2025-03-23,5,18,535,Active,Display Panel Defect,Internal panel line defect.,False,False,False,No previous repairs,0,N/A,False,0,N/A,True,True,True,True,None,0,True,True,False,True,True,False,False,True,False,False,Invalid Claim
CLM-1324,PRD-01324,Television,ViewOptics,TV-65Q,SN-T-001324,SN-T-001324,Matched,2025-03-23,2025-03-13,2025-03-28,5,18,535,Active,Display Panel Defect,Internal panel line defect.,False,False,False,No previous repairs,0,N/A,False,0,N/A,True,True,True,True,None,0,True,True,False,True,True,False,False,True,False,False,Invalid Claim
CLM-0722,PRD-00722,Laptop,OmniLap,LP-900,SN-L-000722,SN-L-000722,Matched,2025-01-13,2025-01-03,2025-01-18,5,24,715,Active,Factory SSD Failure,Primary storage failure.,False,False,False,No previous repairs,0,N/A,False,0,N/A,True,True,True,True,None,0,True,True,False,True,True,False,False,True,False,False,Invalid Claim
CLM-0239,PRD-00239,Smartphone,MobileX,SP-100,SN-S-000239,SN-S-000239,Matched,2025-03-25,2025-04-24,2025-04-29,35,12,325,Active,Unauthorized Repair,Device opened by third-party technician.,False,False,True,No previous repairs,0,N/A,False,0,N/A,True,True,True,True,None,0,True,True,False,False,True,False,False,True,False,False,Invalid Claim
CLM-1249,PRD-01249,Television,CineDisplay,TV-55OLED,SN-T-001249,SN-T-001249,Matched,2025-04-24,2025-05-24,2025-05-29,35,18,505,Active,Liquid Damage,Liquid intrusion.,False,True,False,No previous repairs,0,N/A,False,0,N/A,True,True,True,True,None,0,True,True,False,False,True,False,False,True,False,False,Invalid Claim
CLM-0780,PRD-00780,Laptop,UltraTech,LP-900,SN-L-000780,SN-L-000780,Matched,2025-03-01,2027-03-29,2027-04-03,763,24,0,Expired,Keyboard Failure,Multiple keys non-functional.,False,False,False,No previous repairs,0,N/A,False,0,N/A,True,True,True,True,None,0,True,True,False,False,True,False,False,True,True,False,Invalid Claim
CLM-0180,PRD-00180,Smartphone,MobileX,SP-200,SN-S-000180,SN-S-000180,Matched,2025-03-17,2025-04-16,2025-04-21,35,12,325,Active,Manufacturing Defect,Internal motherboard defect causing bootloop.,False,False,False,No previous repairs,0,N/A,False,0,N/A,True,True,False,False,Valid Purchase Receipt,1,True,True,False,False,True,False,False,True,False,True,Invalid Claim
CLM-0790,PRD-00790,Laptop,UltraTech,LP-Pro,SN-L-000790,SN-L-000790,Matched,2025-05-03,2025-04-23,2025-05-08,5,24,715,Active,Keyboard Failure,Multiple keys non-functional.,False,False,False,No previous repairs,0,N/A,False,0,N/A,True,True,True,True,None,0,True,True,False,True,True,False,False,True,False,False,Invalid Claim
CLM-0695,PRD-00695,Laptop,OmniLap,LP-Pro,SN-L-000695,SN-L-000695,Matched,2025-03-19,2025-04-18,2025-04-23,35,24,685,Active,Unauthorized Modification,RAM/SSD force modification damage.,False,False,True,No previous repairs,0,N/A,False,0,N/A,True,True,True,True,None,0,True,True,False,False,True,False,False,True,False,False,Invalid Claim
CLM-0258,PRD-00258,Smartphone,MobileX,SP-X,SN-S-000258,SN-S-000258,Matched,2025-01-14,2025-02-13,2025-02-18,35,12,325,Active,Manufacturing Defect,Internal motherboard defect causing bootloop.,False,False,False,No previous repairs,0,N/A,False,0,N/A,True,True,False,False,Valid Purchase Receipt,1,True,True,False,False,True,False,False,True,False,True,Invalid Claim
CLM-0730,PRD-00730,Laptop,OmniLap,LP-500,SN-L-000730,SN-L-000730,Matched,2025-01-11,2025-02-10,2025-02-15,35,24,685,Active,Liquid Damage,Liquid spill marks internal.,False,True,False,No previous repairs,0,N/A,False,0,N/A,True,True,True,True,None,0,True,True,False,False,True,False,False,True,False,False,Invalid Claim
CLM-0309,PRD-00309,Smartphone,ApexPhone,SP-X,SN-S-000309,SN-S-000309,Matched,2025-02-10,2026-03-10,2026-03-15,398,12,0,Expired,Screen Defect (Non-Impact),Touch failure or dead pixels with no physical drop.,False,False,False,No previous repairs,0,N/A,False,0,N/A,True,True,True,True,None,0,True,True,False,False,True,False,False,True,True,False,Invalid Claim
CLM-1327,PRD-01327,Television,CineDisplay,TV-43U,SN-T-001327,SN-T-001327,Matched,2025-04-01,2025-03-22,2025-04-06,5,18,535,Active,Main Board Defect,Smart hub system failure.,False,False,False,No previous repairs,0,N/A,False,0,N/A,True,True,True,True,None,0,True,True,False,True,True,False,False,True,False,False,Invalid Claim
CLM-0224,PRD-00224,Smartphone,TechCorp,SP-100,SN-S-000224,SN-S-000224,Matched,2025-02-06,2025-01-27,2025-02-11,5,12,355,Active,Manufacturing Defect,Internal motherboard defect causing bootloop.,False,False,False,No previous repairs,0,N/A,False,0,N/A,True,True,True,True,None,0,True,True,False,True,True,False,False,True,False,False,Invalid Claim
CLM-0218,PRD-00218,Smartphone,MobileX,SP-200,SN-S-000218,SN-S-000218,Matched,2025-04-19,2026-05-08,2026-05-13,389,12,0,Expired,Battery Manufacturing Defect,Battery swelling or sudden degradation.,False,False,False,No previous repairs,0,N/A,False,0,N/A,True,True,True,True,None,0,True,True,False,False,True,False,False,True,True,False,Invalid Claim
CLM-1313,PRD-01313,Television,CineDisplay,TV-43U,SN-T-001313,SN-T-001313,Matched,2025-04-19,2025-05-19,2025-05-24,35,18,505,Active,Cracked Screen,External screen crack from impact.,False,False,True,No previous repairs,0,N/A,False,0,N/A,True,True,True,True,None,0,True,True,False,False,True,False,False,True,False,False,Invalid Claim
CLM-0324,PRD-00324,Smartphone,ApexPhone,SP-X,SN-S-000324,SN-S-000324,Matched,2025-05-03,2025-04-23,2025-05-08,5,12,355,Active,Charging Port Failure,Charging connector failure under normal usage.,False,False,False,No previous repairs,0,N/A,False,0,N/A,True,True,True,True,None,0,True,True,False,True,True,False,False,True,False,False,Invalid Claim
CLM-0178,PRD-00178,Smartphone,MobileX,SP-200,SN-S-000178,SN-S-000178,Matched,2025-04-17,2025-05-17,2025-05-22,35,12,325,Active,Physical Damage,Cracked screen or casing from impact.,True,False,False,No previous repairs,0,N/A,False,0,N/A,True,True,True,True,None,0,True,True,False,False,True,False,False,True,False,False,Invalid Claim
CLM-0332,PRD-00332,Smartphone,MobileX,SP-X,SN-S-000332,SN-S-000332,Matched,2025-05-17,2026-05-26,2026-05-31,379,12,0,Expired,Screen Defect (Non-Impact),Touch failure or dead pixels with no physical drop.,False,False,False,No previous repairs,0,N/A,False,0,N/A,True,True,True,True,None,0,True,True,False,False,True,False,False,True,True,False,Invalid Claim
CLM-1297,PRD-01297,Television,CineDisplay,TV-65Q,SN-T-001297,SN-T-001297,Matched,2025-04-22,2026-10-31,2026-11-05,562,18,0,Expired,Main Board Defect,Smart hub system failure.,False,False,False,No previous repairs,0,N/A,False,0,N/A,True,True,True,True,None,0,True,True,False,False,True,False,False,True,True,False,Invalid Claim
CLM-0219,PRD-00219,Smartphone,MobileX,SP-100,SN-S-000219,SN-S-000219,Matched,2025-05-28,2025-06-27,2025-07-02,35,12,325,Active,Physical Damage,Cracked screen or casing from impact.,True,False,False,No previous repairs,0,N/A,False,0,N/A,True,True,True,True,None,0,True,True,False,False,True,False,False,True,False,False,Invalid Claim
CLM-0238,PRD-00238,Smartphone,ApexPhone,SP-200,SN-S-000238,SN-S-000238,Matched,2025-04-17,2025-05-17,2025-05-22,35,12,325,Active,Manufacturing Defect,Internal motherboard defect causing bootloop.,False,False,False,No previous repairs,0,N/A,False,0,N/A,True,True,False,False,Valid Purchase Receipt,1,True,True,False,False,True,False,False,True,False,True,Invalid Claim
CLM-0195,PRD-00195,Smartphone,TechCorp,SP-100,SN-S-000195,SN-S-000195,Matched,2025-04-27,2026-04-28,2026-05-03,371,12,0,Expired,Screen Defect (Non-Impact),Touch failure or dead pixels with no physical drop.,False,False,False,No previous repairs,0,N/A,False,0,N/A,True,True,True,True,None,0,True,True,False,False,True,False,False,True,True,False,Invalid Claim
CLM-1318,PRD-01318,Television,ViewOptics,TV-55OLED,SN-T-001318,SN-T-001318,Matched,2025-04-05,2025-05-05,2025-05-10,35,18,505,Active,Display Panel Defect,Internal panel line defect.,False,False,False,No previous repairs,0,N/A,False,0,N/A,True,True,False,False,Valid Purchase Receipt,1,True,True,False,False,True,False,False,True,False,True,Invalid Claim
CLM-0331,PRD-00331,Smartphone,ApexPhone,SP-X,SN-S-000331,SN-S-000331,Matched,2025-03-12,2025-04-11,2025-04-16,35,12,325,Active,Unauthorized Repair,Device opened by third-party technician.,False,False,True,No previous repairs,0,N/A,False,0,N/A,True,True,True,True,None,0,True,True,False,False,True,False,False,True,False,False,Invalid Claim
CLM-1237,PRD-01237,Television,CineDisplay,TV-43U,SN-T-001237,SN-T-001237,Matched,2025-02-17,2025-03-19,2025-03-24,35,18,505,Active,Display Panel Defect,Internal panel line defect.,False,False,False,No previous repairs,0,N/A,False,0,N/A,True,True,False,False,Valid Purchase Receipt,1,True,True,False,False,True,False,False,True,False,True,Invalid Claim
CLM-0742,PRD-00742,Laptop,ProBook,LP-500,SN-L-000742,SN-L-000742,Matched,2025-05-18,2027-05-26,2027-05-31,743,24,0,Expired,Motherboard Defect,Component failure on main board.,False,False,False,No previous repairs,0,N/A,False,0,N/A,True,True,True,True,None,0,True,True,False,False,True,False,False,True,True,False,Invalid Claim
CLM-0172,PRD-00172,Smartphone,TechCorp,SP-X,SN-S-000172,SN-S-000172,Matched,2025-04-12,2025-05-12,2025-05-17,35,12,325,Active,Manufacturing Defect,Internal motherboard defect causing bootloop.,False,False,False,No previous repairs,0,N/A,False,0,N/A,True,True,False,False,Valid Purchase Receipt,1,True,True,False,False,True,False,False,True,False,True,Invalid Claim
CLM-0681,PRD-00681,Laptop,ProBook,LP-500,SN-L-000681,SN-L-000681,Matched,2025-01-16,2025-02-15,2025-02-20,35,24,685,Active,Physical Damage,Hinge broken or chassis damage.,True,False,False,No previous repairs,0,N/A,False,0,N/A,True,True,True,True,None,0,True,True,False,False,True,False,False,True,False,False,Invalid Claim
CLM-0817,PRD-00817,Laptop,OmniLap,LP-Pro,SN-L-000817,SN-L-000817,Matched,2025-01-14,2025-02-13,2025-02-18,35,24,685,Active,Liquid Damage,Liquid spill marks internal.,False,True,False,No previous repairs,0,N/A,False,0,N/A,True,True,True,True,None,0,True,True,False,False,True,False,False,True,False,False,Invalid Claim
CLM-0226,PRD-00226,Smartphone,MobileX,SP-200,SN-S-000226,SN-S-000226,Matched,2025-03-29,2025-04-28,2025-05-03,35,12,325,Active,Liquid Damage,Liquid contact indicator triggered.,False,True,False,No previous repairs,0,N/A,False,0,N/A,True,True,True,True,None,0,True,True,False,False,True,False,False,True,False,False,Invalid Claim
CLM-0686,PRD-00686,Laptop,OmniLap,LP-Pro,SN-L-000686,SN-L-000686,Matched,2025-01-25,2025-01-15,2025-01-30,5,24,715,Active,Keyboard Failure,Multiple keys non-functional.,False,False,False,No previous repairs,0,N/A,False,0,N/A,True,True,True,True,None,0,True,True,False,True,True,False,False,True,False,False,Invalid Claim
CLM-0697,PRD-00697,Laptop,ProBook,LP-900,SN-L-000697,SN-L-000697,Matched,2025-03-26,2025-03-16,2025-03-31,5,24,715,Active,Display Failure,Backlight failure without screen crack.,False,False,False,No previous repairs,0,N/A,False,0,N/A,True,True,True,True,None,0,True,True,False,True,True,False,False,True,False,False,Invalid Claim
CLM-0205,PRD-00205,Smartphone,ApexPhone,SP-100,SN-S-000205,SN-S-000205,Matched,2025-05-14,2025-06-13,2025-06-18,35,12,325,Active,Charging Port Failure,Charging connector failure under normal usage.,False,False,False,No previous repairs,0,N/A,False,0,N/A,True,True,False,False,Valid Purchase Receipt,1,True,True,False,False,True,False,False,True,False,True,Invalid Claim
CLM-0245,PRD-00245,Smartphone,TechCorp,SP-200,SN-S-000245,SN-S-000245,Matched,2025-02-20,2025-03-22,2025-03-27,35,12,325,Active,Unauthorized Repair,Device opened by third-party technician.,False,False,True,No previous repairs,0,N/A,False,0,N/A,True,True,True,True,None,0,True,True,False,False,True,False,False,True,False,False,Invalid Claim
CLM-0207,PRD-00207,Smartphone,MobileX,SP-X,SN-S-000207,SN-S-000207,Matched,2025-01-28,2025-01-18,2025-02-02,5,12,355,Active,Charging Port Failure,Charging connector failure under normal usage.,False,False,False,No previous repairs,0,N/A,False,0,N/A,True,True,True,True,None,0,True,True,False,True,True,False,False,True,False,False,Invalid Claim
CLM-0786,PRD-00786,Laptop,UltraTech,LP-900,SN-L-000786,SN-L-000786,Matched,2025-01-02,2025-02-01,2025-02-06,35,24,685,Active,Liquid Damage,Liquid spill marks internal.,False,True,False,No previous repairs,0,N/A,False,0,N/A,True,True,True,True,None,0,True,True,False,False,True,False,False,True,False,False,Invalid Claim
CLM-0316,PRD-00316,Smartphone,TechCorp,SP-X,SN-S-000316,SN-S-000316,Matched,2025-03-15,2025-03-05,2025-03-20,5,12,355,Active,Screen Defect (Non-Impact),Touch failure or dead pixels with no physical drop.,False,False,False,No previous repairs,0,N/A,False,0,N/A,True,True,True,True,None,0,True,True,False,True,True,False,False,True,False,False,Invalid Claim
CLM-0707,PRD-00707,Laptop,OmniLap,LP-500,SN-L-000707,SN-L-000707,Matched,2025-05-29,2025-06-28,2025-07-03,35,24,685,Active,Unauthorized Modification,RAM/SSD force modification damage.,False,False,True,No previous repairs,0,N/A,False,0,N/A,True,True,True,True,None,0,True,True,False,False,True,False,False,True,False,False,Invalid Claim
CLM-0676,PRD-00676,Laptop,OmniLap,LP-900,SN-L-000676,SN-L-000676,Matched,2025-04-20,2027-04-17,2027-04-22,732,24,0,Expired,Motherboard Defect,Component failure on main board.,False,False,False,No previous repairs,0,N/A,False,0,N/A,True,True,True,True,None,0,True,True,False,False,True,False,False,True,True,False,Invalid Claim
CLM-0734,PRD-00734,Laptop,OmniLap,LP-Pro,SN-L-000734,SN-L-000734,Matched,2025-04-14,2027-04-23,2027-04-28,744,24,0,Expired,Display Failure,Backlight failure without screen crack.,False,False,False,No previous repairs,0,N/A,False,0,N/A,True,True,True,True,None,0,True,True,False,False,True,False,False,True,True,False,Invalid Claim
CLM-1329,PRD-01329,Television,VisionMax,TV-43U,SN-T-001329,SN-T-001329,Matched,2025-02-17,2025-02-07,2025-02-22,5,18,535,Active,Main Board Defect,Smart hub system failure.,False,False,False,No previous repairs,0,N/A,False,0,N/A,True,True,True,True,None,0,True,True,False,True,True,False,False,True,False,False,Invalid Claim
CLM-0714,PRD-00714,Laptop,OmniLap,LP-Pro,SN-L-000714,SN-L-000714,Matched,2025-02-15,2025-03-17,2025-03-22,35,24,685,Active,Motherboard Defect,Component failure on main board.,False,False,False,No previous repairs,0,N/A,False,0,N/A,True,True,False,False,Valid Purchase Receipt,1,True,True,False,False,True,False,False,True,False,True,Invalid Claim
CLM-0732,PRD-00732,Laptop,ProBook,LP-Pro,SN-L-000732,SN-L-000732,Matched,2025-03-23,2025-04-22,2025-04-27,35,24,685,Active,Physical Damage,Hinge broken or chassis damage.,True,False,False,No previous repairs,0,N/A,False,0,N/A,True,True,True,True,None,0,True,True,False,False,True,False,False,True,False,False,Invalid Claim
CLM-0183,PRD-00183,Smartphone,MobileX,SP-100,SN-S-000183,SN-S-000183,Matched,2025-03-09,2026-04-01,2026-04-06,393,12,0,Expired,Charging Port Failure,Charging connector failure under normal usage.,False,False,False,No previous repairs,0,N/A,False,0,N/A,True,True,True,True,None,0,True,True,False,False,True,False,False,True,True,False,Invalid Claim
CLM-0280,PRD-00280,Smartphone,TechCorp,SP-200,SN-S-000280,SN-S-000280,Matched,2025-01-21,2025-02-20,2025-02-25,35,12,325,Active,Screen Defect (Non-Impact),Touch failure or dead pixels with no physical drop.,False,False,False,No previous repairs,0,N/A,False,0,N/A,True,True,False,False,Valid Purchase Receipt,1,True,True,False,False,True,False,False,True,False,True,Invalid Claim
CLM-1287,PRD-01287,Television,ViewOptics,TV-55OLED,SN-T-001287,SN-T-001287,Matched,2025-04-22,2025-05-22,2025-05-27,35,18,505,Active,Electrical Surge,High voltage power surge damage.,False,False,True,No previous repairs,0,N/A,False,0,N/A,True,True,True,True,None,0,True,True,False,False,True,False,False,True,False,False,Invalid Claim
CLM-1207,PRD-01207,Television,VisionMax,TV-55OLED,SN-T-001207,SN-T-001207,Matched,2025-03-16,2025-03-06,2025-03-21,5,18,535,Active,Display Panel Defect,Internal panel line defect.,False,False,False,No previous repairs,0,N/A,False,0,N/A,True,True,True,True,None,0,True,True,False,True,True,False,False,True,False,False,Invalid Claim
CLM-0760,PRD-00760,Laptop,ProBook,LP-900,SN-L-000760,SN-L-000760,Matched,2025-01-18,2025-02-17,2025-02-22,35,24,685,Active,Motherboard Defect,Component failure on main board.,False,False,False,No previous repairs,0,N/A,False,0,N/A,True,True,False,False,Valid Purchase Receipt,1,True,True,False,False,True,False,False,True,False,True,Invalid Claim
CLM-0182,PRD-00182,Smartphone,ApexPhone,SP-X,SN-S-000182,SN-S-000182,Matched,2025-04-12,2025-05-12,2025-05-17,35,12,325,Active,Manufacturing Defect,Internal motherboard defect causing bootloop.,False,False,False,No previous repairs,0,N/A,False,0,N/A,True,True,False,False,Valid Purchase Receipt,1,True,True,False,False,True,False,False,True,False,True,Invalid Claim
CLM-0175,PRD-00175,Smartphone,TechCorp,SP-X,SN-S-000175,SN-S-000175,Matched,2025-03-06,2025-04-05,2025-04-10,35,12,325,Active,Unauthorized Repair,Device opened by third-party technician.,False,False,True,No previous repairs,0,N/A,False,0,N/A,True,True,True,True,None,0,True,True,False,False,True,False,False,True,False,False,Invalid Claim
CLM-0286,PRD-00286,Smartphone,MobileX,SP-X,SN-S-000286,SN-S-000286,Matched,2025-04-28,2026-05-29,2026-06-03,401,12,0,Expired,Manufacturing Defect,Internal motherboard defect causing bootloop.,False,False,False,No previous repairs,0,N/A,False,0,N/A,True,True,True,True,None,0,True,True,False,False,True,False,False,True,True,False,Invalid Claim
CLM-1303,PRD-01303,Television,VisionMax,TV-43U,SN-T-001303,SN-T-001303,Matched,2025-01-08,2025-02-07,2025-02-12,35,18,505,Active,Electrical Surge,High voltage power surge damage.,False,False,True,No previous repairs,0,N/A,False,0,N/A,True,True,True,True,None,0,True,True,False,False,True,False,False,True,False,False,Invalid Claim
CLM-0731,PRD-00731,Laptop,OmniLap,LP-500,SN-L-000731,SN-L-000731,Matched,2025-03-19,2025-03-09,2025-03-24,5,24,715,Active,Display Failure,Backlight failure without screen crack.,False,False,False,No previous repairs,0,N/A,False,0,N/A,True,True,True,True,None,0,True,True,False,True,True,False,False,True,False,False,Invalid Claim
CLM-0249,PRD-00249,Smartphone,MobileX,SP-200,SN-S-000249,SN-S-000249,Matched,2025-03-19,2025-04-18,2025-04-23,35,12,325,Active,Manufacturing Defect,Internal motherboard defect causing bootloop.,False,False,False,No previous repairs,0,N/A,False,0,N/A,True,True,False,False,Valid Purchase Receipt,1,True,True,False,False,True,False,False,True,False,True,Invalid Claim
CLM-1311,PRD-01311,Television,ViewOptics,TV-55OLED,SN-T-001311,SN-T-001311,Matched,2025-01-24,2025-02-23,2025-02-28,35,18,505,Active,Liquid Damage,Liquid intrusion.,False,True,False,No previous repairs,0,N/A,False,0,N/A,True,True,True,True,None,0,True,True,False,False,True,False,False,True,False,False,Invalid Claim
CLM-1212,PRD-01212,Television,VisionMax,TV-55OLED,SN-T-001212,SN-T-001212,Matched,2025-05-07,2026-11-26,2026-12-01,573,18,0,Expired,Main Board Defect,Smart hub system failure.,False,False,False,No previous repairs,0,N/A,False,0,N/A,True,True,True,True,None,0,True,True,False,False,True,False,False,True,True,False,Invalid Claim
CLM-0687,PRD-00687,Laptop,UltraTech,LP-900,SN-L-000687,SN-L-000687,Matched,2025-04-09,2025-05-09,2025-05-14,35,24,685,Active,Unauthorized Modification,RAM/SSD force modification damage.,False,False,True,No previous repairs,0,N/A,False,0,N/A,True,True,True,True,None,0,True,True,False,False,True,False,False,True,False,False,Invalid Claim
CLM-0257,PRD-00257,Smartphone,MobileX,SP-200,SN-S-000257,SN-S-000257,Matched,2025-03-14,2025-03-04,2025-03-19,5,12,355,Active,Charging Port Failure,Charging connector failure under normal usage.,False,False,False,No previous repairs,0,N/A,False,0,N/A,True,True,True,True,None,0,True,True,False,True,True,False,False,True,False,False,Invalid Claim
CLM-0200,PRD-00200,Smartphone,MobileX,SP-100,SN-S-000200,SN-S-000200,Matched,2025-01-29,2026-01-29,2026-02-03,370,12,0,Expired,Screen Defect (Non-Impact),Touch failure or dead pixels with no physical drop.,False,False,False,No previous repairs,0,N/A,False,0,N/A,True,True,True,True,None,0,True,True,False,False,True,False,False,True,True,False,Invalid Claim
CLM-0764,PRD-00764,Laptop,OmniLap,LP-Pro,SN-L-000764,SN-L-000764,Matched,2025-03-20,2025-04-19,2025-04-24,35,24,685,Active,Unauthorized Modification,RAM/SSD force modification damage.,False,False,True,No previous repairs,0,N/A,False,0,N/A,True,True,True,True,None,0,True,True,False,False,True,False,False,True,False,False,Invalid Claim
CLM-0692,PRD-00692,Laptop,UltraTech,LP-900,SN-L-000692,SN-L-000692,Matched,2025-05-27,2025-05-17,2025-06-01,5,24,715,Active,Motherboard Defect,Component failure on main board.,False,False,False,No previous repairs,0,N/A,False,0,N/A,True,True,True,True,None,0,True,True,False,True,True,False,False,True,False,False,Invalid Claim
CLM-0712,PRD-00712,Laptop,OmniLap,LP-Pro,SN-L-000712,SN-L-000712,Matched,2025-05-22,2025-06-21,2025-06-26,35,24,685,Active,Physical Damage,Hinge broken or chassis damage.,True,False,False,No previous repairs,0,N/A,False,0,N/A,True,True,True,True,None,0,True,True,False,False,True,False,False,True,False,False,Invalid Claim
CLM-1225,PRD-01225,Television,VisionMax,TV-43U,SN-T-001225,SN-T-001225,Matched,2025-05-09,2025-06-08,2025-06-13,35,18,505,Active,Cracked Screen,External screen crack from impact.,False,False,True,No previous repairs,0,N/A,False,0,N/A,True,True,True,True,None,0,True,True,False,False,True,False,False,True,False,False,Invalid Claim
CLM-0213,PRD-00213,Smartphone,MobileX,SP-200,SN-S-000213,SN-S-000213,Matched,2025-01-25,2025-02-24,2025-03-01,35,12,325,Active,Charging Port Failure,Charging connector failure under normal usage.,False,False,False,No previous repairs,0,N/A,False,0,N/A,True,True,False,False,Valid Purchase Receipt,1,True,True,False,False,True,False,False,True,False,True,Invalid Claim
CLM-1252,PRD-01252,Television,CineDisplay,TV-55OLED,SN-T-001252,SN-T-001252,Matched,2025-01-27,2025-01-17,2025-02-01,5,18,535,Active,Power Supply Failure,Internal power board failure.,False,False,False,No previous repairs,0,N/A,False,0,N/A,True,True,True,True,None,0,True,True,False,True,True,False,False,True,False,False,Invalid Claim
CLM-1179,PRD-01179,Television,VisionMax,TV-43U,SN-T-001179,SN-T-001179,Matched,2025-04-01,2025-05-01,2025-05-06,35,18,505,Active,Power Supply Failure,Internal power board failure.,False,False,False,No previous repairs,0,N/A,False,0,N/A,True,True,False,False,Valid Purchase Receipt,1,True,True,False,False,True,False,False,True,False,True,Invalid Claim
CLM-0334,PRD-00334,Smartphone,TechCorp,SP-X,SN-S-000334,SN-S-000334,Matched,2025-05-28,2025-06-27,2025-07-02,35,12,325,Active,Screen Defect (Non-Impact),Touch failure or dead pixels with no physical drop.,False,False,False,No previous repairs,0,N/A,False,0,N/A,True,True,False,False,Valid Purchase Receipt,1,True,True,False,False,True,False,False,True,False,True,Invalid Claim
CLM-0799,PRD-00799,Laptop,OmniLap,LP-900,SN-L-000799,SN-L-000799,Matched,2025-04-27,2027-05-16,2027-05-21,754,24,0,Expired,Keyboard Failure,Multiple keys non-functional.,False,False,False,No previous repairs,0,N/A,False,0,N/A,True,True,True,True,None,0,True,True,False,False,True,False,False,True,True,False,Invalid Claim
CLM-0785,PRD-00785,Laptop,ProBook,LP-Pro,SN-L-000785,SN-L-000785,Matched,2025-04-14,2025-05-14,2025-05-19,35,24,685,Active,Display Failure,Backlight failure without screen crack.,False,False,False,No previous repairs,0,N/A,False,0,N/A,True,True,False,False,Valid Purchase Receipt,1,True,True,False,False,True,False,False,True,False,True,Invalid Claim
CLM-0774,PRD-00774,Laptop,UltraTech,LP-900,SN-L-000774,SN-L-000774,Matched,2025-02-27,2025-03-29,2025-04-03,35,24,685,Active,Keyboard Failure,Multiple keys non-functional.,False,False,False,No previous repairs,0,N/A,False,0,N/A,True,True,False,False,Valid Purchase Receipt,1,True,True,False,False,True,False,False,True,False,True,Invalid Claim
CLM-1167,PRD-01167,Television,ViewOptics,TV-65Q,SN-T-001167,SN-T-001167,Matched,2025-04-05,2026-10-31,2026-11-05,579,18,0,Expired,Display Panel Defect,Internal panel line defect.,False,False,False,No previous repairs,0,N/A,False,0,N/A,True,True,True,True,None,0,True,True,False,False,True,False,False,True,True,False,Invalid Claim
CLM-1325,PRD-01325,Television,ViewOptics,TV-43U,SN-T-001325,SN-T-001325,Matched,2025-05-06,2025-04-26,2025-05-11,5,18,535,Active,Main Board Defect,Smart hub system failure.,False,False,False,No previous repairs,0,N/A,False,0,N/A,True,True,True,True,None,0,True,True,False,True,True,False,False,True,False,False,Invalid Claim
CLM-1173,PRD-01173,Television,ViewOptics,TV-55OLED,SN-T-001173,SN-T-001173,Matched,2025-01-06,2025-02-05,2025-02-10,35,18,505,Active,Display Panel Defect,Internal panel line defect.,False,False,False,No previous repairs,0,N/A,False,0,N/A,True,True,False,False,Valid Purchase Receipt,1,True,True,False,False,True,False,False,True,False,True,Invalid Claim
CLM-1195,PRD-01195,Television,VisionMax,TV-43U,SN-T-001195,SN-T-001195,Matched,2025-01-22,2025-01-12,2025-01-27,5,18,535,Active,Main Board Defect,Smart hub system failure.,False,False,False,No previous repairs,0,N/A,False,0,N/A,True,True,True,True,None,0,True,True,False,True,True,False,False,True,False,False,Invalid Claim
CLM-0740,PRD-00740,Laptop,OmniLap,LP-900,SN-L-000740,SN-L-000740,Matched,2025-05-12,2025-05-02,2025-05-17,5,24,715,Active,Factory SSD Failure,Primary storage failure.,False,False,False,No previous repairs,0,N/A,False,0,N/A,True,True,True,True,None,0,True,True,False,True,True,False,False,True,False,False,Invalid Claim
CLM-1323,PRD-01323,Television,VisionMax,TV-43U,SN-T-001323,SN-T-001323,Matched,2025-03-18,2025-04-17,2025-04-22,35,18,505,Active,Cracked Screen,External screen crack from impact.,False,False,True,No previous repairs,0,N/A,False,0,N/A,True,True,True,True,None,0,True,True,False,False,True,False,False,True,False,False,Invalid Claim
CLM-0715,PRD-00715,Laptop,UltraTech,LP-Pro,SN-L-000715,SN-L-000715,Matched,2025-05-03,2025-04-23,2025-05-08,5,24,715,Active,Display Failure,Backlight failure without screen crack.,False,False,False,No previous repairs,0,N/A,False,0,N/A,True,True,True,True,None,0,True,True,False,True,True,False,False,True,False,False,Invalid Claim
CLM-0683,PRD-00683,Laptop,OmniLap,LP-900,SN-L-000683,SN-L-000683,Matched,2025-04-02,2027-04-27,2027-05-02,760,24,0,Expired,Keyboard Failure,Multiple keys non-functional.,False,False,False,No previous repairs,0,N/A,False,0,N/A,True,True,True,True,None,0,True,True,False,False,True,False,False,True,True,False,Invalid Claim
CLM-0281,PRD-00281,Smartphone,TechCorp,SP-200,SN-S-000281,SN-S-000281,Matched,2025-01-26,2025-02-25,2025-03-02,35,12,325,Active,Screen Defect (Non-Impact),Touch failure or dead pixels with no physical drop.,False,False,False,No previous repairs,0,N/A,False,0,N/A,True,True,False,False,Valid Purchase Receipt,1,True,True,False,False,True,False,False,True,False,True,Invalid Claim
CLM-0246,PRD-00246,Smartphone,TechCorp,SP-X,SN-S-000246,SN-S-000246,Matched,2025-01-20,2025-02-19,2025-02-24,35,12,325,Active,Unauthorized Repair,Device opened by third-party technician.,False,False,True,No previous repairs,0,N/A,False,0,N/A,True,True,True,True,None,0,True,True,False,False,True,False,False,True,False,False,Invalid Claim
CLM-1295,PRD-01295,Television,CineDisplay,TV-43U,SN-T-001295,SN-T-001295,Matched,2025-01-05,2025-02-04,2025-02-09,35,18,505,Active,Liquid Damage,Liquid intrusion.,False,True,False,No previous repairs,0,N/A,False,0,N/A,True,True,True,True,None,0,True,True,False,False,True,False,False,True,False,False,Invalid Claim
CLM-0716,PRD-00716,Laptop,UltraTech,LP-500,SN-L-000716,SN-L-000716,Matched,2025-05-14,2027-06-02,2027-06-07,754,24,0,Expired,Motherboard Defect,Component failure on main board.,False,False,False,No previous repairs,0,N/A,False,0,N/A,True,True,True,True,None,0,True,True,False,False,True,False,False,True,True,False,Invalid Claim
CLM-0188,PRD-00188,Smartphone,TechCorp,SP-100,SN-S-000188,SN-S-000188,Matched,2025-01-12,2026-02-12,2026-02-17,401,12,0,Expired,Battery Manufacturing Defect,Battery swelling or sudden degradation.,False,False,False,No previous repairs,0,N/A,False,0,N/A,True,True,True,True,None,0,True,True,False,False,True,False,False,True,True,False,Invalid Claim
CLM-0711,PRD-00711,Laptop,UltraTech,LP-Pro,SN-L-000711,SN-L-000711,Matched,2025-05-12,2025-06-11,2025-06-16,35,24,685,Active,Display Failure,Backlight failure without screen crack.,False,False,False,No previous repairs,0,N/A,False,0,N/A,True,True,False,False,Valid Purchase Receipt,1,True,True,False,False,True,False,False,True,False,True,Invalid Claim
CLM-1284,PRD-01284,Television,CineDisplay,TV-55OLED,SN-T-001284,SN-T-001284,Matched,2025-03-24,2026-09-26,2026-10-01,556,18,0,Expired,Power Supply Failure,Internal power board failure.,False,False,False,No previous repairs,0,N/A,False,0,N/A,True,True,True,True,None,0,True,True,False,False,True,False,False,True,True,False,Invalid Claim
CLM-1447,PRD-01447,Television,ViewOptics,TV-55OLED,SN-T-001447,SN-T-001447,Matched,2025-04-06,2025-05-16,2025-05-21,45,18,495,Active,Power Supply Failure,Internal power board failure.,False,False,False,No previous repairs,0,N/A,False,0,N/A,True,True,True,True,None,0,True,True,True,False,True,False,False,False,False,True,Manual Review
CLM-1408,PRD-01408,Television,VisionMax,TV-55OLED,SN-T-001408,SN-T-999999,Mismatch,2025-03-08,2025-04-17,2025-04-22,45,18,495,Active,Power Supply Failure,Internal power board failure.,False,False,False,No previous repairs,0,N/A,False,0,N/A,True,True,True,True,None,0,True,False,False,False,True,True,False,False,False,True,Manual Review
CLM-1496,PRD-01496,Television,CineDisplay,TV-65Q,SN-T-001496,SN-T-001496,Matched,2025-04-27,2025-06-06,2025-06-11,45,18,495,Active,Display Panel Defect,Internal panel line defect.,False,False,False,Unauthorized repair attempt reported,1,2025-06-01,False,0,N/A,False,True,True,True,None,0,True,True,False,False,True,True,True,False,False,True,Manual Review
CLM-1410,PRD-01410,Television,CineDisplay,TV-43U,SN-T-001410,SN-T-999999,Mismatch,2025-01-31,2025-03-12,2025-03-17,45,18,495,Active,Main Board Defect,Smart hub system failure.,False,False,False,No previous repairs,0,N/A,False,0,N/A,True,True,True,True,None,0,True,False,False,False,True,False,False,False,False,True,Manual Review
CLM-1357,PRD-01357,Television,VisionMax,TV-43U,SN-T-001357,SN-T-001357,Matched,2025-02-16,2025-03-28,2025-04-02,45,18,495,Active,Display Panel Defect,Internal panel line defect.,False,False,False,Unauthorized repair attempt reported,1,2025-03-23,False,0,N/A,False,True,True,True,None,0,True,True,False,False,True,False,False,False,False,True,Manual Review
CLM-1426,PRD-01426,Television,VisionMax,TV-55OLED,SN-T-001426,SN-T-999999,Mismatch,2025-05-16,2025-06-25,2025-06-30,45,18,495,Active,Main Board Defect,Smart hub system failure.,False,False,False,No previous repairs,0,N/A,False,0,N/A,True,True,True,True,None,0,True,False,False,False,True,False,False,False,False,True,Manual Review
CLM-1394,PRD-01394,Television,VisionMax,TV-43U,SN-T-001394,SN-T-001394,Matched,2025-02-09,2025-03-21,2025-03-26,45,18,495,Active,Main Board Defect,Smart hub system failure.,False,False,False,Unauthorized repair attempt reported,1,2025-03-16,False,0,N/A,False,True,True,True,None,0,True,True,False,False,True,False,False,False,False,True,Manual Review
CLM-0362,PRD-00362,Smartphone,MobileX,SP-100,SN-S-000362,SN-S-000362,Matched,2025-04-28,2025-06-07,2025-06-12,45,12,315,Active,Battery Manufacturing Defect,Battery swelling or sudden degradation.,False,False,False,No previous repairs,0,N/A,False,0,N/A,True,True,True,True,None,0,True,True,True,False,True,False,False,False,False,True,Manual Review
CLM-0852,PRD-00852,Laptop,ProBook,LP-Pro,SN-L-000852,SN-L-000852,Matched,2025-02-03,2025-03-15,2025-03-20,45,24,675,Active,Keyboard Failure,Multiple keys non-functional.,False,False,False,No previous repairs,0,N/A,False,0,N/A,True,True,True,True,Warranty Card|Diagnostic Report,2,False,True,False,False,True,False,False,False,False,True,Manual Review
CLM-0496,PRD-00496,Smartphone,MobileX,SP-X,SN-S-000496,SN-S-000496,Matched,2025-04-04,2025-05-14,2025-05-19,45,12,315,Active,Manufacturing Defect,Internal motherboard defect causing bootloop.,False,False,False,Unauthorized repair attempt reported,1,2025-05-09,False,0,N/A,False,True,True,True,None,0,True,True,False,False,True,True,True,False,False,True,Manual Review
CLM-1337,PRD-01337,Television,ViewOptics,TV-65Q,SN-T-001337,SN-T-001337,Matched,2025-02-13,2025-03-25,2025-03-30,45,18,495,Active,Display Panel Defect,Internal panel line defect.,False,False,False,Unauthorized repair attempt reported,1,2025-03-20,False,0,N/A,False,True,True,True,None,0,True,True,False,False,True,False,False,False,False,True,Manual Review
CLM-1479,PRD-01479,Television,VisionMax,TV-65Q,SN-T-001479,SN-T-001479,Matched,2025-05-17,2025-06-26,2025-07-01,45,18,495,Active,Main Board Defect,Smart hub system failure.,False,False,False,No previous repairs,0,N/A,False,0,N/A,True,True,True,True,Warranty Card|Diagnostic Report,2,False,True,False,False,True,False,False,False,False,True,Manual Review
CLM-1478,PRD-01478,Television,ViewOptics,TV-65Q,SN-T-001478,SN-T-001478,Matched,2025-02-24,2025-04-05,2025-04-10,45,18,495,Active,Main Board Defect,Smart hub system failure.,False,False,False,No previous repairs,0,N/A,False,0,N/A,True,True,True,True,None,0,True,True,True,False,True,True,False,False,False,True,Manual Review
CLM-0464,PRD-00464,Smartphone,ApexPhone,SP-X,SN-S-000464,SN-S-999999,Mismatch,2025-01-07,2025-02-16,2025-02-21,45,12,315,Active,Charging Port Failure,Charging connector failure under normal usage.,False,False,False,No previous repairs,0,N/A,False,0,N/A,True,True,True,True,None,0,True,False,False,False,True,False,False,False,False,True,Manual Review
CLM-0891,PRD-00891,Laptop,ProBook,LP-900,SN-L-000891,SN-L-000891,Matched,2025-04-08,2025-05-18,2025-05-23,45,24,675,Active,Motherboard Defect,Component failure on main board.,False,False,False,No previous repairs,0,N/A,False,0,N/A,True,True,True,True,Warranty Card|Diagnostic Report,2,False,True,False,False,True,True,False,False,False,True,Manual Review
CLM-0410,PRD-00410,Smartphone,TechCorp,SP-200,SN-S-000410,SN-S-000410,Matched,2025-04-08,2025-05-18,2025-05-23,45,12,315,Active,Battery Manufacturing Defect,Battery swelling or sudden degradation.,False,False,False,Unauthorized repair attempt reported,1,2025-05-13,False,0,N/A,False,True,True,True,None,0,True,True,False,False,True,False,False,False,False,True,Manual Review
CLM-0373,PRD-00373,Smartphone,ApexPhone,SP-100,SN-S-000373,SN-S-000373,Matched,2025-04-15,2025-05-25,2025-05-30,45,12,315,Active,Charging Port Failure,Charging connector failure under normal usage.,False,False,False,Unauthorized repair attempt reported,1,2025-05-20,False,0,N/A,False,True,True,True,None,0,True,True,False,False,True,True,True,False,False,True,Manual Review
CLM-0480,PRD-00480,Smartphone,TechCorp,SP-X,SN-S-000480,SN-S-000480,Matched,2025-04-21,2025-05-31,2025-06-05,45,12,315,Active,Charging Port Failure,Charging connector failure under normal usage.,False,False,False,No previous repairs,0,N/A,False,0,N/A,True,True,True,True,Warranty Card|Diagnostic Report,2,False,True,False,False,True,True,False,False,False,True,Manual Review
CLM-1411,PRD-01411,Television,ViewOptics,TV-55OLED,SN-T-001411,SN-T-001411,Matched,2025-04-01,2025-05-11,2025-05-16,45,18,495,Active,Display Panel Defect,Internal panel line defect.,False,False,False,No previous repairs,0,N/A,False,0,N/A,True,True,True,True,None,0,True,True,True,False,True,True,False,False,False,True,Manual Review
CLM-0850,PRD-00850,Laptop,UltraTech,LP-500,SN-L-000850,SN-L-999999,Mismatch,2025-05-08,2025-06-17,2025-06-22,45,24,675,Active,Factory SSD Failure,Primary storage failure.,False,False,False,No previous repairs,0,N/A,False,0,N/A,True,True,True,True,None,0,True,False,False,False,True,False,False,False,False,True,Manual Review
CLM-0440,PRD-00440,Smartphone,TechCorp,SP-X,SN-S-000440,SN-S-999999,Mismatch,2025-03-13,2025-04-22,2025-04-27,45,12,315,Active,Manufacturing Defect,Internal motherboard defect causing bootloop.,False,False,False,No previous repairs,0,N/A,False,0,N/A,True,True,True,True,None,0,True,False,False,False,True,False,False,False,False,True,Manual Review
CLM-0984,PRD-00984,Laptop,UltraTech,LP-Pro,SN-L-000984,SN-L-000984,Matched,2025-02-11,2025-03-23,2025-03-28,45,24,675,Active,Motherboard Defect,Component failure on main board.,False,False,False,No previous repairs,0,N/A,False,0,N/A,True,True,True,True,Warranty Card|Diagnostic Report,2,False,True,False,False,True,True,False,False,False,True,Manual Review
CLM-1399,PRD-01399,Television,CineDisplay,TV-43U,SN-T-001399,SN-T-001399,Matched,2025-05-16,2025-06-25,2025-06-30,45,18,495,Active,Display Panel Defect,Internal panel line defect.,False,False,False,Unauthorized repair attempt reported,1,2025-06-20,False,0,N/A,False,True,True,True,None,0,True,True,False,False,True,False,False,False,False,True,Manual Review
CLM-0461,PRD-00461,Smartphone,MobileX,SP-200,SN-S-000461,SN-S-000461,Matched,2025-02-15,2025-03-27,2025-04-01,45,12,315,Active,Charging Port Failure,Charging connector failure under normal usage.,False,False,False,No previous repairs,0,N/A,False,0,N/A,True,True,True,True,None,0,True,True,True,False,True,False,False,False,False,True,Manual Review
CLM-1464,PRD-01464,Television,VisionMax,TV-65Q,SN-T-001464,SN-T-999999,Mismatch,2025-02-13,2025-03-25,2025-03-30,45,18,495,Active,Power Supply Failure,Internal power board failure.,False,False,False,No previous repairs,0,N/A,False,0,N/A,True,True,True,True,None,0,True,False,False,False,True,True,False,False,False,True,Manual Review
CLM-1442,PRD-01442,Television,CineDisplay,TV-55OLED,SN-T-001442,SN-T-999999,Mismatch,2025-04-17,2025-05-27,2025-06-01,45,18,495,Active,Display Panel Defect,Internal panel line defect.,False,False,False,No previous repairs,0,N/A,False,0,N/A,True,True,True,True,None,0,True,False,False,False,True,True,False,False,False,True,Manual Review
CLM-0837,PRD-00837,Laptop,UltraTech,LP-500,SN-L-000837,SN-L-000837,Matched,2025-04-13,2025-05-23,2025-05-28,45,24,675,Active,Display Failure,Backlight failure without screen crack.,False,False,False,No previous repairs,0,N/A,False,0,N/A,True,True,True,True,Warranty Card|Diagnostic Report,2,False,True,False,False,True,True,False,False,False,True,Manual Review
CLM-0928,PRD-00928,Laptop,UltraTech,LP-900,SN-L-000928,SN-L-000928,Matched,2025-02-09,2025-03-21,2025-03-26,45,24,675,Active,Keyboard Failure,Multiple keys non-functional.,False,False,False,No previous repairs,0,N/A,False,0,N/A,True,True,True,True,None,0,True,True,True,False,True,False,False,False,False,True,Manual Review
CLM-1389,PRD-01389,Television,CineDisplay,TV-55OLED,SN-T-001389,SN-T-001389,Matched,2025-05-05,2025-06-14,2025-06-19,45,18,495,Active,Power Supply Failure,Internal power board failure.,False,False,False,No previous repairs,0,N/A,False,0,N/A,True,True,True,True,None,0,True,True,True,False,True,False,False,False,False,True,Manual Review
CLM-1370,PRD-01370,Television,VisionMax,TV-43U,SN-T-001370,SN-T-001370,Matched,2025-04-13,2025-05-23,2025-05-28,45,18,495,Active,Display Panel Defect,Internal panel line defect.,False,False,False,No previous repairs,0,N/A,False,0,N/A,True,True,True,True,Warranty Card|Diagnostic Report,2,False,True,False,False,True,True,False,False,False,True,Manual Review
CLM-0920,PRD-00920,Laptop,OmniLap,LP-900,SN-L-000920,SN-L-999999,Mismatch,2025-04-20,2025-05-30,2025-06-04,45,24,675,Active,Motherboard Defect,Component failure on main board.,False,False,False,No previous repairs,0,N/A,False,0,N/A,True,True,True,True,None,0,True,False,False,False,True,True,False,False,False,True,Manual Review
CLM-1346,PRD-01346,Television,CineDisplay,TV-43U,SN-T-001346,SN-T-001346,Matched,2025-04-09,2025-05-19,2025-05-24,45,18,495,Active,Main Board Defect,Smart hub system failure.,False,False,False,Unauthorized repair attempt reported,1,2025-05-14,False,0,N/A,False,True,True,True,None,0,True,True,False,False,True,False,False,False,False,True,Manual Review
CLM-1454,PRD-01454,Television,CineDisplay,TV-65Q,SN-T-001454,SN-T-999999,Mismatch,2025-04-15,2025-05-25,2025-05-30,45,18,495,Active,Power Supply Failure,Internal power board failure.,False,False,False,No previous repairs,0,N/A,False,0,N/A,True,True,True,True,None,0,True,False,False,False,True,False,False,False,False,True,Manual Review
CLM-1487,PRD-01487,Television,ViewOptics,TV-65Q,SN-T-001487,SN-T-999999,Mismatch,2025-04-02,2025-05-12,2025-05-17,45,18,495,Active,Power Supply Failure,Internal power board failure.,False,False,False,No previous repairs,0,N/A,False,0,N/A,True,True,True,True,None,0,True,False,False,False,True,True,False,False,False,True,Manual Review
CLM-1439,PRD-01439,Television,VisionMax,TV-43U,SN-T-001439,SN-T-999999,Mismatch,2025-01-16,2025-02-25,2025-03-02,45,18,495,Active,Power Supply Failure,Internal power board failure.,False,False,False,No previous repairs,0,N/A,False,0,N/A,True,True,True,True,None,0,True,False,False,False,True,False,False,False,False,True,Manual Review
CLM-1422,PRD-01422,Television,ViewOptics,TV-43U,SN-T-001422,SN-T-001422,Matched,2025-01-03,2025-02-12,2025-02-17,45,18,495,Active,Main Board Defect,Smart hub system failure.,False,False,False,No previous repairs,0,N/A,False,0,N/A,True,True,True,True,Warranty Card|Diagnostic Report,2,False,True,False,False,True,True,False,False,False,True,Manual Review
CLM-0914,PRD-00914,Laptop,OmniLap,LP-Pro,SN-L-000914,SN-L-999999,Mismatch,2025-01-19,2025-02-28,2025-03-05,45,24,675,Active,Motherboard Defect,Component failure on main board.,False,False,False,No previous repairs,0,N/A,False,0,N/A,True,True,True,True,None,0,True,False,False,False,True,False,False,False,False,True,Manual Review
CLM-1446,PRD-01446,Television,CineDisplay,TV-55OLED,SN-T-001446,SN-T-999999,Mismatch,2025-01-11,2025-02-20,2025-02-25,45,18,495,Active,Main Board Defect,Smart hub system failure.,False,False,False,No previous repairs,0,N/A,False,0,N/A,True,True,True,True,None,0,True,False,False,False,True,True,False,False,False,True,Manual Review
CLM-0375,PRD-00375,Smartphone,ApexPhone,SP-X,SN-S-000375,SN-S-000375,Matched,2025-01-10,2025-02-19,2025-02-24,45,12,315,Active,Screen Defect (Non-Impact),Touch failure or dead pixels with no physical drop.,False,False,False,Unauthorized repair attempt reported,1,2025-02-14,False,0,N/A,False,True,True,True,None,0,True,True,False,False,True,True,True,False,False,True,Manual Review
CLM-0955,PRD-00955,Laptop,UltraTech,LP-Pro,SN-L-000955,SN-L-999999,Mismatch,2025-05-17,2025-06-26,2025-07-01,45,24,675,Active,Motherboard Defect,Component failure on main board.,False,False,False,No previous repairs,0,N/A,False,0,N/A,True,True,True,True,None,0,True,False,False,False,True,True,False,False,False,True,Manual Review
CLM-0996,PRD-00996,Laptop,ProBook,LP-500,SN-L-000996,SN-L-999999,Mismatch,2025-04-17,2025-05-27,2025-06-01,45,24,675,Active,Keyboard Failure,Multiple keys non-functional.,False,False,False,No previous repairs,0,N/A,False,0,N/A,True,True,True,True,None,0,True,False,False,False,True,False,False,False,False,True,Manual Review
CLM-1473,PRD-01473,Television,CineDisplay,TV-65Q,SN-T-001473,SN-T-001473,Matched,2025-02-02,2025-03-14,2025-03-19,45,18,495,Active,Power Supply Failure,Internal power board failure.,False,False,False,Unauthorized repair attempt reported,1,2025-03-09,False,0,N/A,False,True,True,True,None,0,True,True,False,False,True,False,False,False,False,True,Manual Review
CLM-0927,PRD-00927,Laptop,ProBook,LP-Pro,SN-L-000927,SN-L-000927,Matched,2025-03-12,2025-04-21,2025-04-26,45,24,675,Active,Keyboard Failure,Multiple keys non-functional.,False,False,False,No previous repairs,0,N/A,False,0,N/A,True,True,True,True,Warranty Card|Diagnostic Report,2,False,True,False,False,True,True,False,False,False,True,Manual Review
CLM-0360,PRD-00360,Smartphone,ApexPhone,SP-100,SN-S-000360,SN-S-000360,Matched,2025-04-16,2025-05-26,2025-05-31,45,12,315,Active,Charging Port Failure,Charging connector failure under normal usage.,False,False,False,No previous repairs,0,N/A,False,0,N/A,True,True,True,True,Warranty Card|Diagnostic Report,2,False,True,False,False,True,True,False,False,False,True,Manual Review
CLM-0424,PRD-00424,Smartphone,TechCorp,SP-100,SN-S-000424,SN-S-000424,Matched,2025-03-26,2025-05-05,2025-05-10,45,12,315,Active,Screen Defect (Non-Impact),Touch failure or dead pixels with no physical drop.,False,False,False,Unauthorized repair attempt reported,1,2025-04-30,False,0,N/A,False,True,True,True,None,0,True,True,False,False,True,True,True,False,False,True,Manual Review
CLM-1450,PRD-01450,Television,VisionMax,TV-65Q,SN-T-001450,SN-T-001450,Matched,2025-03-31,2025-05-10,2025-05-15,45,18,495,Active,Display Panel Defect,Internal panel line defect.,False,False,False,No previous repairs,0,N/A,False,0,N/A,True,True,True,True,Warranty Card|Diagnostic Report,2,False,True,False,False,True,False,False,False,False,True,Manual Review
CLM-0944,PRD-00944,Laptop,OmniLap,LP-Pro,SN-L-000944,SN-L-999999,Mismatch,2025-01-07,2025-02-16,2025-02-21,45,24,675,Active,Display Failure,Backlight failure without screen crack.,False,False,False,No previous repairs,0,N/A,False,0,N/A,True,True,True,True,None,0,True,False,False,False,True,False,False,False,False,True,Manual Review
CLM-0441,PRD-00441,Smartphone,TechCorp,SP-100,SN-S-000441,SN-S-000441,Matched,2025-05-31,2025-07-10,2025-07-15,45,12,315,Active,Screen Defect (Non-Impact),Touch failure or dead pixels with no physical drop.,False,False,False,Unauthorized repair attempt reported,1,2025-07-05,False,0,N/A,False,True,True,True,None,0,True,True,False,False,True,True,True,False,False,True,Manual Review
CLM-0999,PRD-00999,Laptop,ProBook,LP-900,SN-L-000999,SN-L-000999,Matched,2025-05-21,2025-06-30,2025-07-05,45,24,675,Active,Motherboard Defect,Component failure on main board.,False,False,False,No previous repairs,0,N/A,False,0,N/A,True,True,True,True,None,0,True,True,True,False,True,False,False,False,False,True,Manual Review
CLM-0380,PRD-00380,Smartphone,ApexPhone,SP-200,SN-S-000380,SN-S-000380,Matched,2025-02-17,2025-03-29,2025-04-03,45,12,315,Active,Manufacturing Defect,Internal motherboard defect causing bootloop.,False,False,False,No previous repairs,0,N/A,False,0,N/A,True,True,True,True,None,0,True,True,True,False,True,False,False,False,False,True,Manual Review
CLM-1449,PRD-01449,Television,ViewOptics,TV-55OLED,SN-T-001449,SN-T-001449,Matched,2025-02-25,2025-04-06,2025-04-11,45,18,495,Active,Display Panel Defect,Internal panel line defect.,False,False,False,Unauthorized repair attempt reported,1,2025-04-01,False,0,N/A,False,True,True,True,None,0,True,True,False,False,True,True,True,False,False,True,Manual Review
CLM-0957,PRD-00957,Laptop,OmniLap,LP-900,SN-L-000957,SN-L-000957,Matched,2025-03-27,2025-05-06,2025-05-11,45,24,675,Active,Factory SSD Failure,Primary storage failure.,False,False,False,Unauthorized repair attempt reported,1,2025-05-01,False,0,N/A,False,True,True,True,None,0,True,True,False,False,True,True,True,False,False,True,Manual Review
CLM-0486,PRD-00486,Smartphone,ApexPhone,SP-100,SN-S-000486,SN-S-999999,Mismatch,2025-03-22,2025-05-01,2025-05-06,45,12,315,Active,Manufacturing Defect,Internal motherboard defect causing bootloop.,False,False,False,No previous repairs,0,N/A,False,0,N/A,True,True,True,True,None,0,True,False,False,False,True,False,False,False,False,True,Manual Review
CLM-0458,PRD-00458,Smartphone,MobileX,SP-100,SN-S-000458,SN-S-000458,Matched,2025-02-04,2025-03-16,2025-03-21,45,12,315,Active,Battery Manufacturing Defect,Battery swelling or sudden degradation.,False,False,False,No previous repairs,0,N/A,False,0,N/A,True,True,True,True,Warranty Card|Diagnostic Report,2,False,True,False,False,True,False,False,False,False,True,Manual Review
CLM-0491,PRD-00491,Smartphone,MobileX,SP-100,SN-S-000491,SN-S-999999,Mismatch,2025-05-05,2025-06-14,2025-06-19,45,12,315,Active,Screen Defect (Non-Impact),Touch failure or dead pixels with no physical drop.,False,False,False,No previous repairs,0,N/A,False,0,N/A,True,True,True,True,None,0,True,False,False,False,True,False,False,False,False,True,Manual Review
CLM-1379,PRD-01379,Television,CineDisplay,TV-55OLED,SN-T-001379,SN-T-001379,Matched,2025-03-05,2025-04-14,2025-04-19,45,18,495,Active,Main Board Defect,Smart hub system failure.,False,False,False,Unauthorized repair attempt reported,1,2025-04-09,False,0,N/A,False,True,True,True,None,0,True,True,False,False,True,False,False,False,False,True,Manual Review
CLM-1451,PRD-01451,Television,ViewOptics,TV-65Q,SN-T-001451,SN-T-001451,Matched,2025-03-21,2025-04-30,2025-05-05,45,18,495,Active,Main Board Defect,Smart hub system failure.,False,False,False,Unauthorized repair attempt reported,1,2025-04-25,False,0,N/A,False,True,True,True,None,0,True,True,False,False,True,False,False,False,False,True,Manual Review
CLM-0451,PRD-00451,Smartphone,MobileX,SP-200,SN-S-000451,SN-S-000451,Matched,2025-05-23,2025-07-02,2025-07-07,45,12,315,Active,Charging Port Failure,Charging connector failure under normal usage.,False,False,False,No previous repairs,0,N/A,False,0,N/A,True,True,True,True,Warranty Card|Diagnostic Report,2,False,True,False,False,True,True,False,False,False,True,Manual Review
CLM-0845,PRD-00845,Laptop,ProBook,LP-Pro,SN-L-000845,SN-L-000845,Matched,2025-04-19,2025-05-29,2025-06-03,45,24,675,Active,Factory SSD Failure,Primary storage failure.,False,False,False,No previous repairs,0,N/A,False,0,N/A,True,True,True,True,Warranty Card|Diagnostic Report,2,False,True,False,False,True,False,False,False,False,True,Manual Review
CLM-1366,PRD-01366,Television,ViewOptics,TV-65Q,SN-T-001366,SN-T-001366,Matched,2025-03-10,2025-04-19,2025-04-24,45,18,495,Active,Main Board Defect,Smart hub system failure.,False,False,False,No previous repairs,0,N/A,False,0,N/A,True,True,True,True,Warranty Card|Diagnostic Report,2,False,True,False,False,True,False,False,False,False,True,Manual Review
CLM-1383,PRD-01383,Television,CineDisplay,TV-65Q,SN-T-001383,SN-T-999999,Mismatch,2025-04-29,2025-06-08,2025-06-13,45,18,495,Active,Display Panel Defect,Internal panel line defect.,False,False,False,No previous repairs,0,N/A,False,0,N/A,True,True,True,True,None,0,True,False,False,False,True,False,False,False,False,True,Manual Review
CLM-0844,PRD-00844,Laptop,ProBook,LP-Pro,SN-L-000844,SN-L-999999,Mismatch,2025-03-13,2025-04-22,2025-04-27,45,24,675,Active,Factory SSD Failure,Primary storage failure.,False,False,False,No previous repairs,0,N/A,False,0,N/A,True,True,True,True,None,0,True,False,False,False,True,True,False,False,False,True,Manual Review
CLM-0471,PRD-00471,Smartphone,TechCorp,SP-X,SN-S-000471,SN-S-000471,Matched,2025-05-13,2025-06-22,2025-06-27,45,12,315,Active,Screen Defect (Non-Impact),Touch failure or dead pixels with no physical drop.,False,False,False,Unauthorized repair attempt reported,1,2025-06-17,False,0,N/A,False,True,True,True,None,0,True,True,False,False,True,False,False,False,False,True,Manual Review
CLM-1412,PRD-01412,Television,CineDisplay,TV-65Q,SN-T-001412,SN-T-001412,Matched,2025-01-27,2025-03-08,2025-03-13,45,18,495,Active,Main Board Defect,Smart hub system failure.,False,False,False,No previous repairs,0,N/A,False,0,N/A,True,True,True,True,Warranty Card|Diagnostic Report,2,False,True,False,False,True,False,False,False,False,True,Manual Review
CLM-1466,PRD-01466,Television,VisionMax,TV-65Q,SN-T-001466,SN-T-001466,Matched,2025-03-25,2025-05-04,2025-05-09,45,18,495,Active,Display Panel Defect,Internal panel line defect.,False,False,False,No previous repairs,0,N/A,False,0,N/A,True,True,True,True,Warranty Card|Diagnostic Report,2,False,True,False,False,True,True,False,False,False,True,Manual Review
CLM-0864,PRD-00864,Laptop,ProBook,LP-900,SN-L-000864,SN-L-000864,Matched,2025-02-28,2025-04-09,2025-04-14,45,24,675,Active,Display Failure,Backlight failure without screen crack.,False,False,False,No previous repairs,0,N/A,False,0,N/A,True,True,True,True,None,0,True,True,True,False,True,False,False,False,False,True,Manual Review
CLM-0374,PRD-00374,Smartphone,MobileX,SP-200,SN-S-000374,SN-S-000374,Matched,2025-03-15,2025-04-24,2025-04-29,45,12,315,Active,Manufacturing Defect,Internal motherboard defect causing bootloop.,False,False,False,No previous repairs,0,N/A,False,0,N/A,True,True,True,True,Warranty Card|Diagnostic Report,2,False,True,False,False,True,True,False,False,False,True,Manual Review
CLM-0839,PRD-00839,Laptop,OmniLap,LP-Pro,SN-L-000839,SN-L-999999,Mismatch,2025-02-18,2025-03-30,2025-04-04,45,24,675,Active,Factory SSD Failure,Primary storage failure.,False,False,False,No previous repairs,0,N/A,False,0,N/A,True,True,True,True,None,0,True,False,False,False,True,True,False,False,False,True,Manual Review
CLM-1482,PRD-01482,Television,CineDisplay,TV-55OLED,SN-T-001482,SN-T-001482,Matched,2025-03-11,2025-04-20,2025-04-25,45,18,495,Active,Display Panel Defect,Internal panel line defect.,False,False,False,No previous repairs,0,N/A,False,0,N/A,True,True,True,True,None,0,True,True,True,False,True,False,False,False,False,True,Manual Review
CLM-0495,PRD-00495,Smartphone,TechCorp,SP-200,SN-S-000495,SN-S-000495,Matched,2025-05-25,2025-07-04,2025-07-09,45,12,315,Active,Charging Port Failure,Charging connector failure under normal usage.,False,False,False,No previous repairs,0,N/A,False,0,N/A,True,True,True,True,Warranty Card|Diagnostic Report,2,False,True,False,False,True,True,False,False,False,True,Manual Review
CLM-1336,PRD-01336,Television,CineDisplay,TV-65Q,SN-T-001336,SN-T-001336,Matched,2025-02-28,2025-04-09,2025-04-14,45,18,495,Active,Display Panel Defect,Internal panel line defect.,False,False,False,Unauthorized repair attempt reported,1,2025-04-04,False,0,N/A,False,True,True,True,None,0,True,True,False,False,True,True,True,False,False,True,Manual Review
CLM-1416,PRD-01416,Television,CineDisplay,TV-43U,SN-T-001416,SN-T-001416,Matched,2025-02-09,2025-03-21,2025-03-26,45,18,495,Active,Main Board Defect,Smart hub system failure.,False,False,False,No previous repairs,0,N/A,False,0,N/A,True,True,True,True,None,0,True,True,True,False,True,False,False,False,False,True,Manual Review
CLM-0336,PRD-00336,Smartphone,MobileX,SP-100,SN-S-000336,SN-S-000336,Matched,2025-04-14,2025-05-24,2025-05-29,45,12,315,Active,Battery Manufacturing Defect,Battery swelling or sudden degradation.,False,False,False,Unauthorized repair attempt reported,1,2025-05-19,False,0,N/A,False,True,True,True,None,0,True,True,False,False,True,True,True,False,False,True,Manual Review
CLM-0468,PRD-00468,Smartphone,ApexPhone,SP-100,SN-S-000468,SN-S-000468,Matched,2025-04-03,2025-05-13,2025-05-18,45,12,315,Active,Manufacturing Defect,Internal motherboard defect causing bootloop.,False,False,False,No previous repairs,0,N/A,False,0,N/A,True,True,True,True,Warranty Card|Diagnostic Report,2,False,True,False,False,True,True,False,False,False,True,Manual Review
CLM-0982,PRD-00982,Laptop,UltraTech,LP-900,SN-L-000982,SN-L-000982,Matched,2025-03-24,2025-05-03,2025-05-08,45,24,675,Active,Factory SSD Failure,Primary storage failure.,False,False,False,No previous repairs,0,N/A,False,0,N/A,True,True,True,True,Warranty Card|Diagnostic Report,2,False,True,False,False,True,True,False,False,False,True,Manual Review
CLM-0894,PRD-00894,Laptop,OmniLap,LP-900,SN-L-000894,SN-L-000894,Matched,2025-03-24,2025-05-03,2025-05-08,45,24,675,Active,Keyboard Failure,Multiple keys non-functional.,False,False,False,No previous repairs,0,N/A,False,0,N/A,True,True,True,True,Warranty Card|Diagnostic Report,2,False,True,False,False,True,True,False,False,False,True,Manual Review
CLM-0884,PRD-00884,Laptop,ProBook,LP-Pro,SN-L-000884,SN-L-000884,Matched,2025-04-27,2025-06-06,2025-06-11,45,24,675,Active,Factory SSD Failure,Primary storage failure.,False,False,False,No previous repairs,0,N/A,False,0,N/A,True,True,True,True,None,0,True,True,True,False,True,False,False,False,False,True,Manual Review
CLM-0363,PRD-00363,Smartphone,ApexPhone,SP-200,SN-S-000363,SN-S-000363,Matched,2025-02-19,2025-03-31,2025-04-05,45,12,315,Active,Screen Defect (Non-Impact),Touch failure or dead pixels with no physical drop.,False,False,False,No previous repairs,0,N/A,False,0,N/A,True,True,True,True,None,0,True,True,True,False,True,False,False,False,False,True,Manual Review
CLM-1405,PRD-01405,Television,VisionMax,TV-65Q,SN-T-001405,SN-T-001405,Matched,2025-02-23,2025-04-04,2025-04-09,45,18,495,Active,Power Supply Failure,Internal power board failure.,False,False,False,No previous repairs,0,N/A,False,0,N/A,True,True,True,True,Warranty Card|Diagnostic Report,2,False,True,False,False,True,False,False,False,False,True,Manual Review
CLM-0354,PRD-00354,Smartphone,MobileX,SP-X,SN-S-000354,SN-S-000354,Matched,2025-03-18,2025-04-27,2025-05-02,45,12,315,Active,Battery Manufacturing Defect,Battery swelling or sudden degradation.,False,False,False,Unauthorized repair attempt reported,1,2025-04-22,False,0,N/A,False,True,True,True,None,0,True,True,False,False,True,False,False,False,False,True,Manual Review
CLM-1498,PRD-01498,Television,ViewOptics,TV-55OLED,SN-T-001498,SN-T-999999,Mismatch,2025-05-13,2025-06-22,2025-06-27,45,18,495,Active,Display Panel Defect,Internal panel line defect.,False,False,False,No previous repairs,0,N/A,False,0,N/A,True,True,True,True,None,0,True,False,False,False,True,True,False,False,False,True,Manual Review
CLM-0454,PRD-00454,Smartphone,ApexPhone,SP-X,SN-S-000454,SN-S-999999,Mismatch,2025-02-13,2025-03-25,2025-03-30,45,12,315,Active,Charging Port Failure,Charging connector failure under normal usage.,False,False,False,No previous repairs,0,N/A,False,0,N/A,True,True,True,True,None,0,True,False,False,False,True,True,False,False,False,True,Manual Review
CLM-0477,PRD-00477,Smartphone,TechCorp,SP-X,SN-S-000477,SN-S-000477,Matched,2025-01-30,2025-03-11,2025-03-16,45,12,315,Active,Manufacturing Defect,Internal motherboard defect causing bootloop.,False,False,False,No previous repairs,0,N/A,False,0,N/A,True,True,True,True,None,0,True,True,True,False,True,True,False,False,False,True,Manual Review
CLM-0854,PRD-00854,Laptop,OmniLap,LP-500,SN-L-000854,SN-L-999999,Mismatch,2025-05-02,2025-06-11,2025-06-16,45,24,675,Active,Motherboard Defect,Component failure on main board.,False,False,False,No previous repairs,0,N/A,False,0,N/A,True,True,True,True,None,0,True,False,False,False,True,False,False,False,False,True,Manual Review
CLM-0382,PRD-00382,Smartphone,ApexPhone,SP-200,SN-S-000382,SN-S-000382,Matched,2025-01-23,2025-03-04,2025-03-09,45,12,315,Active,Charging Port Failure,Charging connector failure under normal usage.,False,False,False,No previous repairs,0,N/A,False,0,N/A,True,True,True,True,Warranty Card|Diagnostic Report,2,False,True,False,False,True,True,False,False,False,True,Manual Review
CLM-1380,PRD-01380,Television,CineDisplay,TV-43U,SN-T-001380,SN-T-001380,Matched,2025-05-22,2025-07-01,2025-07-06,45,18,495,Active,Display Panel Defect,Internal panel line defect.,False,False,False,No previous repairs,0,N/A,False,0,N/A,True,True,True,True,Warranty Card|Diagnostic Report,2,False,True,False,False,True,True,False,False,False,True,Manual Review
CLM-1372,PRD-01372,Television,ViewOptics,TV-55OLED,SN-T-001372,SN-T-001372,Matched,2025-04-21,2025-05-31,2025-06-05,45,18,495,Active,Main Board Defect,Smart hub system failure.,False,False,False,No previous repairs,0,N/A,False,0,N/A,True,True,True,True,None,0,True,True,True,False,True,True,False,False,False,True,Manual Review
CLM-1499,PRD-01499,Television,ViewOptics,TV-55OLED,SN-T-001499,SN-T-001499,Matched,2025-05-17,2025-06-26,2025-07-01,45,18,495,Active,Power Supply Failure,Internal power board failure.,False,False,False,No previous repairs,0,N/A,False,0,N/A,True,True,True,True,None,0,True,True,True,False,True,True,False,False,False,True,Manual Review
CLM-0466,PRD-00466,Smartphone,ApexPhone,SP-200,SN-S-000466,SN-S-999999,Mismatch,2025-03-03,2025-04-12,2025-04-17,45,12,315,Active,Battery Manufacturing Defect,Battery swelling or sudden degradation.,False,False,False,No previous repairs,0,N/A,False,0,N/A,True,True,True,True,None,0,True,False,False,False,True,False,False,False,False,True,Manual Review
CLM-0840,PRD-00840,Laptop,OmniLap,LP-500,SN-L-000840,SN-L-999999,Mismatch,2025-03-09,2025-04-18,2025-04-23,45,24,675,Active,Keyboard Failure,Multiple keys non-functional.,False,False,False,No previous repairs,0,N/A,False,0,N/A,True,True,True,True,None,0,True,False,False,False,True,True,False,False,False,True,Manual Review
CLM-0349,PRD-00349,Smartphone,TechCorp,SP-200,SN-S-000349,SN-S-000349,Matched,2025-05-10,2025-06-19,2025-06-24,45,12,315,Active,Charging Port Failure,Charging connector failure under normal usage.,False,False,False,No previous repairs,0,N/A,False,0,N/A,True,True,True,True,None,0,True,True,True,False,True,True,False,False,False,True,Manual Review
CLM-0898,PRD-00898,Laptop,ProBook,LP-500,SN-L-000898,SN-L-999999,Mismatch,2025-05-29,2025-07-08,2025-07-13,45,24,675,Active,Factory SSD Failure,Primary storage failure.,False,False,False,No previous repairs,0,N/A,False,0,N/A,True,True,True,True,None,0,True,False,False,False,True,False,False,False,False,True,Manual Review
CLM-1425,PRD-01425,Television,ViewOptics,TV-55OLED,SN-T-001425,SN-T-001425,Matched,2025-05-22,2025-07-01,2025-07-06,45,18,495,Active,Power Supply Failure,Internal power board failure.,False,False,False,No previous repairs,0,N/A,False,0,N/A,True,True,True,True,None,0,True,True,True,False,True,False,False,False,False,True,Manual Review
CLM-0370,PRD-00370,Smartphone,ApexPhone,SP-X,SN-S-000370,SN-S-999999,Mismatch,2025-05-31,2025-07-10,2025-07-15,45,12,315,Active,Screen Defect (Non-Impact),Touch failure or dead pixels with no physical drop.,False,False,False,No previous repairs,0,N/A,False,0,N/A,True,True,True,True,None,0,True,False,False,False,True,True,False,False,False,True,Manual Review
CLM-1484,PRD-01484,Television,CineDisplay,TV-55OLED,SN-T-001484,SN-T-999999,Mismatch,2025-01-02,2025-02-11,2025-02-16,45,18,495,Active,Display Panel Defect,Internal panel line defect.,False,False,False,No previous repairs,0,N/A,False,0,N/A,True,True,True,True,None,0,True,False,False,False,True,False,False,False,False,True,Manual Review
CLM-1465,PRD-01465,Television,ViewOptics,TV-43U,SN-T-001465,SN-T-001465,Matched,2025-02-09,2025-03-21,2025-03-26,45,18,495,Active,Power Supply Failure,Internal power board failure.,False,False,False,Unauthorized repair attempt reported,1,2025-03-16,False,0,N/A,False,True,True,True,None,0,True,True,False,False,True,True,True,False,False,True,Manual Review
CLM-0998,PRD-00998,Laptop,ProBook,LP-500,SN-L-000998,SN-L-000998,Matched,2025-03-18,2025-04-27,2025-05-02,45,24,675,Active,Display Failure,Backlight failure without screen crack.,False,False,False,No previous repairs,0,N/A,False,0,N/A,True,True,True,True,None,0,True,True,True,False,True,False,False,False,False,True,Manual Review
CLM-0436,PRD-00436,Smartphone,ApexPhone,SP-X,SN-S-000436,SN-S-000436,Matched,2025-01-09,2025-02-18,2025-02-23,45,12,315,Active,Manufacturing Defect,Internal motherboard defect causing bootloop.,False,False,False,Unauthorized repair attempt reported,1,2025-02-13,False,0,N/A,False,True,True,True,None,0,True,True,False,False,True,False,False,False,False,True,Manual Review
CLM-0949,PRD-00949,Laptop,ProBook,LP-900,SN-L-000949,SN-L-999999,Mismatch,2025-02-23,2025-04-04,2025-04-09,45,24,675,Active,Keyboard Failure,Multiple keys non-functional.,False,False,False,No previous repairs,0,N/A,False,0,N/A,True,True,True,True,None,0,True,False,False,False,True,False,False,False,False,True,Manual Review
CLM-0981,PRD-00981,Laptop,ProBook,LP-Pro,SN-L-000981,SN-L-999999,Mismatch,2025-05-09,2025-06-18,2025-06-23,45,24,675,Active,Motherboard Defect,Component failure on main board.,False,False,False,No previous repairs,0,N/A,False,0,N/A,True,True,True,True,None,0,True,False,False,False,True,True,False,False,False,True,Manual Review
CLM-0917,PRD-00917,Laptop,ProBook,LP-500,SN-L-000917,SN-L-000917,Matched,2025-05-13,2025-06-22,2025-06-27,45,24,675,Active,Motherboard Defect,Component failure on main board.,False,False,False,No previous repairs,0,N/A,False,0,N/A,True,True,True,True,Warranty Card|Diagnostic Report,2,False,True,False,False,True,True,False,False,False,True,Manual Review
CLM-1360,PRD-01360,Television,ViewOptics,TV-43U,SN-T-001360,SN-T-001360,Matched,2025-02-07,2025-03-19,2025-03-24,45,18,495,Active,Display Panel Defect,Internal panel line defect.,False,False,False,No previous repairs,0,N/A,False,0,N/A,True,True,True,True,None,0,True,True,True,False,True,True,False,False,False,True,Manual Review
CLM-0963,PRD-00963,Laptop,UltraTech,LP-Pro,SN-L-000963,SN-L-999999,Mismatch,2025-02-03,2025-03-15,2025-03-20,45,24,675,Active,Keyboard Failure,Multiple keys non-functional.,False,False,False,No previous repairs,0,N/A,False,0,N/A,True,True,True,True,None,0,True,False,False,False,True,True,False,False,False,True,Manual Review
CLM-0987,PRD-00987,Laptop,OmniLap,LP-Pro,SN-L-000987,SN-L-999999,Mismatch,2025-02-08,2025-03-20,2025-03-25,45,24,675,Active,Keyboard Failure,Multiple keys non-functional.,False,False,False,No previous repairs,0,N/A,False,0,N/A,True,True,True,True,None,0,True,False,False,False,True,True,False,False,False,True,Manual Review
CLM-1471,PRD-01471,Television,VisionMax,TV-55OLED,SN-T-001471,SN-T-999999,Mismatch,2025-01-08,2025-02-17,2025-02-22,45,18,495,Active,Power Supply Failure,Internal power board failure.,False,False,False,No previous repairs,0,N/A,False,0,N/A,True,True,True,True,None,0,True,False,False,False,True,True,False,False,False,True,Manual Review
CLM-0853,PRD-00853,Laptop,ProBook,LP-Pro,SN-L-000853,SN-L-999999,Mismatch,2025-04-21,2025-05-31,2025-06-05,45,24,675,Active,Factory SSD Failure,Primary storage failure.,False,False,False,No previous repairs,0,N/A,False,0,N/A,True,True,True,True,None,0,True,False,False,False,True,True,False,False,False,True,Manual Review
CLM-0878,PRD-00878,Laptop,UltraTech,LP-Pro,SN-L-000878,SN-L-000878,Matched,2025-01-03,2025-02-12,2025-02-17,45,24,675,Active,Factory SSD Failure,Primary storage failure.,False,False,False,Unauthorized repair attempt reported,1,2025-02-07,False,0,N/A,False,True,True,True,None,0,True,True,False,False,True,False,False,False,False,True,Manual Review
CLM-0347,PRD-00347,Smartphone,MobileX,SP-100,SN-S-000347,SN-S-000347,Matched,2025-03-09,2025-04-18,2025-04-23,45,12,315,Active,Battery Manufacturing Defect,Battery swelling or sudden degradation.,False,False,False,Unauthorized repair attempt reported,1,2025-04-13,False,0,N/A,False,True,True,True,None,0,True,True,False,False,True,False,False,False,False,True,Manual Review
CLM-1397,PRD-01397,Television,VisionMax,TV-65Q,SN-T-001397,SN-T-001397,Matched,2025-04-21,2025-05-31,2025-06-05,45,18,495,Active,Power Supply Failure,Internal power board failure.,False,False,False,Unauthorized repair attempt reported,1,2025-05-26,False,0,N/A,False,True,True,True,None,0,True,True,False,False,True,False,False,False,False,True,Manual Review
CLM-0848,PRD-00848,Laptop,OmniLap,LP-500,SN-L-000848,SN-L-000848,Matched,2025-03-25,2025-05-04,2025-05-09,45,24,675,Active,Display Failure,Backlight failure without screen crack.,False,False,False,No previous repairs,0,N/A,False,0,N/A,True,True,True,True,None,0,True,True,True,False,True,True,False,False,False,True,Manual Review
CLM-0488,PRD-00488,Smartphone,ApexPhone,SP-100,SN-S-000488,SN-S-000488,Matched,2025-05-28,2025-07-07,2025-07-12,45,12,315,Active,Charging Port Failure,Charging connector failure under normal usage.,False,False,False,Unauthorized repair attempt reported,1,2025-07-02,False,0,N/A,False,True,True,True,None,0,True,True,False,False,True,True,True,False,False,True,Manual Review
CLM-1437,PRD-01437,Television,CineDisplay,TV-65Q,SN-T-001437,SN-T-001437,Matched,2025-03-05,2025-04-14,2025-04-19,45,18,495,Active,Display Panel Defect,Internal panel line defect.,False,False,False,No previous repairs,0,N/A,False,0,N/A,True,True,True,True,None,0,True,True,True,False,True,True,False,False,False,True,Manual Review
CLM-0846,PRD-00846,Laptop,UltraTech,LP-Pro,SN-L-000846,SN-L-000846,Matched,2025-02-14,2025-03-26,2025-03-31,45,24,675,Active,Factory SSD Failure,Primary storage failure.,False,False,False,No previous repairs,0,N/A,False,0,N/A,True,True,True,True,Warranty Card|Diagnostic Report,2,False,True,False,False,True,False,False,False,False,True,Manual Review
CLM-0866,PRD-00866,Laptop,OmniLap,LP-Pro,SN-L-000866,SN-L-000866,Matched,2025-05-14,2025-06-23,2025-06-28,45,24,675,Active,Factory SSD Failure,Primary storage failure.,False,False,False,Unauthorized repair attempt reported,1,2025-06-18,False,0,N/A,False,True,True,True,None,0,True,True,False,False,True,True,True,False,False,True,Manual Review
CLM-1350,PRD-01350,Television,VisionMax,TV-65Q,SN-T-001350,SN-T-999999,Mismatch,2025-01-11,2025-02-20,2025-02-25,45,18,495,Active,Main Board Defect,Smart hub system failure.,False,False,False,No previous repairs,0,N/A,False,0,N/A,True,True,True,True,None,0,True,False,False,False,True,False,False,False,False,True,Manual Review
CLM-1407,PRD-01407,Television,ViewOptics,TV-55OLED,SN-T-001407,SN-T-999999,Mismatch,2025-03-19,2025-04-28,2025-05-03,45,18,495,Active,Display Panel Defect,Internal panel line defect.,False,False,False,No previous repairs,0,N/A,False,0,N/A,True,True,True,True,None,0,True,False,False,False,True,True,False,False,False,True,Manual Review
CLM-0993,PRD-00993,Laptop,ProBook,LP-Pro,SN-L-000993,SN-L-000993,Matched,2025-01-02,2025-02-11,2025-02-16,45,24,675,Active,Keyboard Failure,Multiple keys non-functional.,False,False,False,No previous repairs,0,N/A,False,0,N/A,True,True,True,True,None,0,True,True,True,False,True,True,False,False,False,True,Manual Review
CLM-0356,PRD-00356,Smartphone,ApexPhone,SP-200,SN-S-000356,SN-S-000356,Matched,2025-01-07,2025-02-16,2025-02-21,45,12,315,Active,Charging Port Failure,Charging connector failure under normal usage.,False,False,False,No previous repairs,0,N/A,False,0,N/A,True,True,True,True,None,0,True,True,True,False,True,True,False,False,False,True,Manual Review
CLM-0459,PRD-00459,Smartphone,MobileX,SP-X,SN-S-000459,SN-S-000459,Matched,2025-04-08,2025-05-18,2025-05-23,45,12,315,Active,Battery Manufacturing Defect,Battery swelling or sudden degradation.,False,False,False,Unauthorized repair attempt reported,1,2025-05-13,False,0,N/A,False,True,True,True,None,0,True,True,False,False,True,False,False,False,False,True,Manual Review
CLM-0396,PRD-00396,Smartphone,ApexPhone,SP-100,SN-S-000396,SN-S-000396,Matched,2025-01-12,2025-02-21,2025-02-26,45,12,315,Active,Charging Port Failure,Charging connector failure under normal usage.,False,False,False,No previous repairs,0,N/A,False,0,N/A,True,True,True,True,None,0,True,True,True,False,True,True,False,False,False,True,Manual Review
CLM-1488,PRD-01488,Television,VisionMax,TV-55OLED,SN-T-001488,SN-T-001488,Matched,2025-04-05,2025-05-15,2025-05-20,45,18,495,Active,Display Panel Defect,Internal panel line defect.,False,False,False,Unauthorized repair attempt reported,1,2025-05-10,False,0,N/A,False,True,True,True,None,0,True,True,False,False,True,True,True,False,False,True,Manual Review
CLM-1401,PRD-01401,Television,VisionMax,TV-55OLED,SN-T-001401,SN-T-001401,Matched,2025-03-30,2025-05-09,2025-05-14,45,18,495,Active,Power Supply Failure,Internal power board failure.,False,False,False,Unauthorized repair attempt reported,1,2025-05-04,False,0,N/A,False,True,True,True,None,0,True,True,False,False,True,True,True,False,False,True,Manual Review
CLM-0861,PRD-00861,Laptop,UltraTech,LP-900,SN-L-000861,SN-L-000861,Matched,2025-05-11,2025-06-20,2025-06-25,45,24,675,Active,Factory SSD Failure,Primary storage failure.,False,False,False,Unauthorized repair attempt reported,1,2025-06-15,False,0,N/A,False,True,True,True,None,0,True,True,False,False,True,True,True,False,False,True,Manual Review
CLM-1467,PRD-01467,Television,ViewOptics,TV-55OLED,SN-T-001467,SN-T-999999,Mismatch,2025-01-26,2025-03-07,2025-03-12,45,18,495,Active,Power Supply Failure,Internal power board failure.,False,False,False,No previous repairs,0,N/A,False,0,N/A,True,True,True,True,None,0,True,False,False,False,True,False,False,False,False,True,Manual Review
CLM-1444,PRD-01444,Television,ViewOptics,TV-55OLED,SN-T-001444,SN-T-999999,Mismatch,2025-01-09,2025-02-18,2025-02-23,45,18,495,Active,Main Board Defect,Smart hub system failure.,False,False,False,No previous repairs,0,N/A,False,0,N/A,True,True,True,True,None,0,True,False,False,False,True,False,False,False,False,True,Manual Review
CLM-1377,PRD-01377,Television,ViewOptics,TV-65Q,SN-T-001377,SN-T-001377,Matched,2025-05-15,2025-06-24,2025-06-29,45,18,495,Active,Display Panel Defect,Internal panel line defect.,False,False,False,No previous repairs,0,N/A,False,0,N/A,True,True,True,True,None,0,True,True,True,False,True,False,False,False,False,True,Manual Review
CLM-0355,PRD-00355,Smartphone,MobileX,SP-100,SN-S-000355,SN-S-000355,Matched,2025-04-05,2025-05-15,2025-05-20,45,12,315,Active,Battery Manufacturing Defect,Battery swelling or sudden degradation.,False,False,False,No previous repairs,0,N/A,False,0,N/A,True,True,True,True,Warranty Card|Diagnostic Report,2,False,True,False,False,True,False,False,False,False,True,Manual Review
CLM-0484,PRD-00484,Smartphone,ApexPhone,SP-X,SN-S-000484,SN-S-000484,Matched,2025-03-22,2025-05-01,2025-05-06,45,12,315,Active,Charging Port Failure,Charging connector failure under normal usage.,False,False,False,Unauthorized repair attempt reported,1,2025-04-26,False,0,N/A,False,True,True,True,None,0,True,True,False,False,True,True,True,False,False,True,Manual Review
CLM-1429,PRD-01429,Television,CineDisplay,TV-55OLED,SN-T-001429,SN-T-999999,Mismatch,2025-04-10,2025-05-20,2025-05-25,45,18,495,Active,Main Board Defect,Smart hub system failure.,False,False,False,No previous repairs,0,N/A,False,0,N/A,True,True,True,True,None,0,True,False,False,False,True,False,False,False,False,True,Manual Review
CLM-0896,PRD-00896,Laptop,OmniLap,LP-500,SN-L-000896,SN-L-000896,Matched,2025-01-29,2025-03-10,2025-03-15,45,24,675,Active,Keyboard Failure,Multiple keys non-functional.,False,False,False,Unauthorized repair attempt reported,1,2025-03-05,False,0,N/A,False,True,True,True,None,0,True,True,False,False,True,False,False,False,False,True,Manual Review
CLM-0867,PRD-00867,Laptop,ProBook,LP-500,SN-L-000867,SN-L-000867,Matched,2025-02-02,2025-03-14,2025-03-19,45,24,675,Active,Keyboard Failure,Multiple keys non-functional.,False,False,False,No previous repairs,0,N/A,False,0,N/A,True,True,True,True,None,0,True,True,True,False,True,True,False,False,False,True,Manual Review
CLM-1373,PRD-01373,Television,ViewOptics,TV-65Q,SN-T-001373,SN-T-999999,Mismatch,2025-01-25,2025-03-06,2025-03-11,45,18,495,Active,Power Supply Failure,Internal power board failure.,False,False,False,No previous repairs,0,N/A,False,0,N/A,True,True,True,True,None,0,True,False,False,False,True,False,False,False,False,True,Manual Review
CLM-0995,PRD-00995,Laptop,ProBook,LP-500,SN-L-000995,SN-L-000995,Matched,2025-05-28,2025-07-07,2025-07-12,45,24,675,Active,Display Failure,Backlight failure without screen crack.,False,False,False,No previous repairs,0,N/A,False,0,N/A,True,True,True,True,None,0,True,True,True,False,True,True,False,False,False,True,Manual Review
CLM-0934,PRD-00934,Laptop,OmniLap,LP-Pro,SN-L-000934,SN-L-000934,Matched,2025-04-08,2025-05-18,2025-05-23,45,24,675,Active,Motherboard Defect,Component failure on main board.,False,False,False,No previous repairs,0,N/A,False,0,N/A,True,True,True,True,None,0,True,True,True,False,True,True,False,False,False,True,Manual Review
CLM-0874,PRD-00874,Laptop,OmniLap,LP-Pro,SN-L-000874,SN-L-000874,Matched,2025-02-15,2025-03-27,2025-04-01,45,24,675,Active,Factory SSD Failure,Primary storage failure.,False,False,False,Unauthorized repair attempt reported,1,2025-03-22,False,0,N/A,False,True,True,True,None,0,True,True,False,False,True,False,False,False,False,True,Manual Review
CLM-0942,PRD-00942,Laptop,UltraTech,LP-900,SN-L-000942,SN-L-000942,Matched,2025-03-24,2025-05-03,2025-05-08,45,24,675,Active,Motherboard Defect,Component failure on main board.,False,False,False,No previous repairs,0,N/A,False,0,N/A,True,True,True,True,Warranty Card|Diagnostic Report,2,False,True,False,False,True,False,False,False,False,True,Manual Review
CLM-0989,PRD-00989,Laptop,UltraTech,LP-Pro,SN-L-000989,SN-L-999999,Mismatch,2025-02-16,2025-03-28,2025-04-02,45,24,675,Active,Motherboard Defect,Component failure on main board.,False,False,False,No previous repairs,0,N/A,False,0,N/A,True,True,True,True,None,0,True,False,False,False,True,True,False,False,False,True,Manual Review
CLM-0870,PRD-00870,Laptop,ProBook,LP-900,SN-L-000870,SN-L-000870,Matched,2025-02-09,2025-03-21,2025-03-26,45,24,675,Active,Motherboard Defect,Component failure on main board.,False,False,False,Unauthorized repair attempt reported,1,2025-03-16,False,0,N/A,False,True,True,True,None,0,True,True,False,False,True,False,False,False,False,True,Manual Review
CLM-0895,PRD-00895,Laptop,UltraTech,LP-900,SN-L-000895,SN-L-000895,Matched,2025-03-18,2025-04-27,2025-05-02,45,24,675,Active,Keyboard Failure,Multiple keys non-functional.,False,False,False,No previous repairs,0,N/A,False,0,N/A,True,True,True,True,None,0,True,True,True,False,True,True,False,False,False,True,Manual Review
CLM-1341,PRD-01341,Television,ViewOptics,TV-55OLED,SN-T-001341,SN-T-999999,Mismatch,2025-05-07,2025-06-16,2025-06-21,45,18,495,Active,Power Supply Failure,Internal power board failure.,False,False,False,No previous repairs,0,N/A,False,0,N/A,True,True,True,True,None,0,True,False,False,False,True,False,False,False,False,True,Manual Review
CLM-0345,PRD-00345,Smartphone,TechCorp,SP-X,SN-S-000345,SN-S-000345,Matched,2025-04-01,2025-05-11,2025-05-16,45,12,315,Active,Manufacturing Defect,Internal motherboard defect causing bootloop.,False,False,False,No previous repairs,0,N/A,False,0,N/A,True,True,True,True,Warranty Card|Diagnostic Report,2,False,True,False,False,True,False,False,False,False,True,Manual Review
CLM-0875,PRD-00875,Laptop,UltraTech,LP-900,SN-L-000875,SN-L-000875,Matched,2025-05-19,2025-06-28,2025-07-03,45,24,675,Active,Keyboard Failure,Multiple keys non-functional.,False,False,False,No previous repairs,0,N/A,False,0,N/A,True,True,True,True,Warranty Card|Diagnostic Report,2,False,True,False,False,True,False,False,False,False,True,Manual Review
CLM-0912,PRD-00912,Laptop,UltraTech,LP-500,SN-L-000912,SN-L-000912,Matched,2025-01-26,2025-03-07,2025-03-12,45,24,675,Active,Motherboard Defect,Component failure on main board.,False,False,False,Unauthorized repair attempt reported,1,2025-03-02,False,0,N/A,False,True,True,True,None,0,True,True,False,False,True,False,False,False,False,True,Manual Review
CLM-0950,PRD-00950,Laptop,OmniLap,LP-900,SN-L-000950,SN-L-000950,Matched,2025-02-06,2025-03-18,2025-03-23,45,24,675,Active,Motherboard Defect,Component failure on main board.,False,False,False,Unauthorized repair attempt reported,1,2025-03-13,False,0,N/A,False,True,True,True,None,0,True,True,False,False,True,True,True,False,False,True,Manual Review
CLM-0365,PRD-00365,Smartphone,MobileX,SP-200,SN-S-000365,SN-S-000365,Matched,2025-05-24,2025-07-03,2025-07-08,45,12,315,Active,Battery Manufacturing Defect,Battery swelling or sudden degradation.,False,False,False,No previous repairs,0,N/A,False,0,N/A,True,True,True,True,None,0,True,True,True,False,True,True,False,False,False,True,Manual Review
CLM-1355,PRD-01355,Television,CineDisplay,TV-55OLED,SN-T-001355,SN-T-001355,Matched,2025-04-22,2025-06-01,2025-06-06,45,18,495,Active,Display Panel Defect,Internal panel line defect.,False,False,False,No previous repairs,0,N/A,False,0,N/A,True,True,True,True,None,0,True,True,True,False,True,False,False,False,False,True,Manual Review
CLM-0443,PRD-00443,Smartphone,MobileX,SP-X,SN-S-000443,SN-S-000443,Matched,2025-02-05,2025-03-17,2025-03-22,45,12,315,Active,Manufacturing Defect,Internal motherboard defect causing bootloop.,False,False,False,No previous repairs,0,N/A,False,0,N/A,True,True,True,True,None,0,True,True,True,False,True,True,False,False,False,True,Manual Review
CLM-0376,PRD-00376,Smartphone,TechCorp,SP-200,SN-S-000376,SN-S-000376,Matched,2025-05-07,2025-06-16,2025-06-21,45,12,315,Active,Screen Defect (Non-Impact),Touch failure or dead pixels with no physical drop.,False,False,False,No previous repairs,0,N/A,False,0,N/A,True,True,True,True,None,0,True,True,True,False,True,True,False,False,False,True,Manual Review
CLM-0946,PRD-00946,Laptop,ProBook,LP-Pro,SN-L-000946,SN-L-000946,Matched,2025-04-06,2025-05-16,2025-05-21,45,24,675,Active,Keyboard Failure,Multiple keys non-functional.,False,False,False,No previous repairs,0,N/A,False,0,N/A,True,True,True,True,Warranty Card|Diagnostic Report,2,False,True,False,False,True,True,False,False,False,True,Manual Review
CLM-0463,PRD-00463,Smartphone,MobileX,SP-200,SN-S-000463,SN-S-999999,Mismatch,2025-04-04,2025-05-14,2025-05-19,45,12,315,Active,Manufacturing Defect,Internal motherboard defect causing bootloop.,False,False,False,No previous repairs,0,N/A,False,0,N/A,True,True,True,True,None,0,True,False,False,False,True,True,False,False,False,True,Manual Review
CLM-0959,PRD-00959,Laptop,OmniLap,LP-900,SN-L-000959,SN-L-000959,Matched,2025-01-16,2025-02-25,2025-03-02,45,24,675,Active,Display Failure,Backlight failure without screen crack.,False,False,False,Unauthorized repair attempt reported,1,2025-02-20,False,0,N/A,False,True,True,True,None,0,True,True,False,False,True,True,True,False,False,True,Manual Review
CLM-0379,PRD-00379,Smartphone,MobileX,SP-100,SN-S-000379,SN-S-999999,Mismatch,2025-01-29,2025-03-10,2025-03-15,45,12,315,Active,Battery Manufacturing Defect,Battery swelling or sudden degradation.,False,False,False,No previous repairs,0,N/A,False,0,N/A,True,True,True,True,None,0,True,False,False,False,True,False,False,False,False,True,Manual Review
CLM-0919,PRD-00919,Laptop,OmniLap,LP-Pro,SN-L-000919,SN-L-000919,Matched,2025-05-23,2025-07-02,2025-07-07,45,24,675,Active,Factory SSD Failure,Primary storage failure.,False,False,False,No previous repairs,0,N/A,False,0,N/A,True,True,True,True,Warranty Card|Diagnostic Report,2,False,True,False,False,True,False,False,False,False,True,Manual Review
CLM-0348,PRD-00348,Smartphone,TechCorp,SP-200,SN-S-000348,SN-S-000348,Matched,2025-01-14,2025-02-23,2025-02-28,45,12,315,Active,Screen Defect (Non-Impact),Touch failure or dead pixels with no physical drop.,False,False,False,No previous repairs,0,N/A,False,0,N/A,True,True,True,True,None,0,True,True,True,False,True,False,False,False,False,True,Manual Review
CLM-0377,PRD-00377,Smartphone,TechCorp,SP-200,SN-S-000377,SN-S-000377,Matched,2025-05-26,2025-07-05,2025-07-10,45,12,315,Active,Manufacturing Defect,Internal motherboard defect causing bootloop.,False,False,False,No previous repairs,0,N/A,False,0,N/A,True,True,True,True,None,0,True,True,True,False,True,False,False,False,False,True,Manual Review
CLM-0500,PRD-00500,Smartphone,ApexPhone,SP-100,SN-S-000500,SN-S-000500,Matched,2025-02-22,2025-04-03,2025-04-08,45,12,315,Active,Screen Defect (Non-Impact),Touch failure or dead pixels with no physical drop.,False,False,False,No previous repairs,0,N/A,False,0,N/A,True,True,True,True,Warranty Card|Diagnostic Report,2,False,True,False,False,True,False,False,False,False,True,Manual Review
CLM-0417,PRD-00417,Smartphone,MobileX,SP-100,SN-S-000417,SN-S-000417,Matched,2025-03-27,2025-05-06,2025-05-11,45,12,315,Active,Battery Manufacturing Defect,Battery swelling or sudden degradation.,False,False,False,No previous repairs,0,N/A,False,0,N/A,True,True,True,True,Warranty Card|Diagnostic Report,2,False,True,False,False,True,True,False,False,False,True,Manual Review
CLM-1477,PRD-01477,Television,VisionMax,TV-43U,SN-T-001477,SN-T-001477,Matched,2025-05-04,2025-06-13,2025-06-18,45,18,495,Active,Power Supply Failure,Internal power board failure.,False,False,False,No previous repairs,0,N/A,False,0,N/A,True,True,True,True,None,0,True,True,True,False,True,False,False,False,False,True,Manual Review
CLM-0339,PRD-00339,Smartphone,ApexPhone,SP-200,SN-S-000339,SN-S-000339,Matched,2025-04-13,2025-05-23,2025-05-28,45,12,315,Active,Screen Defect (Non-Impact),Touch failure or dead pixels with no physical drop.,False,False,False,No previous repairs,0,N/A,False,0,N/A,True,True,True,True,None,0,True,True,True,False,True,True,False,False,False,True,Manual Review
CLM-0897,PRD-00897,Laptop,ProBook,LP-500,SN-L-000897,SN-L-000897,Matched,2025-03-12,2025-04-21,2025-04-26,45,24,675,Active,Motherboard Defect,Component failure on main board.,False,False,False,Unauthorized repair attempt reported,1,2025-04-16,False,0,N/A,False,True,True,True,None,0,True,True,False,False,True,True,True,False,False,True,Manual Review
CLM-1368,PRD-01368,Television,VisionMax,TV-65Q,SN-T-001368,SN-T-001368,Matched,2025-03-14,2025-04-23,2025-04-28,45,18,495,Active,Power Supply Failure,Internal power board failure.,False,False,False,No previous repairs,0,N/A,False,0,N/A,True,True,True,True,Warranty Card|Diagnostic Report,2,False,True,False,False,True,True,False,False,False,True,Manual Review
CLM-0338,PRD-00338,Smartphone,MobileX,SP-100,SN-S-000338,SN-S-000338,Matched,2025-03-29,2025-05-08,2025-05-13,45,12,315,Active,Screen Defect (Non-Impact),Touch failure or dead pixels with no physical drop.,False,False,False,No previous repairs,0,N/A,False,0,N/A,True,True,True,True,None,0,True,True,True,False,True,False,False,False,False,True,Manual Review
CLM-0418,PRD-00418,Smartphone,TechCorp,SP-X,SN-S-000418,SN-S-999999,Mismatch,2025-01-31,2025-03-12,2025-03-17,45,12,315,Active,Charging Port Failure,Charging connector failure under normal usage.,False,False,False,No previous repairs,0,N/A,False,0,N/A,True,True,True,True,None,0,True,False,False,False,True,True,False,False,False,True,Manual Review
CLM-0938,PRD-00938,Laptop,ProBook,LP-900,SN-L-000938,SN-L-000938,Matched,2025-05-27,2025-07-06,2025-07-11,45,24,675,Active,Motherboard Defect,Component failure on main board.,False,False,False,Unauthorized repair attempt reported,1,2025-07-01,False,0,N/A,False,True,True,True,None,0,True,True,False,False,True,False,False,False,False,True,Manual Review
CLM-0445,PRD-00445,Smartphone,MobileX,SP-100,SN-S-000445,SN-S-000445,Matched,2025-03-11,2025-04-20,2025-04-25,45,12,315,Active,Charging Port Failure,Charging connector failure under normal usage.,False,False,False,Unauthorized repair attempt reported,1,2025-04-15,False,0,N/A,False,True,True,True,None,0,True,True,False,False,True,True,True,False,False,True,Manual Review
CLM-0372,PRD-00372,Smartphone,MobileX,SP-200,SN-S-000372,SN-S-999999,Mismatch,2025-05-01,2025-06-10,2025-06-15,45,12,315,Active,Manufacturing Defect,Internal motherboard defect causing bootloop.,False,False,False,No previous repairs,0,N/A,False,0,N/A,True,True,True,True,None,0,True,False,False,False,True,True,False,False,False,True,Manual Review
CLM-0358,PRD-00358,Smartphone,TechCorp,SP-X,SN-S-000358,SN-S-000358,Matched,2025-03-04,2025-04-13,2025-04-18,45,12,315,Active,Manufacturing Defect,Internal motherboard defect causing bootloop.,False,False,False,No previous repairs,0,N/A,False,0,N/A,True,True,True,True,Warranty Card|Diagnostic Report,2,False,True,False,False,True,True,False,False,False,True,Manual Review
CLM-0446,PRD-00446,Smartphone,MobileX,SP-X,SN-S-000446,SN-S-999999,Mismatch,2025-04-07,2025-05-17,2025-05-22,45,12,315,Active,Charging Port Failure,Charging connector failure under normal usage.,False,False,False,No previous repairs,0,N/A,False,0,N/A,True,True,True,True,None,0,True,False,False,False,True,False,False,False,False,True,Manual Review
CLM-1359,PRD-01359,Television,VisionMax,TV-55OLED,SN-T-001359,SN-T-001359,Matched,2025-04-02,2025-05-12,2025-05-17,45,18,495,Active,Main Board Defect,Smart hub system failure.,False,False,False,Unauthorized repair attempt reported,1,2025-05-07,False,0,N/A,False,True,True,True,None,0,True,True,False,False,True,False,False,False,False,True,Manual Review
CLM-0961,PRD-00961,Laptop,OmniLap,LP-500,SN-L-000961,SN-L-999999,Mismatch,2025-01-23,2025-03-04,2025-03-09,45,24,675,Active,Factory SSD Failure,Primary storage failure.,False,False,False,No previous repairs,0,N/A,False,0,N/A,True,True,True,True,None,0,True,False,False,False,True,False,False,False,False,True,Manual Review
CLM-0482,PRD-00482,Smartphone,TechCorp,SP-200,SN-S-000482,SN-S-999999,Mismatch,2025-01-17,2025-02-26,2025-03-03,45,12,315,Active,Manufacturing Defect,Internal motherboard defect causing bootloop.,False,False,False,No previous repairs,0,N/A,False,0,N/A,True,True,True,True,None,0,True,False,False,False,True,False,False,False,False,True,Manual Review
CLM-0456,PRD-00456,Smartphone,TechCorp,SP-200,SN-S-000456,SN-S-000456,Matched,2025-03-12,2025-04-21,2025-04-26,45,12,315,Active,Charging Port Failure,Charging connector failure under normal usage.,False,False,False,No previous repairs,0,N/A,False,0,N/A,True,True,True,True,None,0,True,True,True,False,True,False,False,False,False,True,Manual Review
CLM-0350,PRD-00350,Smartphone,TechCorp,SP-100,SN-S-000350,SN-S-000350,Matched,2025-04-11,2025-05-21,2025-05-26,45,12,315,Active,Battery Manufacturing Defect,Battery swelling or sudden degradation.,False,False,False,No previous repairs,0,N/A,False,0,N/A,True,True,True,True,None,0,True,True,True,False,True,False,False,False,False,True,Manual Review
CLM-1472,PRD-01472,Television,ViewOptics,TV-65Q,SN-T-001472,SN-T-001472,Matched,2025-05-31,2025-07-10,2025-07-15,45,18,495,Active,Main Board Defect,Smart hub system failure.,False,False,False,No previous repairs,0,N/A,False,0,N/A,True,True,True,True,Warranty Card|Diagnostic Report,2,False,True,False,False,True,True,False,False,False,True,Manual Review
CLM-1396,PRD-01396,Television,ViewOptics,TV-65Q,SN-T-001396,SN-T-001396,Matched,2025-04-11,2025-05-21,2025-05-26,45,18,495,Active,Display Panel Defect,Internal panel line defect.,False,False,False,No previous repairs,0,N/A,False,0,N/A,True,True,True,True,None,0,True,True,True,False,True,True,False,False,False,True,Manual Review
CLM-1338,PRD-01338,Television,CineDisplay,TV-55OLED,SN-T-001338,SN-T-001338,Matched,2025-02-08,2025-03-20,2025-03-25,45,18,495,Active,Display Panel Defect,Internal panel line defect.,False,False,False,No previous repairs,0,N/A,False,0,N/A,True,True,True,True,None,0,True,True,True,False,True,True,False,False,False,True,Manual Review
CLM-0947,PRD-00947,Laptop,OmniLap,LP-500,SN-L-000947,SN-L-000947,Matched,2025-03-04,2025-04-13,2025-04-18,45,24,675,Active,Keyboard Failure,Multiple keys non-functional.,False,False,False,No previous repairs,0,N/A,False,0,N/A,True,True,True,True,None,0,True,True,True,False,True,True,False,False,False,True,Manual Review
CLM-0869,PRD-00869,Laptop,UltraTech,LP-Pro,SN-L-000869,SN-L-000869,Matched,2025-01-14,2025-02-23,2025-02-28,45,24,675,Active,Motherboard Defect,Component failure on main board.,False,False,False,Unauthorized repair attempt reported,1,2025-02-18,False,0,N/A,False,True,True,True,None,0,True,True,False,False,True,True,True,False,False,True,Manual Review
CLM-0979,PRD-00979,Laptop,UltraTech,LP-900,SN-L-000979,SN-L-999999,Mismatch,2025-03-15,2025-04-24,2025-04-29,45,24,675,Active,Factory SSD Failure,Primary storage failure.,False,False,False,No previous repairs,0,N/A,False,0,N/A,True,True,True,True,None,0,True,False,False,False,True,False,False,False,False,True,Manual Review
CLM-1452,PRD-01452,Television,ViewOptics,TV-55OLED,SN-T-001452,SN-T-001452,Matched,2025-02-03,2025-03-15,2025-03-20,45,18,495,Active,Display Panel Defect,Internal panel line defect.,False,False,False,Unauthorized repair attempt reported,1,2025-03-10,False,0,N/A,False,True,True,True,None,0,True,True,False,False,True,False,False,False,False,True,Manual Review
CLM-0499,PRD-00499,Smartphone,TechCorp,SP-X,SN-S-000499,SN-S-000499,Matched,2025-05-31,2025-07-10,2025-07-15,45,12,315,Active,Battery Manufacturing Defect,Battery swelling or sudden degradation.,False,False,False,Unauthorized repair attempt reported,1,2025-07-05,False,0,N/A,False,True,True,True,None,0,True,True,False,False,True,True,True,False,False,True,Manual Review
CLM-0916,PRD-00916,Laptop,OmniLap,LP-500,SN-L-000916,SN-L-000916,Matched,2025-03-10,2025-04-19,2025-04-24,45,24,675,Active,Motherboard Defect,Component failure on main board.,False,False,False,No previous repairs,0,N/A,False,0,N/A,True,True,True,True,Warranty Card|Diagnostic Report,2,False,True,False,False,True,False,False,False,False,True,Manual Review
CLM-1493,PRD-01493,Television,VisionMax,TV-65Q,SN-T-001493,SN-T-999999,Mismatch,2025-02-19,2025-03-31,2025-04-05,45,18,495,Active,Main Board Defect,Smart hub system failure.,False,False,False,No previous repairs,0,N/A,False,0,N/A,True,True,True,True,None,0,True,False,False,False,True,True,False,False,False,True,Manual Review
CLM-0442,PRD-00442,Smartphone,MobileX,SP-100,SN-S-000442,SN-S-000442,Matched,2025-05-25,2025-07-04,2025-07-09,45,12,315,Active,Screen Defect (Non-Impact),Touch failure or dead pixels with no physical drop.,False,False,False,Unauthorized repair attempt reported,1,2025-06-29,False,0,N/A,False,True,True,True,None,0,True,True,False,False,True,False,False,False,False,True,Manual Review
CLM-0427,PRD-00427,Smartphone,TechCorp,SP-X,SN-S-000427,SN-S-000427,Matched,2025-01-16,2025-02-25,2025-03-02,45,12,315,Active,Manufacturing Defect,Internal motherboard defect causing bootloop.,False,False,False,No previous repairs,0,N/A,False,0,N/A,True,True,True,True,Warranty Card|Diagnostic Report,2,False,True,False,False,True,True,False,False,False,True,Manual Review
CLM-0428,PRD-00428,Smartphone,TechCorp,SP-200,SN-S-000428,SN-S-000428,Matched,2025-02-05,2025-03-17,2025-03-22,45,12,315,Active,Screen Defect (Non-Impact),Touch failure or dead pixels with no physical drop.,False,False,False,No previous repairs,0,N/A,False,0,N/A,True,True,True,True,Warranty Card|Diagnostic Report,2,False,True,False,False,True,True,False,False,False,True,Manual Review
CLM-0921,PRD-00921,Laptop,OmniLap,LP-900,SN-L-000921,SN-L-999999,Mismatch,2025-05-10,2025-06-19,2025-06-24,45,24,675,Active,Display Failure,Backlight failure without screen crack.,False,False,False,No previous repairs,0,N/A,False,0,N/A,True,True,True,True,None,0,True,False,False,False,True,False,False,False,False,True,Manual Review
CLM-1430,PRD-01430,Television,VisionMax,TV-43U,SN-T-001430,SN-T-001430,Matched,2025-05-11,2025-06-20,2025-06-25,45,18,495,Active,Main Board Defect,Smart hub system failure.,False,False,False,No previous repairs,0,N/A,False,0,N/A,True,True,True,True,None,0,True,True,True,False,True,False,False,False,False,True,Manual Review
CLM-1343,PRD-01343,Television,VisionMax,TV-55OLED,SN-T-001343,SN-T-001343,Matched,2025-02-07,2025-03-19,2025-03-24,45,18,495,Active,Display Panel Defect,Internal panel line defect.,False,False,False,No previous repairs,0,N/A,False,0,N/A,True,True,True,True,None,0,True,True,True,False,True,False,False,False,False,True,Manual Review
CLM-0353,PRD-00353,Smartphone,ApexPhone,SP-X,SN-S-000353,SN-S-000353,Matched,2025-02-05,2025-03-17,2025-03-22,45,12,315,Active,Battery Manufacturing Defect,Battery swelling or sudden degradation.,False,False,False,No previous repairs,0,N/A,False,0,N/A,True,True,True,True,None,0,True,True,True,False,True,True,False,False,False,True,Manual Review
CLM-1365,PRD-01365,Television,ViewOptics,TV-43U,SN-T-001365,SN-T-001365,Matched,2025-01-08,2025-02-17,2025-02-22,45,18,495,Active,Display Panel Defect,Internal panel line defect.,False,False,False,Unauthorized repair attempt reported,1,2025-02-12,False,0,N/A,False,True,True,True,None,0,True,True,False,False,True,False,False,False,False,True,Manual Review
CLM-0992,PRD-00992,Laptop,OmniLap,LP-Pro,SN-L-000992,SN-L-000992,Matched,2025-05-02,2025-06-11,2025-06-16,45,24,675,Active,Factory SSD Failure,Primary storage failure.,False,False,False,Unauthorized repair attempt reported,1,2025-06-06,False,0,N/A,False,True,True,True,None,0,True,True,False,False,True,False,False,False,False,True,Manual Review
CLM-0991,PRD-00991,Laptop,UltraTech,LP-Pro,SN-L-000991,SN-L-999999,Mismatch,2025-01-02,2025-02-11,2025-02-16,45,24,675,Active,Factory SSD Failure,Primary storage failure.,False,False,False,No previous repairs,0,N/A,False,0,N/A,True,True,True,True,None,0,True,False,False,False,True,True,False,False,False,True,Manual Review
CLM-1453,PRD-01453,Television,CineDisplay,TV-55OLED,SN-T-001453,SN-T-001453,Matched,2025-02-08,2025-03-20,2025-03-25,45,18,495,Active,Main Board Defect,Smart hub system failure.,False,False,False,No previous repairs,0,N/A,False,0,N/A,True,True,True,True,None,0,True,True,True,False,True,True,False,False,False,True,Manual Review
CLM-1385,PRD-01385,Television,CineDisplay,TV-65Q,SN-T-001385,SN-T-001385,Matched,2025-04-27,2025-06-06,2025-06-11,45,18,495,Active,Main Board Defect,Smart hub system failure.,False,False,False,Unauthorized repair attempt reported,1,2025-06-01,False,0,N/A,False,True,True,True,None,0,True,True,False,False,True,False,False,False,False,True,Manual Review
CLM-0977,PRD-00977,Laptop,UltraTech,LP-500,SN-L-000977,SN-L-000977,Matched,2025-03-04,2025-04-13,2025-04-18,45,24,675,Active,Factory SSD Failure,Primary storage failure.,False,False,False,No previous repairs,0,N/A,False,0,N/A,True,True,True,True,Warranty Card|Diagnostic Report,2,False,True,False,False,True,False,False,False,False,True,Manual Review
CLM-0434,PRD-00434,Smartphone,MobileX,SP-200,SN-S-000434,SN-S-000434,Matched,2025-04-12,2025-05-22,2025-05-27,45,12,315,Active,Manufacturing Defect,Internal motherboard defect causing bootloop.,False,False,False,No previous repairs,0,N/A,False,0,N/A,True,True,True,True,None,0,True,True,True,False,True,False,False,False,False,True,Manual Review
CLM-0371,PRD-00371,Smartphone,ApexPhone,SP-X,SN-S-000371,SN-S-000371,Matched,2025-02-27,2025-04-08,2025-04-13,45,12,315,Active,Screen Defect (Non-Impact),Touch failure or dead pixels with no physical drop.,False,False,False,No previous repairs,0,N/A,False,0,N/A,True,True,True,True,Warranty Card|Diagnostic Report,2,False,True,False,False,True,True,False,False,False,True,Manual Review
CLM-0908,PRD-00908,Laptop,OmniLap,LP-500,SN-L-000908,SN-L-000908,Matched,2025-03-24,2025-05-03,2025-05-08,45,24,675,Active,Motherboard Defect,Component failure on main board.,False,False,False,Unauthorized repair attempt reported,1,2025-04-28,False,0,N/A,False,True,True,True,None,0,True,True,False,False,True,True,True,False,False,True,Manual Review
CLM-0909,PRD-00909,Laptop,OmniLap,LP-Pro,SN-L-000909,SN-L-000909,Matched,2025-05-08,2025-06-17,2025-06-22,45,24,675,Active,Keyboard Failure,Multiple keys non-functional.,False,False,False,No previous repairs,0,N/A,False,0,N/A,True,True,True,True,None,0,True,True,True,False,True,False,False,False,False,True,Manual Review
CLM-1392,PRD-01392,Television,CineDisplay,TV-43U,SN-T-001392,SN-T-999999,Mismatch,2025-03-03,2025-04-12,2025-04-17,45,18,495,Active,Power Supply Failure,Internal power board failure.,False,False,False,No previous repairs,0,N/A,False,0,N/A,True,True,True,True,None,0,True,False,False,False,True,True,False,False,False,True,Manual Review
CLM-0447,PRD-00447,Smartphone,TechCorp,SP-X,SN-S-000447,SN-S-000447,Matched,2025-03-17,2025-04-26,2025-05-01,45,12,315,Active,Screen Defect (Non-Impact),Touch failure or dead pixels with no physical drop.,False,False,False,No previous repairs,0,N/A,False,0,N/A,True,True,True,True,Warranty Card|Diagnostic Report,2,False,True,False,False,True,True,False,False,False,True,Manual Review
CLM-1489,PRD-01489,Television,VisionMax,TV-65Q,SN-T-001489,SN-T-001489,Matched,2025-01-06,2025-02-15,2025-02-20,45,18,495,Active,Power Supply Failure,Internal power board failure.,False,False,False,No previous repairs,0,N/A,False,0,N/A,True,True,True,True,None,0,True,True,True,False,True,True,False,False,False,True,Manual Review
CLM-1415,PRD-01415,Television,ViewOptics,TV-43U,SN-T-001415,SN-T-001415,Matched,2025-03-16,2025-04-25,2025-04-30,45,18,495,Active,Main Board Defect,Smart hub system failure.,False,False,False,Unauthorized repair attempt reported,1,2025-04-20,False,0,N/A,False,True,True,True,None,0,True,True,False,False,True,False,False,False,False,True,Manual Review
CLM-0890,PRD-00890,Laptop,ProBook,LP-900,SN-L-000890,SN-L-000890,Matched,2025-04-11,2025-05-21,2025-05-26,45,24,675,Active,Motherboard Defect,Component failure on main board.,False,False,False,Unauthorized repair attempt reported,1,2025-05-16,False,0,N/A,False,True,True,True,None,0,True,True,False,False,True,True,True,False,False,True,Manual Review
CLM-0843,PRD-00843,Laptop,UltraTech,LP-Pro,SN-L-000843,SN-L-000843,Matched,2025-03-22,2025-05-01,2025-05-06,45,24,675,Active,Factory SSD Failure,Primary storage failure.,False,False,False,No previous repairs,0,N/A,False,0,N/A,True,True,True,True,None,0,True,True,True,False,True,False,False,False,False,True,Manual Review
CLM-0855,PRD-00855,Laptop,UltraTech,LP-500,SN-L-000855,SN-L-000855,Matched,2025-05-13,2025-06-22,2025-06-27,45,24,675,Active,Display Failure,Backlight failure without screen crack.,False,False,False,Unauthorized repair attempt reported,1,2025-06-17,False,0,N/A,False,True,True,True,None,0,True,True,False,False,True,False,False,False,False,True,Manual Review
CLM-0415,PRD-00415,Smartphone,TechCorp,SP-X,SN-S-000415,SN-S-000415,Matched,2025-02-18,2025-03-30,2025-04-04,45,12,315,Active,Manufacturing Defect,Internal motherboard defect causing bootloop.,False,False,False,No previous repairs,0,N/A,False,0,N/A,True,True,True,True,None,0,True,True,True,False,True,False,False,False,False,True,Manual Review
CLM-1409,PRD-01409,Television,CineDisplay,TV-43U,SN-T-001409,SN-T-001409,Matched,2025-01-17,2025-02-26,2025-03-03,45,18,495,Active,Power Supply Failure,Internal power board failure.,False,False,False,Unauthorized repair attempt reported,1,2025-02-21,False,0,N/A,False,True,True,True,None,0,True,True,False,False,True,True,True,False,False,True,Manual Review
CLM-0847,PRD-00847,Laptop,UltraTech,LP-Pro,SN-L-000847,SN-L-999999,Mismatch,2025-01-03,2025-02-12,2025-02-17,45,24,675,Active,Motherboard Defect,Component failure on main board.,False,False,False,No previous repairs,0,N/A,False,0,N/A,True,True,True,True,None,0,True,False,False,False,True,False,False,False,False,True,Manual Review
CLM-0952,PRD-00952,Laptop,ProBook,LP-900,SN-L-000952,SN-L-000952,Matched,2025-01-03,2025-02-12,2025-02-17,45,24,675,Active,Motherboard Defect,Component failure on main board.,False,False,False,Unauthorized repair attempt reported,1,2025-02-07,False,0,N/A,False,True,True,True,None,0,True,True,False,False,True,False,False,False,False,True,Manual Review
CLM-0342,PRD-00342,Smartphone,ApexPhone,SP-200,SN-S-000342,SN-S-000342,Matched,2025-03-05,2025-04-14,2025-04-19,45,12,315,Active,Screen Defect (Non-Impact),Touch failure or dead pixels with no physical drop.,False,False,False,No previous repairs,0,N/A,False,0,N/A,True,True,True,True,None,0,True,True,True,False,True,False,False,False,False,True,Manual Review
CLM-1402,PRD-01402,Television,VisionMax,TV-55OLED,SN-T-001402,SN-T-001402,Matched,2025-02-19,2025-03-31,2025-04-05,45,18,495,Active,Power Supply Failure,Internal power board failure.,False,False,False,No previous repairs,0,N/A,False,0,N/A,True,True,True,True,None,0,True,True,True,False,True,False,False,False,False,True,Manual Review
CLM-0849,PRD-00849,Laptop,OmniLap,LP-900,SN-L-000849,SN-L-000849,Matched,2025-03-02,2025-04-11,2025-04-16,45,24,675,Active,Display Failure,Backlight failure without screen crack.,False,False,False,Unauthorized repair attempt reported,1,2025-04-06,False,0,N/A,False,True,True,True,None,0,True,True,False,False,True,False,False,False,False,True,Manual Review
CLM-0475,PRD-00475,Smartphone,TechCorp,SP-X,SN-S-000475,SN-S-000475,Matched,2025-05-04,2025-06-13,2025-06-18,45,12,315,Active,Battery Manufacturing Defect,Battery swelling or sudden degradation.,False,False,False,Unauthorized repair attempt reported,1,2025-06-08,False,0,N/A,False,True,True,True,None,0,True,True,False,False,True,True,True,False,False,True,Manual Review
CLM-0390,PRD-00390,Smartphone,TechCorp,SP-X,SN-S-000390,SN-S-000390,Matched,2025-01-21,2025-03-02,2025-03-07,45,12,315,Active,Charging Port Failure,Charging connector failure under normal usage.,False,False,False,No previous repairs,0,N/A,False,0,N/A,True,True,True,True,None,0,True,True,True,False,True,True,False,False,False,True,Manual Review
CLM-0438,PRD-00438,Smartphone,TechCorp,SP-200,SN-S-000438,SN-S-000438,Matched,2025-04-22,2025-06-01,2025-06-06,45,12,315,Active,Battery Manufacturing Defect,Battery swelling or sudden degradation.,False,False,False,No previous repairs,0,N/A,False,0,N/A,True,True,True,True,Warranty Card|Diagnostic Report,2,False,True,False,False,True,True,False,False,False,True,Manual Review
CLM-1400,PRD-01400,Television,CineDisplay,TV-43U,SN-T-001400,SN-T-001400,Matched,2025-03-10,2025-04-19,2025-04-24,45,18,495,Active,Main Board Defect,Smart hub system failure.,False,False,False,Unauthorized repair attempt reported,1,2025-04-14,False,0,N/A,False,True,True,True,None,0,True,True,False,False,True,False,False,False,False,True,Manual Review
CLM-0444,PRD-00444,Smartphone,TechCorp,SP-200,SN-S-000444,SN-S-000444,Matched,2025-03-01,2025-04-10,2025-04-15,45,12,315,Active,Manufacturing Defect,Internal motherboard defect causing bootloop.,False,False,False,No previous repairs,0,N/A,False,0,N/A,True,True,True,True,None,0,True,True,True,False,True,False,False,False,False,True,Manual Review
CLM-0433,PRD-00433,Smartphone,TechCorp,SP-X,SN-S-000433,SN-S-999999,Mismatch,2025-02-08,2025-03-20,2025-03-25,45,12,315,Active,Screen Defect (Non-Impact),Touch failure or dead pixels with no physical drop.,False,False,False,No previous repairs,0,N/A,False,0,N/A,True,True,True,True,None,0,True,False,False,False,True,False,False,False,False,True,Manual Review
CLM-0937,PRD-00937,Laptop,UltraTech,LP-900,SN-L-000937,SN-L-999999,Mismatch,2025-04-11,2025-05-21,2025-05-26,45,24,675,Active,Keyboard Failure,Multiple keys non-functional.,False,False,False,No previous repairs,0,N/A,False,0,N/A,True,True,True,True,None,0,True,False,False,False,True,False,False,False,False,True,Manual Review
CLM-0901,PRD-00901,Laptop,ProBook,LP-900,SN-L-000901,SN-L-000901,Matched,2025-03-01,2025-04-10,2025-04-15,45,24,675,Active,Display Failure,Backlight failure without screen crack.,False,False,False,No previous repairs,0,N/A,False,0,N/A,True,True,True,True,None,0,True,True,True,False,True,False,False,False,False,True,Manual Review
CLM-0883,PRD-00883,Laptop,UltraTech,LP-500,SN-L-000883,SN-L-999999,Mismatch,2025-01-18,2025-02-27,2025-03-04,45,24,675,Active,Keyboard Failure,Multiple keys non-functional.,False,False,False,No previous repairs,0,N/A,False,0,N/A,True,True,True,True,None,0,True,False,False,False,True,False,False,False,False,True,Manual Review
CLM-0369,PRD-00369,Smartphone,ApexPhone,SP-200,SN-S-000369,SN-S-999999,Mismatch,2025-05-24,2025-07-03,2025-07-08,45,12,315,Active,Battery Manufacturing Defect,Battery swelling or sudden degradation.,False,False,False,No previous repairs,0,N/A,False,0,N/A,True,True,True,True,None,0,True,False,False,False,True,True,False,False,False,True,Manual Review
CLM-0493,PRD-00493,Smartphone,ApexPhone,SP-200,SN-S-000493,SN-S-000493,Matched,2025-05-06,2025-06-15,2025-06-20,45,12,315,Active,Screen Defect (Non-Impact),Touch failure or dead pixels with no physical drop.,False,False,False,No previous repairs,0,N/A,False,0,N/A,True,True,True,True,Warranty Card|Diagnostic Report,2,False,True,False,False,True,True,False,False,False,True,Manual Review
CLM-0918,PRD-00918,Laptop,OmniLap,LP-900,SN-L-000918,SN-L-999999,Mismatch,2025-02-18,2025-03-30,2025-04-04,45,24,675,Active,Keyboard Failure,Multiple keys non-functional.,False,False,False,No previous repairs,0,N/A,False,0,N/A,True,True,True,True,None,0,True,False,False,False,True,True,False,False,False,True,Manual Review
CLM-0954,PRD-00954,Laptop,OmniLap,LP-900,SN-L-000954,SN-L-000954,Matched,2025-03-01,2025-04-10,2025-04-15,45,24,675,Active,Factory SSD Failure,Primary storage failure.,False,False,False,No previous repairs,0,N/A,False,0,N/A,True,True,True,True,Warranty Card|Diagnostic Report,2,False,True,False,False,True,False,False,False,False,True,Manual Review
CLM-0435,PRD-00435,Smartphone,MobileX,SP-X,SN-S-000435,SN-S-000435,Matched,2025-03-04,2025-04-13,2025-04-18,45,12,315,Active,Screen Defect (Non-Impact),Touch failure or dead pixels with no physical drop.,False,False,False,No previous repairs,0,N/A,False,0,N/A,True,True,True,True,None,0,True,True,True,False,True,True,False,False,False,True,Manual Review
CLM-0978,PRD-00978,Laptop,OmniLap,LP-Pro,SN-L-000978,SN-L-000978,Matched,2025-01-13,2025-02-22,2025-02-27,45,24,675,Active,Keyboard Failure,Multiple keys non-functional.,False,False,False,No previous repairs,0,N/A,False,0,N/A,True,True,True,True,None,0,True,True,True,False,True,False,False,False,False,True,Manual Review
CLM-0835,PRD-00835,Laptop,UltraTech,LP-500,SN-L-000835,SN-L-999999,Mismatch,2025-04-08,2025-05-18,2025-05-23,45,24,675,Active,Keyboard Failure,Multiple keys non-functional.,False,False,False,No previous repairs,0,N/A,False,0,N/A,True,True,True,True,None,0,True,False,False,False,True,False,False,False,False,True,Manual Review
CLM-0876,PRD-00876,Laptop,UltraTech,LP-900,SN-L-000876,SN-L-999999,Mismatch,2025-04-16,2025-05-26,2025-05-31,45,24,675,Active,Display Failure,Backlight failure without screen crack.,False,False,False,No previous repairs,0,N/A,False,0,N/A,True,True,True,True,None,0,True,False,False,False,True,False,False,False,False,True,Manual Review
CLM-1492,PRD-01492,Television,VisionMax,TV-43U,SN-T-001492,SN-T-001492,Matched,2025-04-12,2025-05-22,2025-05-27,45,18,495,Active,Display Panel Defect,Internal panel line defect.,False,False,False,No previous repairs,0,N/A,False,0,N/A,True,True,True,True,None,0,True,True,True,False,True,False,False,False,False,True,Manual Review
CLM-0888,PRD-00888,Laptop,UltraTech,LP-500,SN-L-000888,SN-L-000888,Matched,2025-03-29,2025-05-08,2025-05-13,45,24,675,Active,Factory SSD Failure,Primary storage failure.,False,False,False,No previous repairs,0,N/A,False,0,N/A,True,True,True,True,None,0,True,True,True,False,True,False,False,False,False,True,Manual Review
CLM-0997,PRD-00997,Laptop,OmniLap,LP-Pro,SN-L-000997,SN-L-000997,Matched,2025-05-27,2025-07-06,2025-07-11,45,24,675,Active,Keyboard Failure,Multiple keys non-functional.,False,False,False,Unauthorized repair attempt reported,1,2025-07-01,False,0,N/A,False,True,True,True,None,0,True,True,False,False,True,False,False,False,False,True,Manual Review
CLM-0965,PRD-00965,Laptop,OmniLap,LP-Pro,SN-L-000965,SN-L-000965,Matched,2025-02-10,2025-03-22,2025-03-27,45,24,675,Active,Display Failure,Backlight failure without screen crack.,False,False,False,No previous repairs,0,N/A,False,0,N/A,True,True,True,True,Warranty Card|Diagnostic Report,2,False,True,False,False,True,True,False,False,False,True,Manual Review
CLM-0860,PRD-00860,Laptop,UltraTech,LP-500,SN-L-000860,SN-L-999999,Mismatch,2025-03-31,2025-05-10,2025-05-15,45,24,675,Active,Keyboard Failure,Multiple keys non-functional.,False,False,False,No previous repairs,0,N/A,False,0,N/A,True,True,True,True,None,0,True,False,False,False,True,False,False,False,False,True,Manual Review
CLM-1500,PRD-01500,Television,ViewOptics,TV-43U,SN-T-001500,SN-T-001500,Matched,2025-03-27,2025-05-06,2025-05-11,45,18,495,Active,Display Panel Defect,Internal panel line defect.,False,False,False,No previous repairs,0,N/A,False,0,N/A,True,True,True,True,Warranty Card|Diagnostic Report,2,False,True,False,False,True,True,False,False,False,True,Manual Review
CLM-0941,PRD-00941,Laptop,OmniLap,LP-Pro,SN-L-000941,SN-L-999999,Mismatch,2025-05-15,2025-06-24,2025-06-29,45,24,675,Active,Keyboard Failure,Multiple keys non-functional.,False,False,False,No previous repairs,0,N/A,False,0,N/A,True,True,True,True,None,0,True,False,False,False,True,True,False,False,False,True,Manual Review
CLM-0340,PRD-00340,Smartphone,MobileX,SP-100,SN-S-000340,SN-S-000340,Matched,2025-04-30,2025-06-09,2025-06-14,45,12,315,Active,Manufacturing Defect,Internal motherboard defect causing bootloop.,False,False,False,No previous repairs,0,N/A,False,0,N/A,True,True,True,True,None,0,True,True,True,False,True,False,False,False,False,True,Manual Review
CLM-1495,PRD-01495,Television,CineDisplay,TV-65Q,SN-T-001495,SN-T-001495,Matched,2025-03-12,2025-04-21,2025-04-26,45,18,495,Active,Display Panel Defect,Internal panel line defect.,False,False,False,No previous repairs,0,N/A,False,0,N/A,True,True,True,True,Warranty Card|Diagnostic Report,2,False,True,False,False,True,False,False,False,False,True,Manual Review
CLM-1333,PRD-01333,Television,ViewOptics,TV-55OLED,SN-T-001333,SN-T-999999,Mismatch,2025-02-04,2025-03-16,2025-03-21,45,18,495,Active,Power Supply Failure,Internal power board failure.,False,False,False,No previous repairs,0,N/A,False,0,N/A,True,True,True,True,None,0,True,False,False,False,True,False,False,False,False,True,Manual Review
CLM-0887,PRD-00887,Laptop,OmniLap,LP-500,SN-L-000887,SN-L-999999,Mismatch,2025-03-01,2025-04-10,2025-04-15,45,24,675,Active,Motherboard Defect,Component failure on main board.,False,False,False,No previous repairs,0,N/A,False,0,N/A,True,True,True,True,None,0,True,False,False,False,True,True,False,False,False,True,Manual Review
CLM-0881,PRD-00881,Laptop,ProBook,LP-Pro,SN-L-000881,SN-L-999999,Mismatch,2025-04-10,2025-05-20,2025-05-25,45,24,675,Active,Factory SSD Failure,Primary storage failure.,False,False,False,No previous repairs,0,N/A,False,0,N/A,True,True,True,True,None,0,True,False,False,False,True,False,False,False,False,True,Manual Review
CLM-1418,PRD-01418,Television,VisionMax,TV-55OLED,SN-T-001418,SN-T-999999,Mismatch,2025-03-29,2025-05-08,2025-05-13,45,18,495,Active,Power Supply Failure,Internal power board failure.,False,False,False,No previous repairs,0,N/A,False,0,N/A,True,True,True,True,None,0,True,False,False,False,True,True,False,False,False,True,Manual Review
CLM-1375,PRD-01375,Television,ViewOptics,TV-55OLED,SN-T-001375,SN-T-001375,Matched,2025-02-17,2025-03-29,2025-04-03,45,18,495,Active,Power Supply Failure,Internal power board failure.,False,False,False,Unauthorized repair attempt reported,1,2025-03-24,False,0,N/A,False,True,True,True,None,0,True,True,False,False,True,True,True,False,False,True,Manual Review
CLM-1431,PRD-01431,Television,CineDisplay,TV-43U,SN-T-001431,SN-T-001431,Matched,2025-01-06,2025-02-15,2025-02-20,45,18,495,Active,Display Panel Defect,Internal panel line defect.,False,False,False,No previous repairs,0,N/A,False,0,N/A,True,True,True,True,None,0,True,True,True,False,True,True,False,False,False,True,Manual Review
CLM-0923,PRD-00923,Laptop,OmniLap,LP-900,SN-L-000923,SN-L-999999,Mismatch,2025-03-24,2025-05-03,2025-05-08,45,24,675,Active,Keyboard Failure,Multiple keys non-functional.,False,False,False,No previous repairs,0,N/A,False,0,N/A,True,True,True,True,None,0,True,False,False,False,True,False,False,False,False,True,Manual Review
CLM-0392,PRD-00392,Smartphone,MobileX,SP-X,SN-S-000392,SN-S-999999,Mismatch,2025-04-24,2025-06-03,2025-06-08,45,12,315,Active,Manufacturing Defect,Internal motherboard defect causing bootloop.,False,False,False,No previous repairs,0,N/A,False,0,N/A,True,True,True,True,None,0,True,False,False,False,True,False,False,False,False,True,Manual Review
CLM-0460,PRD-00460,Smartphone,MobileX,SP-X,SN-S-000460,SN-S-000460,Matched,2025-02-04,2025-03-16,2025-03-21,45,12,315,Active,Battery Manufacturing Defect,Battery swelling or sudden degradation.,False,False,False,No previous repairs,0,N/A,False,0,N/A,True,True,True,True,None,0,True,True,True,False,True,True,False,False,False,True,Manual Review
CLM-1419,PRD-01419,Television,ViewOptics,TV-55OLED,SN-T-001419,SN-T-999999,Mismatch,2025-04-17,2025-05-27,2025-06-01,45,18,495,Active,Power Supply Failure,Internal power board failure.,False,False,False,No previous repairs,0,N/A,False,0,N/A,True,True,True,True,None,0,True,False,False,False,True,True,False,False,False,True,Manual Review
CLM-0344,PRD-00344,Smartphone,MobileX,SP-100,SN-S-000344,SN-S-000344,Matched,2025-01-24,2025-03-05,2025-03-10,45,12,315,Active,Charging Port Failure,Charging connector failure under normal usage.,False,False,False,Unauthorized repair attempt reported,1,2025-02-28,False,0,N/A,False,True,True,True,None,0,True,True,False,False,True,True,True,False,False,True,Manual Review
CLM-0494,PRD-00494,Smartphone,TechCorp,SP-200,SN-S-000494,SN-S-999999,Mismatch,2025-01-09,2025-02-18,2025-02-23,45,12,315,Active,Battery Manufacturing Defect,Battery swelling or sudden degradation.,False,False,False,No previous repairs,0,N/A,False,0,N/A,True,True,True,True,None,0,True,False,False,False,True,False,False,False,False,True,Manual Review
CLM-1363,PRD-01363,Television,VisionMax,TV-43U,SN-T-001363,SN-T-001363,Matched,2025-05-08,2025-06-17,2025-06-22,45,18,495,Active,Main Board Defect,Smart hub system failure.,False,False,False,No previous repairs,0,N/A,False,0,N/A,True,True,True,True,Warranty Card|Diagnostic Report,2,False,True,False,False,True,False,False,False,False,True,Manual Review
CLM-0900,PRD-00900,Laptop,OmniLap,LP-500,SN-L-000900,SN-L-999999,Mismatch,2025-01-16,2025-02-25,2025-03-02,45,24,675,Active,Display Failure,Backlight failure without screen crack.,False,False,False,No previous repairs,0,N/A,False,0,N/A,True,True,True,True,None,0,True,False,False,False,True,True,False,False,False,True,Manual Review
CLM-0341,PRD-00341,Smartphone,TechCorp,SP-100,SN-S-000341,SN-S-000341,Matched,2025-01-25,2025-03-06,2025-03-11,45,12,315,Active,Manufacturing Defect,Internal motherboard defect causing bootloop.,False,False,False,No previous repairs,0,N/A,False,0,N/A,True,True,True,True,None,0,True,True,True,False,True,False,False,False,False,True,Manual Review
CLM-0398,PRD-00398,Smartphone,MobileX,SP-100,SN-S-000398,SN-S-000398,Matched,2025-02-04,2025-03-16,2025-03-21,45,12,315,Active,Charging Port Failure,Charging connector failure under normal usage.,False,False,False,No previous repairs,0,N/A,False,0,N/A,True,True,True,True,None,0,True,True,True,False,True,False,False,False,False,True,Manual Review
CLM-0903,PRD-00903,Laptop,UltraTech,LP-500,SN-L-000903,SN-L-000903,Matched,2025-05-05,2025-06-14,2025-06-19,45,24,675,Active,Factory SSD Failure,Primary storage failure.,False,False,False,No previous repairs,0,N/A,False,0,N/A,True,True,True,True,None,0,True,True,True,False,True,False,False,False,False,True,Manual Review
CLM-1344,PRD-01344,Television,VisionMax,TV-65Q,SN-T-001344,SN-T-001344,Matched,2025-04-26,2025-06-05,2025-06-10,45,18,495,Active,Display Panel Defect,Internal panel line defect.,False,False,False,No previous repairs,0,N/A,False,0,N/A,True,True,True,True,None,0,True,True,True,False,True,False,False,False,False,True,Manual Review
CLM-1340,PRD-01340,Television,CineDisplay,TV-55OLED,SN-T-001340,SN-T-999999,Mismatch,2025-01-31,2025-03-12,2025-03-17,45,18,495,Active,Display Panel Defect,Internal panel line defect.,False,False,False,No previous repairs,0,N/A,False,0,N/A,True,True,True,True,None,0,True,False,False,False,True,True,False,False,False,True,Manual Review
CLM-1353,PRD-01353,Television,VisionMax,TV-55OLED,SN-T-001353,SN-T-001353,Matched,2025-01-12,2025-02-21,2025-02-26,45,18,495,Active,Display Panel Defect,Internal panel line defect.,False,False,False,Unauthorized repair attempt reported,1,2025-02-16,False,0,N/A,False,True,True,True,None,0,True,True,False,False,True,False,False,False,False,True,Manual Review
CLM-1497,PRD-01497,Television,ViewOptics,TV-55OLED,SN-T-001497,SN-T-001497,Matched,2025-04-15,2025-05-25,2025-05-30,45,18,495,Active,Power Supply Failure,Internal power board failure.,False,False,False,No previous repairs,0,N/A,False,0,N/A,True,True,True,True,Warranty Card|Diagnostic Report,2,False,True,False,False,True,False,False,False,False,True,Manual Review
CLM-0882,PRD-00882,Laptop,ProBook,LP-900,SN-L-000882,SN-L-000882,Matched,2025-03-03,2025-04-12,2025-04-17,45,24,675,Active,Display Failure,Backlight failure without screen crack.,False,False,False,No previous repairs,0,N/A,False,0,N/A,True,True,True,True,None,0,True,True,True,False,True,False,False,False,False,True,Manual Review
CLM-1000,PRD-01000,Laptop,ProBook,LP-500,SN-L-001000,SN-L-001000,Matched,2025-03-12,2025-04-21,2025-04-26,45,24,675,Active,Display Failure,Backlight failure without screen crack.,False,False,False,Unauthorized repair attempt reported,1,2025-04-16,False,0,N/A,False,True,True,True,None,0,True,True,False,False,True,True,True,False,False,True,Manual Review
CLM-0988,PRD-00988,Laptop,OmniLap,LP-500,SN-L-000988,SN-L-000988,Matched,2025-04-18,2025-05-28,2025-06-02,45,24,675,Active,Display Failure,Backlight failure without screen crack.,False,False,False,No previous repairs,0,N/A,False,0,N/A,True,True,True,True,None,0,True,True,True,False,True,False,False,False,False,True,Manual Review
CLM-1391,PRD-01391,Television,VisionMax,TV-43U,SN-T-001391,SN-T-999999,Mismatch,2025-02-18,2025-03-30,2025-04-04,45,18,495,Active,Display Panel Defect,Internal panel line defect.,False,False,False,No previous repairs,0,N/A,False,0,N/A,True,True,True,True,None,0,True,False,False,False,True,False,False,False,False,True,Manual Review
CLM-1367,PRD-01367,Television,VisionMax,TV-65Q,SN-T-001367,SN-T-999999,Mismatch,2025-04-26,2025-06-05,2025-06-10,45,18,495,Active,Power Supply Failure,Internal power board failure.,False,False,False,No previous repairs,0,N/A,False,0,N/A,True,True,True,True,None,0,True,False,False,False,True,True,False,False,False,True,Manual Review
CLM-1364,PRD-01364,Television,VisionMax,TV-55OLED,SN-T-001364,SN-T-001364,Matched,2025-02-01,2025-03-13,2025-03-18,45,18,495,Active,Power Supply Failure,Internal power board failure.,False,False,False,No previous repairs,0,N/A,False,0,N/A,True,True,True,True,None,0,True,True,True,False,True,True,False,False,False,True,Manual Review
CLM-0470,PRD-00470,Smartphone,MobileX,SP-200,SN-S-000470,SN-S-000470,Matched,2025-01-28,2025-03-09,2025-03-14,45,12,315,Active,Manufacturing Defect,Internal motherboard defect causing bootloop.,False,False,False,No previous repairs,0,N/A,False,0,N/A,True,True,True,True,Warranty Card|Diagnostic Report,2,False,True,False,False,True,False,False,False,False,True,Manual Review
CLM-0412,PRD-00412,Smartphone,TechCorp,SP-200,SN-S-000412,SN-S-000412,Matched,2025-02-06,2025-03-18,2025-03-23,45,12,315,Active,Charging Port Failure,Charging connector failure under normal usage.,False,False,False,No previous repairs,0,N/A,False,0,N/A,True,True,True,True,Warranty Card|Diagnostic Report,2,False,True,False,False,True,False,False,False,False,True,Manual Review
CLM-1393,PRD-01393,Television,ViewOptics,TV-55OLED,SN-T-001393,SN-T-001393,Matched,2025-02-07,2025-03-19,2025-03-24,45,18,495,Active,Power Supply Failure,Internal power board failure.,False,False,False,Unauthorized repair attempt reported,1,2025-03-14,False,0,N/A,False,True,True,True,None,0,True,True,False,False,True,True,True,False,False,True,Manual Review
CLM-0439,PRD-00439,Smartphone,TechCorp,SP-100,SN-S-000439,SN-S-000439,Matched,2025-05-26,2025-07-05,2025-07-10,45,12,315,Active,Charging Port Failure,Charging connector failure under normal usage.,False,False,False,No previous repairs,0,N/A,False,0,N/A,True,True,True,True,None,0,True,True,True,False,True,True,False,False,False,True,Manual Review
CLM-0405,PRD-00405,Smartphone,ApexPhone,SP-X,SN-S-000405,SN-S-000405,Matched,2025-01-13,2025-02-22,2025-02-27,45,12,315,Active,Screen Defect (Non-Impact),Touch failure or dead pixels with no physical drop.,False,False,False,No previous repairs,0,N/A,False,0,N/A,True,True,True,True,Warranty Card|Diagnostic Report,2,False,True,False,False,True,False,False,False,False,True,Manual Review
CLM-0976,PRD-00976,Laptop,OmniLap,LP-Pro,SN-L-000976,SN-L-000976,Matched,2025-05-27,2025-07-06,2025-07-11,45,24,675,Active,Motherboard Defect,Component failure on main board.,False,False,False,No previous repairs,0,N/A,False,0,N/A,True,True,True,True,Warranty Card|Diagnostic Report,2,False,True,False,False,True,False,False,False,False,True,Manual Review
CLM-0836,PRD-00836,Laptop,UltraTech,LP-900,SN-L-000836,SN-L-000836,Matched,2025-05-13,2025-06-22,2025-06-27,45,24,675,Active,Motherboard Defect,Component failure on main board.,False,False,False,No previous repairs,0,N/A,False,0,N/A,True,True,True,True,None,0,True,True,True,False,True,True,False,False,False,True,Manual Review
CLM-1403,PRD-01403,Television,VisionMax,TV-65Q,SN-T-001403,SN-T-001403,Matched,2025-02-26,2025-04-07,2025-04-12,45,18,495,Active,Main Board Defect,Smart hub system failure.,False,False,False,No previous repairs,0,N/A,False,0,N/A,True,True,True,True,None,0,True,True,True,False,True,False,False,False,False,True,Manual Review
CLM-0426,PRD-00426,Smartphone,MobileX,SP-100,SN-S-000426,SN-S-999999,Mismatch,2025-04-01,2025-05-11,2025-05-16,45,12,315,Active,Screen Defect (Non-Impact),Touch failure or dead pixels with no physical drop.,False,False,False,No previous repairs,0,N/A,False,0,N/A,True,True,True,True,None,0,True,False,False,False,True,False,False,False,False,True,Manual Review
CLM-0974,PRD-00974,Laptop,UltraTech,LP-Pro,SN-L-000974,SN-L-000974,Matched,2025-05-06,2025-06-15,2025-06-20,45,24,675,Active,Display Failure,Backlight failure without screen crack.,False,False,False,Unauthorized repair attempt reported,1,2025-06-10,False,0,N/A,False,True,True,True,None,0,True,True,False,False,True,True,True,False,False,True,Manual Review
CLM-0994,PRD-00994,Laptop,ProBook,LP-500,SN-L-000994,SN-L-000994,Matched,2025-02-07,2025-03-19,2025-03-24,45,24,675,Active,Motherboard Defect,Component failure on main board.,False,False,False,No previous repairs,0,N/A,False,0,N/A,True,True,True,True,None,0,True,True,True,False,True,True,False,False,False,True,Manual Review
CLM-1438,PRD-01438,Television,ViewOptics,TV-55OLED,SN-T-001438,SN-T-001438,Matched,2025-01-26,2025-03-07,2025-03-12,45,18,495,Active,Display Panel Defect,Internal panel line defect.,False,False,False,Unauthorized repair attempt reported,1,2025-03-02,False,0,N/A,False,True,True,True,None,0,True,True,False,False,True,False,False,False,False,True,Manual Review
CLM-0936,PRD-00936,Laptop,ProBook,LP-500,SN-L-000936,SN-L-000936,Matched,2025-04-11,2025-05-21,2025-05-26,45,24,675,Active,Factory SSD Failure,Primary storage failure.,False,False,False,No previous repairs,0,N/A,False,0,N/A,True,True,True,True,Warranty Card|Diagnostic Report,2,False,True,False,False,True,True,False,False,False,True,Manual Review
CLM-0346,PRD-00346,Smartphone,MobileX,SP-X,SN-S-000346,SN-S-000346,Matched,2025-05-01,2025-06-10,2025-06-15,45,12,315,Active,Battery Manufacturing Defect,Battery swelling or sudden degradation.,False,False,False,No previous repairs,0,N/A,False,0,N/A,True,True,True,True,Warranty Card|Diagnostic Report,2,False,True,False,False,True,True,False,False,False,True,Manual Review
CLM-0432,PRD-00432,Smartphone,ApexPhone,SP-200,SN-S-000432,SN-S-999999,Mismatch,2025-01-05,2025-02-14,2025-02-19,45,12,315,Active,Charging Port Failure,Charging connector failure under normal usage.,False,False,False,No previous repairs,0,N/A,False,0,N/A,True,True,True,True,None,0,True,False,False,False,True,True,False,False,False,True,Manual Review
CLM-1374,PRD-01374,Television,ViewOptics,TV-55OLED,SN-T-001374,SN-T-001374,Matched,2025-05-02,2025-06-11,2025-06-16,45,18,495,Active,Power Supply Failure,Internal power board failure.,False,False,False,Unauthorized repair attempt reported,1,2025-06-06,False,0,N/A,False,True,True,True,None,0,True,True,False,False,True,True,True,False,False,True,Manual Review
CLM-0384,PRD-00384,Smartphone,MobileX,SP-100,SN-S-000384,SN-S-000384,Matched,2025-04-25,2025-06-04,2025-06-09,45,12,315,Active,Battery Manufacturing Defect,Battery swelling or sudden degradation.,False,False,False,No previous repairs,0,N/A,False,0,N/A,True,True,True,True,None,0,True,True,True,False,True,False,False,False,False,True,Manual Review
CLM-1463,PRD-01463,Television,CineDisplay,TV-55OLED,SN-T-001463,SN-T-001463,Matched,2025-04-08,2025-05-18,2025-05-23,45,18,495,Active,Power Supply Failure,Internal power board failure.,False,False,False,No previous repairs,0,N/A,False,0,N/A,True,True,True,True,Warranty Card|Diagnostic Report,2,False,True,False,False,True,True,False,False,False,True,Manual Review
CLM-0387,PRD-00387,Smartphone,TechCorp,SP-200,SN-S-000387,SN-S-000387,Matched,2025-05-09,2025-06-18,2025-06-23,45,12,315,Active,Battery Manufacturing Defect,Battery swelling or sudden degradation.,False,False,False,No previous repairs,0,N/A,False,0,N/A,True,True,True,True,Warranty Card|Diagnostic Report,2,False,True,False,False,True,False,False,False,False,True,Manual Review
CLM-1485,PRD-01485,Television,CineDisplay,TV-65Q,SN-T-001485,SN-T-001485,Matched,2025-05-06,2025-06-15,2025-06-20,45,18,495,Active,Power Supply Failure,Internal power board failure.,False,False,False,No previous repairs,0,N/A,False,0,N/A,True,True,True,True,Warranty Card|Diagnostic Report,2,False,True,False,False,True,True,False,False,False,True,Manual Review
CLM-1420,PRD-01420,Television,CineDisplay,TV-55OLED,SN-T-001420,SN-T-001420,Matched,2025-02-28,2025-04-09,2025-04-14,45,18,495,Active,Display Panel Defect,Internal panel line defect.,False,False,False,Unauthorized repair attempt reported,1,2025-04-04,False,0,N/A,False,True,True,True,None,0,True,True,False,False,True,False,False,False,False,True,Manual Review
CLM-0455,PRD-00455,Smartphone,MobileX,SP-200,SN-S-000455,SN-S-999999,Mismatch,2025-03-10,2025-04-19,2025-04-24,45,12,315,Active,Charging Port Failure,Charging connector failure under normal usage.,False,False,False,No previous repairs,0,N/A,False,0,N/A,True,True,True,True,None,0,True,False,False,False,True,True,False,False,False,True,Manual Review
CLM-0400,PRD-00400,Smartphone,TechCorp,SP-100,SN-S-000400,SN-S-999999,Mismatch,2025-05-18,2025-06-27,2025-07-02,45,12,315,Active,Charging Port Failure,Charging connector failure under normal usage.,False,False,False,No previous repairs,0,N/A,False,0,N/A,True,True,True,True,None,0,True,False,False,False,True,True,False,False,False,True,Manual Review
CLM-0453,PRD-00453,Smartphone,TechCorp,SP-200,SN-S-000453,SN-S-000453,Matched,2025-04-16,2025-05-26,2025-05-31,45,12,315,Active,Charging Port Failure,Charging connector failure under normal usage.,False,False,False,No previous repairs,0,N/A,False,0,N/A,True,True,True,True,Warranty Card|Diagnostic Report,2,False,True,False,False,True,True,False,False,False,True,Manual Review
CLM-0910,PRD-00910,Laptop,UltraTech,LP-Pro,SN-L-000910,SN-L-000910,Matched,2025-03-24,2025-05-03,2025-05-08,45,24,675,Active,Motherboard Defect,Component failure on main board.,False,False,False,No previous repairs,0,N/A,False,0,N/A,True,True,True,True,Warranty Card|Diagnostic Report,2,False,True,False,False,True,True,False,False,False,True,Manual Review
CLM-0968,PRD-00968,Laptop,ProBook,LP-500,SN-L-000968,SN-L-000968,Matched,2025-02-17,2025-03-29,2025-04-03,45,24,675,Active,Motherboard Defect,Component failure on main board.,False,False,False,No previous repairs,0,N/A,False,0,N/A,True,True,True,True,None,0,True,True,True,False,True,True,False,False,False,True,Manual Review
CLM-1414,PRD-01414,Television,CineDisplay,TV-43U,SN-T-001414,SN-T-001414,Matched,2025-02-12,2025-03-24,2025-03-29,45,18,495,Active,Main Board Defect,Smart hub system failure.,False,False,False,No previous repairs,0,N/A,False,0,N/A,True,True,True,True,Warranty Card|Diagnostic Report,2,False,True,False,False,True,True,False,False,False,True,Manual Review
CLM-1378,PRD-01378,Television,ViewOptics,TV-43U,SN-T-001378,SN-T-999999,Mismatch,2025-05-03,2025-06-12,2025-06-17,45,18,495,Active,Power Supply Failure,Internal power board failure.,False,False,False,No previous repairs,0,N/A,False,0,N/A,True,True,True,True,None,0,True,False,False,False,True,True,False,False,False,True,Manual Review
CLM-0452,PRD-00452,Smartphone,TechCorp,SP-200,SN-S-000452,SN-S-000452,Matched,2025-05-22,2025-07-01,2025-07-06,45,12,315,Active,Manufacturing Defect,Internal motherboard defect causing bootloop.,False,False,False,No previous repairs,0,N/A,False,0,N/A,True,True,True,True,None,0,True,True,True,False,True,False,False,False,False,True,Manual Review
CLM-1440,PRD-01440,Television,VisionMax,TV-55OLED,SN-T-001440,SN-T-001440,Matched,2025-01-20,2025-03-01,2025-03-06,45,18,495,Active,Power Supply Failure,Internal power board failure.,False,False,False,Unauthorized repair attempt reported,1,2025-02-24,False,0,N/A,False,True,True,True,None,0,True,True,False,False,True,False,False,False,False,True,Manual Review
CLM-1349,PRD-01349,Television,ViewOptics,TV-65Q,SN-T-001349,SN-T-001349,Matched,2025-04-08,2025-05-18,2025-05-23,45,18,495,Active,Power Supply Failure,Internal power board failure.,False,False,False,Unauthorized repair attempt reported,1,2025-05-13,False,0,N/A,False,True,True,True,None,0,True,True,False,False,True,False,False,False,False,True,Manual Review
CLM-1362,PRD-01362,Television,CineDisplay,TV-43U,SN-T-001362,SN-T-999999,Mismatch,2025-05-15,2025-06-24,2025-06-29,45,18,495,Active,Main Board Defect,Smart hub system failure.,False,False,False,No previous repairs,0,N/A,False,0,N/A,True,True,True,True,None,0,True,False,False,False,True,False,False,False,False,True,Manual Review
CLM-1381,PRD-01381,Television,CineDisplay,TV-55OLED,SN-T-001381,SN-T-001381,Matched,2025-04-16,2025-05-26,2025-05-31,45,18,495,Active,Display Panel Defect,Internal panel line defect.,False,False,False,Unauthorized repair attempt reported,1,2025-05-21,False,0,N/A,False,True,True,True,None,0,True,True,False,False,True,False,False,False,False,True,Manual Review
CLM-0862,PRD-00862,Laptop,UltraTech,LP-Pro,SN-L-000862,SN-L-999999,Mismatch,2025-03-15,2025-04-24,2025-04-29,45,24,675,Active,Factory SSD Failure,Primary storage failure.,False,False,False,No previous repairs,0,N/A,False,0,N/A,True,True,True,True,None,0,True,False,False,False,True,True,False,False,False,True,Manual Review
CLM-0841,PRD-00841,Laptop,ProBook,LP-Pro,SN-L-000841,SN-L-000841,Matched,2025-04-02,2025-05-12,2025-05-17,45,24,675,Active,Keyboard Failure,Multiple keys non-functional.,False,False,False,No previous repairs,0,N/A,False,0,N/A,True,True,True,True,Warranty Card|Diagnostic Report,2,False,True,False,False,True,True,False,False,False,True,Manual Review
CLM-0483,PRD-00483,Smartphone,MobileX,SP-100,SN-S-000483,SN-S-000483,Matched,2025-04-28,2025-06-07,2025-06-12,45,12,315,Active,Manufacturing Defect,Internal motherboard defect causing bootloop.,False,False,False,No previous repairs,0,N/A,False,0,N/A,True,True,True,True,None,0,True,True,True,False,True,False,False,False,False,True,Manual Review
CLM-1417,PRD-01417,Television,VisionMax,TV-43U,SN-T-001417,SN-T-001417,Matched,2025-02-21,2025-04-02,2025-04-07,45,18,495,Active,Power Supply Failure,Internal power board failure.,False,False,False,Unauthorized repair attempt reported,1,2025-03-28,False,0,N/A,False,True,True,True,None,0,True,True,False,False,True,True,True,False,False,True,Manual Review
CLM-0966,PRD-00966,Laptop,ProBook,LP-900,SN-L-000966,SN-L-000966,Matched,2025-02-07,2025-03-19,2025-03-24,45,24,675,Active,Motherboard Defect,Component failure on main board.,False,False,False,No previous repairs,0,N/A,False,0,N/A,True,True,True,True,None,0,True,True,True,False,True,False,False,False,False,True,Manual Review
CLM-0497,PRD-00497,Smartphone,MobileX,SP-100,SN-S-000497,SN-S-000497,Matched,2025-03-05,2025-04-14,2025-04-19,45,12,315,Active,Battery Manufacturing Defect,Battery swelling or sudden degradation.,False,False,False,No previous repairs,0,N/A,False,0,N/A,True,True,True,True,Warranty Card|Diagnostic Report,2,False,True,False,False,True,False,False,False,False,True,Manual Review
CLM-0476,PRD-00476,Smartphone,MobileX,SP-X,SN-S-000476,SN-S-000476,Matched,2025-04-26,2025-06-05,2025-06-10,45,12,315,Active,Battery Manufacturing Defect,Battery swelling or sudden degradation.,False,False,False,No previous repairs,0,N/A,False,0,N/A,True,True,True,True,Warranty Card|Diagnostic Report,2,False,True,False,False,True,False,False,False,False,True,Manual Review
CLM-0335,PRD-00335,Smartphone,ApexPhone,SP-200,SN-S-000335,SN-S-000335,Matched,2025-01-08,2025-02-17,2025-02-22,45,12,315,Active,Charging Port Failure,Charging connector failure under normal usage.,False,False,False,No previous repairs,0,N/A,False,0,N/A,True,True,True,True,None,0,True,True,True,False,True,False,False,False,False,True,Manual Review
CLM-0407,PRD-00407,Smartphone,ApexPhone,SP-200,SN-S-000407,SN-S-000407,Matched,2025-03-01,2025-04-10,2025-04-15,45,12,315,Active,Battery Manufacturing Defect,Battery swelling or sudden degradation.,False,False,False,No previous repairs,0,N/A,False,0,N/A,True,True,True,True,None,0,True,True,True,False,True,True,False,False,False,True,Manual Review
CLM-1427,PRD-01427,Television,ViewOptics,TV-65Q,SN-T-001427,SN-T-001427,Matched,2025-02-22,2025-04-03,2025-04-08,45,18,495,Active,Main Board Defect,Smart hub system failure.,False,False,False,Unauthorized repair attempt reported,1,2025-03-29,False,0,N/A,False,True,True,True,None,0,True,True,False,False,True,False,False,False,False,True,Manual Review
CLM-0409,PRD-00409,Smartphone,MobileX,SP-100,SN-S-000409,SN-S-000409,Matched,2025-05-23,2025-07-02,2025-07-07,45,12,315,Active,Screen Defect (Non-Impact),Touch failure or dead pixels with no physical drop.,False,False,False,Unauthorized repair attempt reported,1,2025-06-27,False,0,N/A,False,True,True,True,None,0,True,True,False,False,True,False,False,False,False,True,Manual Review
CLM-0473,PRD-00473,Smartphone,MobileX,SP-100,SN-S-000473,SN-S-000473,Matched,2025-03-17,2025-04-26,2025-05-01,45,12,315,Active,Charging Port Failure,Charging connector failure under normal usage.,False,False,False,No previous repairs,0,N/A,False,0,N/A,True,True,True,True,Warranty Card|Diagnostic Report,2,False,True,False,False,True,True,False,False,False,True,Manual Review
CLM-0474,PRD-00474,Smartphone,ApexPhone,SP-100,SN-S-000474,SN-S-000474,Matched,2025-03-31,2025-05-10,2025-05-15,45,12,315,Active,Battery Manufacturing Defect,Battery swelling or sudden degradation.,False,False,False,No previous repairs,0,N/A,False,0,N/A,True,True,True,True,None,0,True,True,True,False,True,False,False,False,False,True,Manual Review
CLM-0420,PRD-00420,Smartphone,MobileX,SP-X,SN-S-000420,SN-S-000420,Matched,2025-04-02,2025-05-12,2025-05-17,45,12,315,Active,Battery Manufacturing Defect,Battery swelling or sudden degradation.,False,False,False,No previous repairs,0,N/A,False,0,N/A,True,True,True,True,None,0,True,True,True,False,True,False,False,False,False,True,Manual Review
CLM-1461,PRD-01461,Television,CineDisplay,TV-65Q,SN-T-001461,SN-T-001461,Matched,2025-03-24,2025-05-03,2025-05-08,45,18,495,Active,Power Supply Failure,Internal power board failure.,False,False,False,No previous repairs,0,N/A,False,0,N/A,True,True,True,True,Warranty Card|Diagnostic Report,2,False,True,False,False,True,False,False,False,False,True,Manual Review
CLM-1342,PRD-01342,Television,VisionMax,TV-65Q,SN-T-001342,SN-T-999999,Mismatch,2025-02-25,2025-04-06,2025-04-11,45,18,495,Active,Power Supply Failure,Internal power board failure.,False,False,False,No previous repairs,0,N/A,False,0,N/A,True,True,True,True,None,0,True,False,False,False,True,False,False,False,False,True,Manual Review
CLM-1460,PRD-01460,Television,ViewOptics,TV-43U,SN-T-001460,SN-T-001460,Matched,2025-03-04,2025-04-13,2025-04-18,45,18,495,Active,Main Board Defect,Smart hub system failure.,False,False,False,Unauthorized repair attempt reported,1,2025-04-08,False,0,N/A,False,True,True,True,None,0,True,True,False,False,True,True,True,False,False,True,Manual Review
CLM-0939,PRD-00939,Laptop,ProBook,LP-900,SN-L-000939,SN-L-999999,Mismatch,2025-05-09,2025-06-18,2025-06-23,45,24,675,Active,Factory SSD Failure,Primary storage failure.,False,False,False,No previous repairs,0,N/A,False,0,N/A,True,True,True,True,None,0,True,False,False,False,True,True,False,False,False,True,Manual Review
CLM-1382,PRD-01382,Television,ViewOptics,TV-55OLED,SN-T-001382,SN-T-001382,Matched,2025-05-30,2025-07-09,2025-07-14,45,18,495,Active,Display Panel Defect,Internal panel line defect.,False,False,False,No previous repairs,0,N/A,False,0,N/A,True,True,True,True,Warranty Card|Diagnostic Report,2,False,True,False,False,True,True,False,False,False,True,Manual Review
CLM-0904,PRD-00904,Laptop,ProBook,LP-Pro,SN-L-000904,SN-L-000904,Matched,2025-02-17,2025-03-29,2025-04-03,45,24,675,Active,Display Failure,Backlight failure without screen crack.,False,False,False,No previous repairs,0,N/A,False,0,N/A,True,True,True,True,None,0,True,True,True,False,True,False,False,False,False,True,Manual Review
CLM-0892,PRD-00892,Laptop,UltraTech,LP-900,SN-L-000892,SN-L-999999,Mismatch,2025-03-05,2025-04-14,2025-04-19,45,24,675,Active,Motherboard Defect,Component failure on main board.,False,False,False,No previous repairs,0,N/A,False,0,N/A,True,True,True,True,None,0,True,False,False,False,True,False,False,False,False,True,Manual Review
CLM-0907,PRD-00907,Laptop,OmniLap,LP-Pro,SN-L-000907,SN-L-000907,Matched,2025-04-08,2025-05-18,2025-05-23,45,24,675,Active,Keyboard Failure,Multiple keys non-functional.,False,False,False,No previous repairs,0,N/A,False,0,N/A,True,True,True,True,Warranty Card|Diagnostic Report,2,False,True,False,False,True,False,False,False,False,True,Manual Review
CLM-0969,PRD-00969,Laptop,OmniLap,LP-500,SN-L-000969,SN-L-000969,Matched,2025-03-01,2025-04-10,2025-04-15,45,24,675,Active,Motherboard Defect,Component failure on main board.,False,False,False,No previous repairs,0,N/A,False,0,N/A,True,True,True,True,None,0,True,True,True,False,True,True,False,False,False,True,Manual Review
CLM-0933,PRD-00933,Laptop,UltraTech,LP-900,SN-L-000933,SN-L-999999,Mismatch,2025-04-17,2025-05-27,2025-06-01,45,24,675,Active,Motherboard Defect,Component failure on main board.,False,False,False,No previous repairs,0,N/A,False,0,N/A,True,True,True,True,None,0,True,False,False,False,True,True,False,False,False,True,Manual Review
CLM-0394,PRD-00394,Smartphone,ApexPhone,SP-200,SN-S-000394,SN-S-000394,Matched,2025-04-27,2025-06-06,2025-06-11,45,12,315,Active,Manufacturing Defect,Internal motherboard defect causing bootloop.,False,False,False,Unauthorized repair attempt reported,1,2025-06-01,False,0,N/A,False,True,True,True,None,0,True,True,False,False,True,False,False,False,False,True,Manual Review
CLM-0469,PRD-00469,Smartphone,ApexPhone,SP-X,SN-S-000469,SN-S-000469,Matched,2025-04-01,2025-05-11,2025-05-16,45,12,315,Active,Screen Defect (Non-Impact),Touch failure or dead pixels with no physical drop.,False,False,False,No previous repairs,0,N/A,False,0,N/A,True,True,True,True,Warranty Card|Diagnostic Report,2,False,True,False,False,True,False,False,False,False,True,Manual Review
CLM-1448,PRD-01448,Television,VisionMax,TV-43U,SN-T-001448,SN-T-001448,Matched,2025-02-06,2025-03-18,2025-03-23,45,18,495,Active,Main Board Defect,Smart hub system failure.,False,False,False,Unauthorized repair attempt reported,1,2025-03-13,False,0,N/A,False,True,True,True,None,0,True,True,False,False,True,True,True,False,False,True,Manual Review
CLM-1351,PRD-01351,Television,VisionMax,TV-65Q,SN-T-001351,SN-T-001351,Matched,2025-05-07,2025-06-16,2025-06-21,45,18,495,Active,Power Supply Failure,Internal power board failure.,False,False,False,Unauthorized repair attempt reported,1,2025-06-11,False,0,N/A,False,True,True,True,None,0,True,True,False,False,True,True,True,False,False,True,Manual Review
CLM-0851,PRD-00851,Laptop,OmniLap,LP-900,SN-L-000851,SN-L-000851,Matched,2025-04-04,2025-05-14,2025-05-19,45,24,675,Active,Factory SSD Failure,Primary storage failure.,False,False,False,No previous repairs,0,N/A,False,0,N/A,True,True,True,True,None,0,True,True,True,False,True,False,False,False,False,True,Manual Review
CLM-0359,PRD-00359,Smartphone,TechCorp,SP-200,SN-S-000359,SN-S-999999,Mismatch,2025-03-22,2025-05-01,2025-05-06,45,12,315,Active,Charging Port Failure,Charging connector failure under normal usage.,False,False,False,No previous repairs,0,N/A,False,0,N/A,True,True,True,True,None,0,True,False,False,False,True,False,False,False,False,True,Manual Review
CLM-0948,PRD-00948,Laptop,UltraTech,LP-Pro,SN-L-000948,SN-L-000948,Matched,2025-01-29,2025-03-10,2025-03-15,45,24,675,Active,Display Failure,Backlight failure without screen crack.,False,False,False,Unauthorized repair attempt reported,1,2025-03-05,False,0,N/A,False,True,True,True,None,0,True,True,False,False,True,False,False,False,False,True,Manual Review
CLM-0943,PRD-00943,Laptop,UltraTech,LP-900,SN-L-000943,SN-L-000943,Matched,2025-03-31,2025-05-10,2025-05-15,45,24,675,Active,Keyboard Failure,Multiple keys non-functional.,False,False,False,No previous repairs,0,N/A,False,0,N/A,True,True,True,True,None,0,True,True,True,False,True,False,False,False,False,True,Manual Review
CLM-0913,PRD-00913,Laptop,OmniLap,LP-Pro,SN-L-000913,SN-L-000913,Matched,2025-03-07,2025-04-16,2025-04-21,45,24,675,Active,Motherboard Defect,Component failure on main board.,False,False,False,No previous repairs,0,N/A,False,0,N/A,True,True,True,True,None,0,True,True,True,False,True,True,False,False,False,True,Manual Review
CLM-0414,PRD-00414,Smartphone,MobileX,SP-100,SN-S-000414,SN-S-000414,Matched,2025-03-26,2025-05-05,2025-05-10,45,12,315,Active,Manufacturing Defect,Internal motherboard defect causing bootloop.,False,False,False,Unauthorized repair attempt reported,1,2025-04-30,False,0,N/A,False,True,True,True,None,0,True,True,False,False,True,False,False,False,False,True,Manual Review
CLM-0940,PRD-00940,Laptop,UltraTech,LP-Pro,SN-L-000940,SN-L-000940,Matched,2025-02-20,2025-04-01,2025-04-06,45,24,675,Active,Factory SSD Failure,Primary storage failure.,False,False,False,Unauthorized repair attempt reported,1,2025-03-27,False,0,N/A,False,True,True,True,None,0,True,True,False,False,True,True,True,False,False,True,Manual Review
CLM-0423,PRD-00423,Smartphone,ApexPhone,SP-100,SN-S-000423,SN-S-000423,Matched,2025-01-05,2025-02-14,2025-02-19,45,12,315,Active,Battery Manufacturing Defect,Battery swelling or sudden degradation.,False,False,False,Unauthorized repair attempt reported,1,2025-02-09,False,0,N/A,False,True,True,True,None,0,True,True,False,False,True,False,False,False,False,True,Manual Review
CLM-1358,PRD-01358,Television,VisionMax,TV-65Q,SN-T-001358,SN-T-001358,Matched,2025-04-30,2025-06-09,2025-06-14,45,18,495,Active,Power Supply Failure,Internal power board failure.,False,False,False,No previous repairs,0,N/A,False,0,N/A,True,True,True,True,Warranty Card|Diagnostic Report,2,False,True,False,False,True,False,False,False,False,True,Manual Review
CLM-0980,PRD-00980,Laptop,UltraTech,LP-Pro,SN-L-000980,SN-L-000980,Matched,2025-01-14,2025-02-23,2025-02-28,45,24,675,Active,Keyboard Failure,Multiple keys non-functional.,False,False,False,Unauthorized repair attempt reported,1,2025-02-18,False,0,N/A,False,True,True,True,None,0,True,True,False,False,True,False,False,False,False,True,Manual Review
CLM-0857,PRD-00857,Laptop,OmniLap,LP-500,SN-L-000857,SN-L-000857,Matched,2025-01-16,2025-02-25,2025-03-02,45,24,675,Active,Keyboard Failure,Multiple keys non-functional.,False,False,False,No previous repairs,0,N/A,False,0,N/A,True,True,True,True,None,0,True,True,True,False,True,False,False,False,False,True,Manual Review
CLM-1436,PRD-01436,Television,ViewOptics,TV-55OLED,SN-T-001436,SN-T-999999,Mismatch,2025-05-27,2025-07-06,2025-07-11,45,18,495,Active,Main Board Defect,Smart hub system failure.,False,False,False,No previous repairs,0,N/A,False,0,N/A,True,True,True,True,None,0,True,False,False,False,True,False,False,False,False,True,Manual Review
CLM-1369,PRD-01369,Television,CineDisplay,TV-65Q,SN-T-001369,SN-T-001369,Matched,2025-04-08,2025-05-18,2025-05-23,45,18,495,Active,Display Panel Defect,Internal panel line defect.,False,False,False,Unauthorized repair attempt reported,1,2025-05-13,False,0,N/A,False,True,True,True,None,0,True,True,False,False,True,False,False,False,False,True,Manual Review
CLM-0932,PRD-00932,Laptop,OmniLap,LP-Pro,SN-L-000932,SN-L-000932,Matched,2025-04-08,2025-05-18,2025-05-23,45,24,675,Active,Motherboard Defect,Component failure on main board.,False,False,False,No previous repairs,0,N/A,False,0,N/A,True,True,True,True,Warranty Card|Diagnostic Report,2,False,True,False,False,True,False,False,False,False,True,Manual Review
CLM-1376,PRD-01376,Television,VisionMax,TV-65Q,SN-T-001376,SN-T-999999,Mismatch,2025-03-29,2025-05-08,2025-05-13,45,18,495,Active,Power Supply Failure,Internal power board failure.,False,False,False,No previous repairs,0,N/A,False,0,N/A,True,True,True,True,None,0,True,False,False,False,True,True,False,False,False,True,Manual Review
CLM-1435,PRD-01435,Television,ViewOptics,TV-43U,SN-T-001435,SN-T-999999,Mismatch,2025-05-29,2025-07-08,2025-07-13,45,18,495,Active,Main Board Defect,Smart hub system failure.,False,False,False,No previous repairs,0,N/A,False,0,N/A,True,True,True,True,None,0,True,False,False,False,True,False,False,False,False,True,Manual Review
CLM-0422,PRD-00422,Smartphone,TechCorp,SP-200,SN-S-000422,SN-S-000422,Matched,2025-03-22,2025-05-01,2025-05-06,45,12,315,Active,Charging Port Failure,Charging connector failure under normal usage.,False,False,False,No previous repairs,0,N/A,False,0,N/A,True,True,True,True,Warranty Card|Diagnostic Report,2,False,True,False,False,True,True,False,False,False,True,Manual Review
CLM-0383,PRD-00383,Smartphone,TechCorp,SP-200,SN-S-000383,SN-S-000383,Matched,2025-03-24,2025-05-03,2025-05-08,45,12,315,Active,Screen Defect (Non-Impact),Touch failure or dead pixels with no physical drop.,False,False,False,No previous repairs,0,N/A,False,0,N/A,True,True,True,True,Warranty Card|Diagnostic Report,2,False,True,False,False,True,False,False,False,False,True,Manual Review
CLM-0364,PRD-00364,Smartphone,TechCorp,SP-200,SN-S-000364,SN-S-000364,Matched,2025-03-15,2025-04-24,2025-04-29,45,12,315,Active,Screen Defect (Non-Impact),Touch failure or dead pixels with no physical drop.,False,False,False,Unauthorized repair attempt reported,1,2025-04-19,False,0,N/A,False,True,True,True,None,0,True,True,False,False,True,False,False,False,False,True,Manual Review
CLM-0352,PRD-00352,Smartphone,TechCorp,SP-100,SN-S-000352,SN-S-000352,Matched,2025-03-27,2025-05-06,2025-05-11,45,12,315,Active,Charging Port Failure,Charging connector failure under normal usage.,False,False,False,Unauthorized repair attempt reported,1,2025-05-01,False,0,N/A,False,True,True,True,None,0,True,True,False,False,True,True,True,False,False,True,Manual Review
CLM-0925,PRD-00925,Laptop,UltraTech,LP-500,SN-L-000925,SN-L-000925,Matched,2025-01-09,2025-02-18,2025-02-23,45,24,675,Active,Display Failure,Backlight failure without screen crack.,False,False,False,No previous repairs,0,N/A,False,0,N/A,True,True,True,True,Warranty Card|Diagnostic Report,2,False,True,False,False,True,True,False,False,False,True,Manual Review
CLM-1345,PRD-01345,Television,VisionMax,TV-43U,SN-T-001345,SN-T-001345,Matched,2025-05-01,2025-06-10,2025-06-15,45,18,495,Active,Display Panel Defect,Internal panel line defect.,False,False,False,No previous repairs,0,N/A,False,0,N/A,True,True,True,True,None,0,True,True,True,False,True,False,False,False,False,True,Manual Review
